location_id,age_group_id,cause_id,measure_id,metric_id,sex_id,year_id,acause,age_group_name,cause_name,expected,location_name,location_type,measure,measure_name,metric_name,sex,val,upper,lower,is_estimate
1,27,477,2,3,3,2023,neo_brain,Age-standardized,Brain and central nervous system cancer,FALSE,Global,global,daly,DALYs (Disability-Adjusted Life Years),Rate,Both,0.00108013026202695,0.00129920321645647,0.000946552258789557,0
4,27,477,2,3,3,2023,neo_brain,Age-standardized,Brain and central nervous system cancer,FALSE,"Southeast Asia, East Asia, and Oceania",superregion,daly,DALYs (Disability-Adjusted Life Years),Rate,Both,0.00106918672145986,0.00142980201106582,0.000866228709732488,0
5,27,477,2,3,3,2023,neo_brain,Age-standardized,Brain and central nervous system cancer,FALSE,East Asia,region,daly,DALYs (Disability-Adjusted Life Years),Rate,Both,0.00119160122016984,0.00161483380025707,0.0009802604488446,0
6,27,477,2,3,3,2023,neo_brain,Age-standardized,Brain and central nervous system cancer,FALSE,China,admin0,daly,DALYs (Disability-Adjusted Life Years),Rate,Both,0.00119655238788872,0.00162926848012589,0.000982762611543803,0
7,27,477,2,3,3,2023,neo_brain,Age-standardized,Brain and central nervous system cancer,FALSE,Democratic People's Republic of Korea,admin0,daly,DALYs (Disability-Adjusted Life Years),Rate,Both,0.00115201167300723,0.00158570107133118,0.000813391020756335,1
8,27,477,2,3,3,2023,neo_brain,Age-standardized,Brain and central nervous system cancer,FALSE,Taiwan,admin0,daly,DALYs (Disability-Adjusted Life Years),Rate,Both,0.000876597800728773,0.00095523855713252,0.000793594844549244,1
9,27,477,2,3,3,2023,neo_brain,Age-standardized,Brain and central nervous system cancer,FALSE,Southeast Asia,region,daly,DALYs (Disability-Adjusted Life Years),Rate,Both,0.00083151339416697,0.00113247299614904,0.000634832331612065,0
10,27,477,2,3,3,2023,neo_brain,Age-standardized,Brain and central nervous system cancer,FALSE,Cambodia,admin0,daly,DALYs (Disability-Adjusted Life Years),Rate,Both,0.00078285463677854,0.00104608527546926,0.000567176089068377,1
11,27,477,2,3,3,2023,neo_brain,Age-standardized,Brain and central nervous system cancer,FALSE,Indonesia,admin0,daly,DALYs (Disability-Adjusted Life Years),Rate,Both,0.000879857332921044,0.00119534891131729,0.000629713126746105,0
12,27,477,2,3,3,2023,neo_brain,Age-standardized,Brain and central nervous system cancer,FALSE,Lao People's Democratic Republic,admin0,daly,DALYs (Disability-Adjusted Life Years),Rate,Both,0.000790222331502321,0.00103517428272678,0.000552555602332672,1
13,27,477,2,3,3,2023,neo_brain,Age-standardized,Brain and central nervous system cancer,FALSE,Malaysia,admin0,daly,DALYs (Disability-Adjusted Life Years),Rate,Both,0.000417940857978209,0.000545080092867758,0.000296337010742415,1
14,27,477,2,3,3,2023,neo_brain,Age-standardized,Brain and central nervous system cancer,FALSE,Maldives,admin0,daly,DALYs (Disability-Adjusted Life Years),Rate,Both,0.000510795469917053,0.000724113208301967,0.00039836848917536,1
15,27,477,2,3,3,2023,neo_brain,Age-standardized,Brain and central nervous system cancer,FALSE,Myanmar,admin0,daly,DALYs (Disability-Adjusted Life Years),Rate,Both,0.000842649638079291,0.00111774717034987,0.000622301617333624,1
16,27,477,2,3,3,2023,neo_brain,Age-standardized,Brain and central nervous system cancer,FALSE,Philippines,admin0,daly,DALYs (Disability-Adjusted Life Years),Rate,Both,0.000760090659845646,0.00101121824198457,0.000585993636135727,0
17,27,477,2,3,3,2023,neo_brain,Age-standardized,Brain and central nervous system cancer,FALSE,Sri Lanka,admin0,daly,DALYs (Disability-Adjusted Life Years),Rate,Both,0.000894078719950809,0.00109960777813841,0.000629472382922472,1
18,27,477,2,3,3,2023,neo_brain,Age-standardized,Brain and central nervous system cancer,FALSE,Thailand,admin0,daly,DALYs (Disability-Adjusted Life Years),Rate,Both,0.00117407130837771,0.00191973115950274,0.000905185196739869,1
19,27,477,2,3,3,2023,neo_brain,Age-standardized,Brain and central nervous system cancer,FALSE,Timor-Leste,admin0,daly,DALYs (Disability-Adjusted Life Years),Rate,Both,0.000843992842449844,0.00115284960852874,0.000602089403080981,1
20,27,477,2,3,3,2023,neo_brain,Age-standardized,Brain and central nervous system cancer,FALSE,Viet Nam,admin0,daly,DALYs (Disability-Adjusted Life Years),Rate,Both,0.000632149785159538,0.000840714363065501,0.000475225218955413,1
21,27,477,2,3,3,2023,neo_brain,Age-standardized,Brain and central nervous system cancer,FALSE,Oceania,region,daly,DALYs (Disability-Adjusted Life Years),Rate,Both,0.000315318201400036,0.000436961905510179,0.000195403911522045,0
22,27,477,2,3,3,2023,neo_brain,Age-standardized,Brain and central nervous system cancer,FALSE,Fiji,admin0,daly,DALYs (Disability-Adjusted Life Years),Rate,Both,0.000428656992153094,0.00058135550682594,0.000303356678872523,1
23,27,477,2,3,3,2023,neo_brain,Age-standardized,Brain and central nervous system cancer,FALSE,Kiribati,admin0,daly,DALYs (Disability-Adjusted Life Years),Rate,Both,0.000215756819574846,0.000334212970180202,8.07978898825491e-05,1
24,27,477,2,3,3,2023,neo_brain,Age-standardized,Brain and central nervous system cancer,FALSE,Marshall Islands,admin0,daly,DALYs (Disability-Adjusted Life Years),Rate,Both,0.000348936134420268,0.000467091647186014,0.00022609398821593,1
25,27,477,2,3,3,2023,neo_brain,Age-standardized,Brain and central nervous system cancer,FALSE,Micronesia (Federated States of),admin0,daly,DALYs (Disability-Adjusted Life Years),Rate,Both,0.00045452738629751,0.00064296691542021,0.000334300443209472,1
26,27,477,2,3,3,2023,neo_brain,Age-standardized,Brain and central nervous system cancer,FALSE,Papua New Guinea,admin0,daly,DALYs (Disability-Adjusted Life Years),Rate,Both,0.000308569749628885,0.000440956255124633,0.000182403072982246,1
27,27,477,2,3,3,2023,neo_brain,Age-standardized,Brain and central nervous system cancer,FALSE,Samoa,admin0,daly,DALYs (Disability-Adjusted Life Years),Rate,Both,0.000461573397403721,0.000670207346571315,0.000319366089961751,1
28,27,477,2,3,3,2023,neo_brain,Age-standardized,Brain and central nervous system cancer,FALSE,Solomon Islands,admin0,daly,DALYs (Disability-Adjusted Life Years),Rate,Both,0.000260863684182457,0.000366340226006114,0.000162731575780275,1
29,27,477,2,3,3,2023,neo_brain,Age-standardized,Brain and central nervous system cancer,FALSE,Tonga,admin0,daly,DALYs (Disability-Adjusted Life Years),Rate,Both,0.000424729086545255,0.000627798193335503,0.000283538627771318,1
30,27,477,2,3,3,2023,neo_brain,Age-standardized,Brain and central nervous system cancer,FALSE,Vanuatu,admin0,daly,DALYs (Disability-Adjusted Life Years),Rate,Both,0.000239254473433353,0.000339740788714646,0.000147692130931637,1
31,27,477,2,3,3,2023,neo_brain,Age-standardized,Brain and central nervous system cancer,FALSE,"Central Europe, Eastern Europe, and Central Asia",superregion,daly,DALYs (Disability-Adjusted Life Years),Rate,Both,0.00168165266782738,0.0018235395749578,0.00157348245439564,0
32,27,477,2,3,3,2023,neo_brain,Age-standardized,Brain and central nervous system cancer,FALSE,Central Asia,region,daly,DALYs (Disability-Adjusted Life Years),Rate,Both,0.00177154937060575,0.00199903602951693,0.00159501587243778,0
33,27,477,2,3,3,2023,neo_brain,Age-standardized,Brain and central nervous system cancer,FALSE,Armenia,admin0,daly,DALYs (Disability-Adjusted Life Years),Rate,Both,0.00189281889698873,0.00216785991577721,0.00168666010890827,1
34,27,477,2,3,3,2023,neo_brain,Age-standardized,Brain and central nervous system cancer,FALSE,Azerbaijan,admin0,daly,DALYs (Disability-Adjusted Life Years),Rate,Both,0.00211638912455884,0.00279459611956898,0.00158174355144753,1
35,27,477,2,3,3,2023,neo_brain,Age-standardized,Brain and central nervous system cancer,FALSE,Georgia,admin0,daly,DALYs (Disability-Adjusted Life Years),Rate,Both,0.0023029202422644,0.00263937826733987,0.00201937701408527,1
36,27,477,2,3,3,2023,neo_brain,Age-standardized,Brain and central nervous system cancer,FALSE,Kazakhstan,admin0,daly,DALYs (Disability-Adjusted Life Years),Rate,Both,0.000965411424019159,0.00108839254189603,0.00086500408801265,1
37,27,477,2,3,3,2023,neo_brain,Age-standardized,Brain and central nervous system cancer,FALSE,Kyrgyzstan,admin0,daly,DALYs (Disability-Adjusted Life Years),Rate,Both,0.000856704215081393,0.000984385274719118,0.000750871229803884,1
38,27,477,2,3,3,2023,neo_brain,Age-standardized,Brain and central nervous system cancer,FALSE,Mongolia,admin0,daly,DALYs (Disability-Adjusted Life Years),Rate,Both,0.00111492802670939,0.00145047521134901,0.000803058838303384,1
39,27,477,2,3,3,2023,neo_brain,Age-standardized,Brain and central nervous system cancer,FALSE,Tajikistan,admin0,daly,DALYs (Disability-Adjusted Life Years),Rate,Both,0.00230791914301785,0.00320582128330677,0.00175666137046774,1
40,27,477,2,3,3,2023,neo_brain,Age-standardized,Brain and central nervous system cancer,FALSE,Turkmenistan,admin0,daly,DALYs (Disability-Adjusted Life Years),Rate,Both,0.00219545287581565,0.00255650394563062,0.00189402090400683,1
41,27,477,2,3,3,2023,neo_brain,Age-standardized,Brain and central nervous system cancer,FALSE,Uzbekistan,admin0,daly,DALYs (Disability-Adjusted Life Years),Rate,Both,0.00205801655042927,0.00233664273535893,0.00182863093174201,1
42,27,477,2,3,3,2023,neo_brain,Age-standardized,Brain and central nervous system cancer,FALSE,Central Europe,region,daly,DALYs (Disability-Adjusted Life Years),Rate,Both,0.00171932377130667,0.00183029590596447,0.00160604038566825,0
43,27,477,2,3,3,2023,neo_brain,Age-standardized,Brain and central nervous system cancer,FALSE,Albania,admin0,daly,DALYs (Disability-Adjusted Life Years),Rate,Both,0.00194765867933775,0.00263767372277986,0.00155187295832133,1
44,27,477,2,3,3,2023,neo_brain,Age-standardized,Brain and central nervous system cancer,FALSE,Bosnia and Herzegovina,admin0,daly,DALYs (Disability-Adjusted Life Years),Rate,Both,0.00220376874162757,0.00280328407151321,0.00171575798254286,1
45,27,477,2,3,3,2023,neo_brain,Age-standardized,Brain and central nervous system cancer,FALSE,Bulgaria,admin0,daly,DALYs (Disability-Adjusted Life Years),Rate,Both,0.00199208760556846,0.00217115563615724,0.00183838941671749,1
46,27,477,2,3,3,2023,neo_brain,Age-standardized,Brain and central nervous system cancer,FALSE,Croatia,admin0,daly,DALYs (Disability-Adjusted Life Years),Rate,Both,0.00183217810845091,0.00201303451213231,0.00166337669323825,1
47,27,477,2,3,3,2023,neo_brain,Age-standardized,Brain and central nervous system cancer,FALSE,Czechia,admin0,daly,DALYs (Disability-Adjusted Life Years),Rate,Both,0.00141603630829106,0.00151978831056429,0.00130908082051702,1
48,27,477,2,3,3,2023,neo_brain,Age-standardized,Brain and central nervous system cancer,FALSE,Hungary,admin0,daly,DALYs (Disability-Adjusted Life Years),Rate,Both,0.00134136659428625,0.00143621447752144,0.00124089262593685,1
49,27,477,2,3,3,2023,neo_brain,Age-standardized,Brain and central nervous system cancer,FALSE,North Macedonia,admin0,daly,DALYs (Disability-Adjusted Life Years),Rate,Both,0.00244518493639672,0.00313054879507679,0.0019754453837945,1
50,27,477,2,3,3,2023,neo_brain,Age-standardized,Brain and central nervous system cancer,FALSE,Montenegro,admin0,daly,DALYs (Disability-Adjusted Life Years),Rate,Both,0.00266547809526642,0.00357581973011391,0.00209050428666413,1
51,27,477,2,3,3,2023,neo_brain,Age-standardized,Brain and central nervous system cancer,FALSE,Poland,admin0,daly,DALYs (Disability-Adjusted Life Years),Rate,Both,0.00169136366448931,0.00179289182164633,0.00158087315635456,0
52,27,477,2,3,3,2023,neo_brain,Age-standardized,Brain and central nervous system cancer,FALSE,Romania,admin0,daly,DALYs (Disability-Adjusted Life Years),Rate,Both,0.00176813447735467,0.00192906359151913,0.00160280806397791,1
53,27,477,2,3,3,2023,neo_brain,Age-standardized,Brain and central nervous system cancer,FALSE,Serbia,admin0,daly,DALYs (Disability-Adjusted Life Years),Rate,Both,0.00193828093536112,0.00254890032808647,0.00148843514588308,1
54,27,477,2,3,3,2023,neo_brain,Age-standardized,Brain and central nervous system cancer,FALSE,Slovakia,admin0,daly,DALYs (Disability-Adjusted Life Years),Rate,Both,0.00166938816491911,0.00208034522621078,0.00124684260349651,1
55,27,477,2,3,3,2023,neo_brain,Age-standardized,Brain and central nervous system cancer,FALSE,Slovenia,admin0,daly,DALYs (Disability-Adjusted Life Years),Rate,Both,0.00128329536406749,0.00145203234372401,0.00114820313047902,1
56,27,477,2,3,3,2023,neo_brain,Age-standardized,Brain and central nervous system cancer,FALSE,Eastern Europe,region,daly,DALYs (Disability-Adjusted Life Years),Rate,Both,0.00149349997634382,0.00163019848182659,0.00136375129834559,0
57,27,477,2,3,3,2023,neo_brain,Age-standardized,Brain and central nervous system cancer,FALSE,Belarus,admin0,daly,DALYs (Disability-Adjusted Life Years),Rate,Both,0.00138980128851561,0.00159510778413456,0.00121151269197808,1
58,27,477,2,3,3,2023,neo_brain,Age-standardized,Brain and central nervous system cancer,FALSE,Estonia,admin0,daly,DALYs (Disability-Adjusted Life Years),Rate,Both,0.00175455258392908,0.0020002804373258,0.00156287844863848,1
59,27,477,2,3,3,2023,neo_brain,Age-standardized,Brain and central nervous system cancer,FALSE,Latvia,admin0,daly,DALYs (Disability-Adjusted Life Years),Rate,Both,0.00202795957541337,0.00228422591924078,0.00180395095858602,1
60,27,477,2,3,3,2023,neo_brain,Age-standardized,Brain and central nervous system cancer,FALSE,Lithuania,admin0,daly,DALYs (Disability-Adjusted Life Years),Rate,Both,0.00212744236136459,0.00230643431780419,0.00196698277550816,1
61,27,477,2,3,3,2023,neo_brain,Age-standardized,Brain and central nervous system cancer,FALSE,Republic of Moldova,admin0,daly,DALYs (Disability-Adjusted Life Years),Rate,Both,0.0014991064423117,0.00172713405923766,0.00131286636721132,1
62,27,477,2,3,3,2023,neo_brain,Age-standardized,Brain and central nervous system cancer,FALSE,Russian Federation,admin0,daly,DALYs (Disability-Adjusted Life Years),Rate,Both,0.00147351368632875,0.00162387270174414,0.00132736501010205,0
63,27,477,2,3,3,2023,neo_brain,Age-standardized,Brain and central nervous system cancer,FALSE,Ukraine,admin0,daly,DALYs (Disability-Adjusted Life Years),Rate,Both,0.00155228483777978,0.00169118872882092,0.00142249862513575,0
64,27,477,2,3,3,2023,neo_brain,Age-standardized,Brain and central nervous system cancer,FALSE,High-income,superregion,daly,DALYs (Disability-Adjusted Life Years),Rate,Both,0.00133725700095317,0.00141598747681661,0.00125432997833007,0
65,27,477,2,3,3,2023,neo_brain,Age-standardized,Brain and central nervous system cancer,FALSE,High-income Asia Pacific,region,daly,DALYs (Disability-Adjusted Life Years),Rate,Both,0.000714693172861987,0.00081297014219693,0.000632877001209025,0
66,27,477,2,3,3,2023,neo_brain,Age-standardized,Brain and central nervous system cancer,FALSE,Brunei Darussalam,admin0,daly,DALYs (Disability-Adjusted Life Years),Rate,Both,0.00121704607418641,0.00159509921815364,0.00092230651098335,1
67,27,477,2,3,3,2023,neo_brain,Age-standardized,Brain and central nervous system cancer,FALSE,Japan,admin0,daly,DALYs (Disability-Adjusted Life Years),Rate,Both,0.000668589216509289,0.000757340591117311,0.000587924244511571,0
68,27,477,2,3,3,2023,neo_brain,Age-standardized,Brain and central nervous system cancer,FALSE,Republic of Korea,admin0,daly,DALYs (Disability-Adjusted Life Years),Rate,Both,0.000824145390486088,0.00107634320863146,0.00066812418085928,1
69,27,477,2,3,3,2023,neo_brain,Age-standardized,Brain and central nervous system cancer,FALSE,Singapore,admin0,daly,DALYs (Disability-Adjusted Life Years),Rate,Both,0.000770000205313831,0.000870948889054491,0.000673113303245496,1
70,27,477,2,3,3,2023,neo_brain,Age-standardized,Brain and central nervous system cancer,FALSE,Australasia,region,daly,DALYs (Disability-Adjusted Life Years),Rate,Both,0.00138332754845146,0.00147777382990212,0.00128670653045331,0
71,27,477,2,3,3,2023,neo_brain,Age-standardized,Brain and central nervous system cancer,FALSE,Australia,admin0,daly,DALYs (Disability-Adjusted Life Years),Rate,Both,0.00137316766777875,0.00145587745229186,0.00128230263083465,1
72,27,477,2,3,3,2023,neo_brain,Age-standardized,Brain and central nervous system cancer,FALSE,New Zealand,admin0,daly,DALYs (Disability-Adjusted Life Years),Rate,Both,0.00143548034394632,0.00158437604680286,0.00129770402439437,0
73,27,477,2,3,3,2023,neo_brain,Age-standardized,Brain and central nervous system cancer,FALSE,Western Europe,region,daly,DALYs (Disability-Adjusted Life Years),Rate,Both,0.00161630954067786,0.00171795172826253,0.00150454107827724,0
74,27,477,2,3,3,2023,neo_brain,Age-standardized,Brain and central nervous system cancer,FALSE,Andorra,admin0,daly,DALYs (Disability-Adjusted Life Years),Rate,Both,0.00200639289208969,0.00263527730046048,0.0015054787755597,1
75,27,477,2,3,3,2023,neo_brain,Age-standardized,Brain and central nervous system cancer,FALSE,Austria,admin0,daly,DALYs (Disability-Adjusted Life Years),Rate,Both,0.00140351628953151,0.00153427952113719,0.00128514924200286,1
76,27,477,2,3,3,2023,neo_brain,Age-standardized,Brain and central nervous system cancer,FALSE,Belgium,admin0,daly,DALYs (Disability-Adjusted Life Years),Rate,Both,0.00162171573506064,0.00176576251578162,0.00146891659153552,1
77,27,477,2,3,3,2023,neo_brain,Age-standardized,Brain and central nervous system cancer,FALSE,Cyprus,admin0,daly,DALYs (Disability-Adjusted Life Years),Rate,Both,0.001365870774891,0.00179270797235795,0.00103528180749523,1
78,27,477,2,3,3,2023,neo_brain,Age-standardized,Brain and central nervous system cancer,FALSE,Denmark,admin0,daly,DALYs (Disability-Adjusted Life Years),Rate,Both,0.00139152212720215,0.00152865940829791,0.0012742548093394,1
79,27,477,2,3,3,2023,neo_brain,Age-standardized,Brain and central nervous system cancer,FALSE,Finland,admin0,daly,DALYs (Disability-Adjusted Life Years),Rate,Both,0.00138317356987824,0.0015204229138524,0.00124702159638426,1
80,27,477,2,3,3,2023,neo_brain,Age-standardized,Brain and central nervous system cancer,FALSE,France,admin0,daly,DALYs (Disability-Adjusted Life Years),Rate,Both,0.00154695355362865,0.00169023114886364,0.0013972074046763,1
81,27,477,2,3,3,2023,neo_brain,Age-standardized,Brain and central nervous system cancer,FALSE,Germany,admin0,daly,DALYs (Disability-Adjusted Life Years),Rate,Both,0.00214980093494033,0.00230126205535238,0.00200177740008882,1
82,27,477,2,3,3,2023,neo_brain,Age-standardized,Brain and central nervous system cancer,FALSE,Greece,admin0,daly,DALYs (Disability-Adjusted Life Years),Rate,Both,0.00229714406074732,0.00248762963029217,0.00210997394566458,1
83,27,477,2,3,3,2023,neo_brain,Age-standardized,Brain and central nervous system cancer,FALSE,Iceland,admin0,daly,DALYs (Disability-Adjusted Life Years),Rate,Both,0.0021088254057362,0.00239019479975423,0.00186430531208524,1
84,27,477,2,3,3,2023,neo_brain,Age-standardized,Brain and central nervous system cancer,FALSE,Ireland,admin0,daly,DALYs (Disability-Adjusted Life Years),Rate,Both,0.0015126976725598,0.00166324499258286,0.00135500415955792,1
85,27,477,2,3,3,2023,neo_brain,Age-standardized,Brain and central nervous system cancer,FALSE,Israel,admin0,daly,DALYs (Disability-Adjusted Life Years),Rate,Both,0.00155933706099013,0.00171774168145316,0.00139566429695412,1
86,27,477,2,3,3,2023,neo_brain,Age-standardized,Brain and central nervous system cancer,FALSE,Italy,admin0,daly,DALYs (Disability-Adjusted Life Years),Rate,Both,0.0013733921652782,0.00152992550948811,0.00124192572400865,0
87,27,477,2,3,3,2023,neo_brain,Age-standardized,Brain and central nervous system cancer,FALSE,Luxembourg,admin0,daly,DALYs (Disability-Adjusted Life Years),Rate,Both,0.00133871865258258,0.00149063097061987,0.00119421729793072,1
88,27,477,2,3,3,2023,neo_brain,Age-standardized,Brain and central nervous system cancer,FALSE,Malta,admin0,daly,DALYs (Disability-Adjusted Life Years),Rate,Both,0.00133273922990924,0.0014903229811658,0.0011727707454846,1
89,27,477,2,3,3,2023,neo_brain,Age-standardized,Brain and central nervous system cancer,FALSE,Netherlands,admin0,daly,DALYs (Disability-Adjusted Life Years),Rate,Both,0.00134328440476318,0.00142458368192693,0.00124422467392101,1
90,27,477,2,3,3,2023,neo_brain,Age-standardized,Brain and central nervous system cancer,FALSE,Norway,admin0,daly,DALYs (Disability-Adjusted Life Years),Rate,Both,0.00166321630037042,0.00188443564200766,0.00145226768927899,0
91,27,477,2,3,3,2023,neo_brain,Age-standardized,Brain and central nervous system cancer,FALSE,Portugal,admin0,daly,DALYs (Disability-Adjusted Life Years),Rate,Both,0.00176885536696662,0.00194349392220322,0.00159964306556066,1
92,27,477,2,3,3,2023,neo_brain,Age-standardized,Brain and central nervous system cancer,FALSE,Spain,admin0,daly,DALYs (Disability-Adjusted Life Years),Rate,Both,0.00145671733054393,0.00156566581994923,0.00134591299046123,1
93,27,477,2,3,3,2023,neo_brain,Age-standardized,Brain and central nervous system cancer,FALSE,Sweden,admin0,daly,DALYs (Disability-Adjusted Life Years),Rate,Both,0.00146556941395739,0.00157318277539544,0.00135878706959805,1
94,27,477,2,3,3,2023,neo_brain,Age-standardized,Brain and central nervous system cancer,FALSE,Switzerland,admin0,daly,DALYs (Disability-Adjusted Life Years),Rate,Both,0.0012426763760952,0.00135866171076917,0.00112608666788017,1
95,27,477,2,3,3,2023,neo_brain,Age-standardized,Brain and central nervous system cancer,FALSE,United Kingdom,admin0,daly,DALYs (Disability-Adjusted Life Years),Rate,Both,0.00149265536411392,0.00159689805749862,0.00137812134840367,0
96,27,477,2,3,3,2023,neo_brain,Age-standardized,Brain and central nervous system cancer,FALSE,Southern Latin America,region,daly,DALYs (Disability-Adjusted Life Years),Rate,Both,0.00116439539364385,0.00125490861988363,0.0010821200189423,0
97,27,477,2,3,3,2023,neo_brain,Age-standardized,Brain and central nervous system cancer,FALSE,Argentina,admin0,daly,DALYs (Disability-Adjusted Life Years),Rate,Both,0.00121909020413846,0.00130997938916167,0.00112750411269492,1
98,27,477,2,3,3,2023,neo_brain,Age-standardized,Brain and central nervous system cancer,FALSE,Chile,admin0,daly,DALYs (Disability-Adjusted Life Years),Rate,Both,0.000947241657580902,0.00104510100928208,0.000863467988765009,1
99,27,477,2,3,3,2023,neo_brain,Age-standardized,Brain and central nervous system cancer,FALSE,Uruguay,admin0,daly,DALYs (Disability-Adjusted Life Years),Rate,Both,0.00161264671530448,0.00183761357806567,0.00143492553035545,1
100,27,477,2,3,3,2023,neo_brain,Age-standardized,Brain and central nervous system cancer,FALSE,High-income North America,region,daly,DALYs (Disability-Adjusted Life Years),Rate,Both,0.00136090456411454,0.00145949889651997,0.00126428877409698,0
101,27,477,2,3,3,2023,neo_brain,Age-standardized,Brain and central nervous system cancer,FALSE,Canada,admin0,daly,DALYs (Disability-Adjusted Life Years),Rate,Both,0.00156908596100075,0.00165414113183642,0.00148766399384211,1
102,27,477,2,3,3,2023,neo_brain,Age-standardized,Brain and central nervous system cancer,FALSE,United States of America,admin0,daly,DALYs (Disability-Adjusted Life Years),Rate,Both,0.00133736257348632,0.00143852099815446,0.00123520673208168,0
103,27,477,2,3,3,2023,neo_brain,Age-standardized,Brain and central nervous system cancer,FALSE,Latin America and Caribbean,superregion,daly,DALYs (Disability-Adjusted Life Years),Rate,Both,0.00136038166553558,0.001431969411216,0.00127167470266592,0
104,27,477,2,3,3,2023,neo_brain,Age-standardized,Brain and central nervous system cancer,FALSE,Caribbean,region,daly,DALYs (Disability-Adjusted Life Years),Rate,Both,0.00132352934696979,0.00156248800999458,0.0011432212079072,0
105,27,477,2,3,3,2023,neo_brain,Age-standardized,Brain and central nervous system cancer,FALSE,Antigua and Barbuda,admin0,daly,DALYs (Disability-Adjusted Life Years),Rate,Both,0.000748409326489057,0.000872332353365462,0.00065670241376421,1
106,27,477,2,3,3,2023,neo_brain,Age-standardized,Brain and central nervous system cancer,FALSE,Bahamas,admin0,daly,DALYs (Disability-Adjusted Life Years),Rate,Both,0.00115297553342186,0.00133565414253564,0.00101350443077269,1
107,27,477,2,3,3,2023,neo_brain,Age-standardized,Brain and central nervous system cancer,FALSE,Barbados,admin0,daly,DALYs (Disability-Adjusted Life Years),Rate,Both,0.00114128252773651,0.00131308504029754,0.00102538660407963,1
108,27,477,2,3,3,2023,neo_brain,Age-standardized,Brain and central nervous system cancer,FALSE,Belize,admin0,daly,DALYs (Disability-Adjusted Life Years),Rate,Both,0.000868928254643141,0.00100212695634789,0.000751497282035325,1
109,27,477,2,3,3,2023,neo_brain,Age-standardized,Brain and central nervous system cancer,FALSE,Cuba,admin0,daly,DALYs (Disability-Adjusted Life Years),Rate,Both,0.00168943735214225,0.0018711646523742,0.00151886461106881,1
110,27,477,2,3,3,2023,neo_brain,Age-standardized,Brain and central nervous system cancer,FALSE,Dominica,admin0,daly,DALYs (Disability-Adjusted Life Years),Rate,Both,0.000711319794565474,0.000911957875738653,0.000527409315540091,1
111,27,477,2,3,3,2023,neo_brain,Age-standardized,Brain and central nervous system cancer,FALSE,Dominican Republic,admin0,daly,DALYs (Disability-Adjusted Life Years),Rate,Both,0.00114033520677008,0.00148874199630357,0.000794556572504916,1
112,27,477,2,3,3,2023,neo_brain,Age-standardized,Brain and central nervous system cancer,FALSE,Grenada,admin0,daly,DALYs (Disability-Adjusted Life Years),Rate,Both,0.00077889693088908,0.000892392954995349,0.000678159929132868,1
113,27,477,2,3,3,2023,neo_brain,Age-standardized,Brain and central nervous system cancer,FALSE,Guyana,admin0,daly,DALYs (Disability-Adjusted Life Years),Rate,Both,0.000493982866983841,0.00057271710858632,0.000429378540262826,1
114,27,477,2,3,3,2023,neo_brain,Age-standardized,Brain and central nervous system cancer,FALSE,Haiti,admin0,daly,DALYs (Disability-Adjusted Life Years),Rate,Both,0.00118708169965878,0.00165331597127998,0.000847528347120746,1
115,27,477,2,3,3,2023,neo_brain,Age-standardized,Brain and central nervous system cancer,FALSE,Jamaica,admin0,daly,DALYs (Disability-Adjusted Life Years),Rate,Both,0.000788324385736779,0.000909261599837732,0.00067887557322129,1
116,27,477,2,3,3,2023,neo_brain,Age-standardized,Brain and central nervous system cancer,FALSE,Saint Lucia,admin0,daly,DALYs (Disability-Adjusted Life Years),Rate,Both,0.000756221038151547,0.000878602273504966,0.000664110497255271,1
117,27,477,2,3,3,2023,neo_brain,Age-standardized,Brain and central nervous system cancer,FALSE,Saint Vincent and the Grenadines,admin0,daly,DALYs (Disability-Adjusted Life Years),Rate,Both,0.000784172397480941,0.000912124882203588,0.000681278635930855,1
118,27,477,2,3,3,2023,neo_brain,Age-standardized,Brain and central nervous system cancer,FALSE,Suriname,admin0,daly,DALYs (Disability-Adjusted Life Years),Rate,Both,0.00182293205314647,0.00237812537905624,0.00133182550729116,1
119,27,477,2,3,3,2023,neo_brain,Age-standardized,Brain and central nervous system cancer,FALSE,Trinidad and Tobago,admin0,daly,DALYs (Disability-Adjusted Life Years),Rate,Both,0.000776286430156995,0.000901883621911207,0.000673269000572893,1
120,27,477,2,3,3,2023,neo_brain,Age-standardized,Brain and central nervous system cancer,FALSE,Andean Latin America,region,daly,DALYs (Disability-Adjusted Life Years),Rate,Both,0.00173085496886958,0.00208095686661489,0.00139780376264861,0
121,27,477,2,3,3,2023,neo_brain,Age-standardized,Brain and central nervous system cancer,FALSE,Bolivia (Plurinational State of),admin0,daly,DALYs (Disability-Adjusted Life Years),Rate,Both,0.00143921569246658,0.00191462131151099,0.000924493077533,1
122,27,477,2,3,3,2023,neo_brain,Age-standardized,Brain and central nervous system cancer,FALSE,Ecuador,admin0,daly,DALYs (Disability-Adjusted Life Years),Rate,Both,0.00123063360448056,0.00137559061854008,0.00110379472178739,1
123,27,477,2,3,3,2023,neo_brain,Age-standardized,Brain and central nervous system cancer,FALSE,Peru,admin0,daly,DALYs (Disability-Adjusted Life Years),Rate,Both,0.00207839449600221,0.00265802710754595,0.00164452906132747,1
124,27,477,2,3,3,2023,neo_brain,Age-standardized,Brain and central nervous system cancer,FALSE,Central Latin America,region,daly,DALYs (Disability-Adjusted Life Years),Rate,Both,0.000937472296037035,0.00100761622738459,0.000872587881529363,0
125,27,477,2,3,3,2023,neo_brain,Age-standardized,Brain and central nervous system cancer,FALSE,Colombia,admin0,daly,DALYs (Disability-Adjusted Life Years),Rate,Both,0.00118998265950749,0.0012543628063513,0.00113358555955968,1
126,27,477,2,3,3,2023,neo_brain,Age-standardized,Brain and central nervous system cancer,FALSE,Costa Rica,admin0,daly,DALYs (Disability-Adjusted Life Years),Rate,Both,0.000914679750451967,0.00104430874905523,0.000816623353935876,1
127,27,477,2,3,3,2023,neo_brain,Age-standardized,Brain and central nervous system cancer,FALSE,El Salvador,admin0,daly,DALYs (Disability-Adjusted Life Years),Rate,Both,0.00134834950662928,0.00171061540292386,0.000884916749429285,1
128,27,477,2,3,3,2023,neo_brain,Age-standardized,Brain and central nervous system cancer,FALSE,Guatemala,admin0,daly,DALYs (Disability-Adjusted Life Years),Rate,Both,0.000776416340671216,0.000905186679985233,0.000679181940693784,1
129,27,477,2,3,3,2023,neo_brain,Age-standardized,Brain and central nervous system cancer,FALSE,Honduras,admin0,daly,DALYs (Disability-Adjusted Life Years),Rate,Both,0.000668270180723587,0.000887586499819512,0.000493831538917838,1
130,27,477,2,3,3,2023,neo_brain,Age-standardized,Brain and central nervous system cancer,FALSE,Mexico,admin0,daly,DALYs (Disability-Adjusted Life Years),Rate,Both,0.000909728676022849,0.00102939119678213,0.000805925696053308,0
131,27,477,2,3,3,2023,neo_brain,Age-standardized,Brain and central nervous system cancer,FALSE,Nicaragua,admin0,daly,DALYs (Disability-Adjusted Life Years),Rate,Both,0.000879395453673213,0.0011403426645741,0.000641429456701293,1
132,27,477,2,3,3,2023,neo_brain,Age-standardized,Brain and central nervous system cancer,FALSE,Panama,admin0,daly,DALYs (Disability-Adjusted Life Years),Rate,Both,0.000829061620850485,0.000940229830900792,0.000726386652180047,1
133,27,477,2,3,3,2023,neo_brain,Age-standardized,Brain and central nervous system cancer,FALSE,Venezuela (Bolivarian Republic of),admin0,daly,DALYs (Disability-Adjusted Life Years),Rate,Both,0.000754293901041572,0.000868207983275879,0.000659969276979108,1
134,27,477,2,3,3,2023,neo_brain,Age-standardized,Brain and central nervous system cancer,FALSE,Tropical Latin America,region,daly,DALYs (Disability-Adjusted Life Years),Rate,Both,0.00171528601850407,0.00187186829580568,0.00157327702215777,0
135,27,477,2,3,3,2023,neo_brain,Age-standardized,Brain and central nervous system cancer,FALSE,Brazil,admin0,daly,DALYs (Disability-Adjusted Life Years),Rate,Both,0.00173557976326277,0.00189384180250969,0.00158638822661289,0
136,27,477,2,3,3,2023,neo_brain,Age-standardized,Brain and central nervous system cancer,FALSE,Paraguay,admin0,daly,DALYs (Disability-Adjusted Life Years),Rate,Both,0.000994910451742444,0.00121600245012316,0.000599694294095348,1
137,27,477,2,3,3,2023,neo_brain,Age-standardized,Brain and central nervous system cancer,FALSE,North Africa and Middle East,superregion,daly,DALYs (Disability-Adjusted Life Years),Rate,Both,0.00173088524565117,0.00221750689407184,0.00135448881881115,0
138,27,477,2,3,3,2023,neo_brain,Age-standardized,Brain and central nervous system cancer,FALSE,North Africa and Middle East,region,daly,DALYs (Disability-Adjusted Life Years),Rate,Both,0.00173088524565117,0.00221750689407184,0.00135448881881115,0
139,27,477,2,3,3,2023,neo_brain,Age-standardized,Brain and central nervous system cancer,FALSE,Algeria,admin0,daly,DALYs (Disability-Adjusted Life Years),Rate,Both,0.000957486575202853,0.0013127535396333,0.000686078588231991,1
140,27,477,2,3,3,2023,neo_brain,Age-standardized,Brain and central nervous system cancer,FALSE,Bahrain,admin0,daly,DALYs (Disability-Adjusted Life Years),Rate,Both,0.000731052977835762,0.000952421471532213,0.000546498801830901,1
141,27,477,2,3,3,2023,neo_brain,Age-standardized,Brain and central nervous system cancer,FALSE,Egypt,admin0,daly,DALYs (Disability-Adjusted Life Years),Rate,Both,0.00167342655159781,0.00217794764057405,0.00112828089085615,1
142,27,477,2,3,3,2023,neo_brain,Age-standardized,Brain and central nervous system cancer,FALSE,Iran (Islamic Republic of),admin0,daly,DALYs (Disability-Adjusted Life Years),Rate,Both,0.00199492825129534,0.00259842278008586,0.0014977483944252,0
143,27,477,2,3,3,2023,neo_brain,Age-standardized,Brain and central nervous system cancer,FALSE,Iraq,admin0,daly,DALYs (Disability-Adjusted Life Years),Rate,Both,0.00359404640867336,0.00485903303423133,0.00276677864498459,1
144,27,477,2,3,3,2023,neo_brain,Age-standardized,Brain and central nervous system cancer,FALSE,Jordan,admin0,daly,DALYs (Disability-Adjusted Life Years),Rate,Both,0.00095195088299148,0.00126746481964467,0.000715495070706642,1
145,27,477,2,3,3,2023,neo_brain,Age-standardized,Brain and central nervous system cancer,FALSE,Kuwait,admin0,daly,DALYs (Disability-Adjusted Life Years),Rate,Both,0.000518684566332065,0.00058793835831834,0.000458836722815638,1
146,27,477,2,3,3,2023,neo_brain,Age-standardized,Brain and central nervous system cancer,FALSE,Lebanon,admin0,daly,DALYs (Disability-Adjusted Life Years),Rate,Both,0.00172098964365363,0.00225379419736215,0.00134435744169,1
147,27,477,2,3,3,2023,neo_brain,Age-standardized,Brain and central nervous system cancer,FALSE,Libya,admin0,daly,DALYs (Disability-Adjusted Life Years),Rate,Both,0.00138273185612733,0.00187173668022433,0.000953356782297824,1
148,27,477,2,3,3,2023,neo_brain,Age-standardized,Brain and central nervous system cancer,FALSE,Morocco,admin0,daly,DALYs (Disability-Adjusted Life Years),Rate,Both,0.000476448948388102,0.000652373612817486,0.00034636304665353,1
149,27,477,2,3,3,2023,neo_brain,Age-standardized,Brain and central nervous system cancer,FALSE,Palestine,admin0,daly,DALYs (Disability-Adjusted Life Years),Rate,Both,0.00198669054174828,0.00264272149393712,0.00154958603380031,1
150,27,477,2,3,3,2023,neo_brain,Age-standardized,Brain and central nervous system cancer,FALSE,Oman,admin0,daly,DALYs (Disability-Adjusted Life Years),Rate,Both,0.000806843441815378,0.00107381241518156,0.000573206501587142,1
151,27,477,2,3,3,2023,neo_brain,Age-standardized,Brain and central nervous system cancer,FALSE,Qatar,admin0,daly,DALYs (Disability-Adjusted Life Years),Rate,Both,0.000497459164758747,0.000660125516395474,0.000374763983376088,1
152,27,477,2,3,3,2023,neo_brain,Age-standardized,Brain and central nervous system cancer,FALSE,Saudi Arabia,admin0,daly,DALYs (Disability-Adjusted Life Years),Rate,Both,0.00163050908185089,0.0024251460252267,0.00121573536739409,1
153,27,477,2,3,3,2023,neo_brain,Age-standardized,Brain and central nervous system cancer,FALSE,Syrian Arab Republic,admin0,daly,DALYs (Disability-Adjusted Life Years),Rate,Both,0.00187944060362435,0.00245327025472252,0.0013565826590418,1
154,27,477,2,3,3,2023,neo_brain,Age-standardized,Brain and central nervous system cancer,FALSE,Tunisia,admin0,daly,DALYs (Disability-Adjusted Life Years),Rate,Both,0.00202328984843595,0.00270033464731229,0.00157069324722597,1
155,27,477,2,3,3,2023,neo_brain,Age-standardized,Brain and central nervous system cancer,FALSE,Türkiye,admin0,daly,DALYs (Disability-Adjusted Life Years),Rate,Both,0.00211137235199552,0.00292807307396763,0.00169720924405922,1
156,27,477,2,3,3,2023,neo_brain,Age-standardized,Brain and central nervous system cancer,FALSE,United Arab Emirates,admin0,daly,DALYs (Disability-Adjusted Life Years),Rate,Both,0.000430750117870863,0.00057646028377803,0.000315276202087434,1
157,27,477,2,3,3,2023,neo_brain,Age-standardized,Brain and central nervous system cancer,FALSE,Yemen,admin0,daly,DALYs (Disability-Adjusted Life Years),Rate,Both,0.00134977217438577,0.0018994425795976,0.000837807264762293,1
158,27,477,2,3,3,2023,neo_brain,Age-standardized,Brain and central nervous system cancer,FALSE,South Asia,superregion,daly,DALYs (Disability-Adjusted Life Years),Rate,Both,0.000650282783893664,0.000884452169521982,0.000504601973083958,0
159,27,477,2,3,3,2023,neo_brain,Age-standardized,Brain and central nervous system cancer,FALSE,South Asia,region,daly,DALYs (Disability-Adjusted Life Years),Rate,Both,0.000650282783893664,0.000884452169521982,0.000504601973083958,0
160,27,477,2,3,3,2023,neo_brain,Age-standardized,Brain and central nervous system cancer,FALSE,Afghanistan,admin0,daly,DALYs (Disability-Adjusted Life Years),Rate,Both,0.00167554929184099,0.00250482265565127,0.00101444963606369,1
161,27,477,2,3,3,2023,neo_brain,Age-standardized,Brain and central nervous system cancer,FALSE,Bangladesh,admin0,daly,DALYs (Disability-Adjusted Life Years),Rate,Both,0.000725347646790623,0.000987560521264133,0.000538776990823124,1
162,27,477,2,3,3,2023,neo_brain,Age-standardized,Brain and central nervous system cancer,FALSE,Bhutan,admin0,daly,DALYs (Disability-Adjusted Life Years),Rate,Both,0.00073575761981534,0.000996675650753317,0.000533817449467046,1
163,27,477,2,3,3,2023,neo_brain,Age-standardized,Brain and central nervous system cancer,FALSE,India,admin0,daly,DALYs (Disability-Adjusted Life Years),Rate,Both,0.000624094248492825,0.000848078584612294,0.00048804059216261,0
164,27,477,2,3,3,2023,neo_brain,Age-standardized,Brain and central nervous system cancer,FALSE,Nepal,admin0,daly,DALYs (Disability-Adjusted Life Years),Rate,Both,0.000559679265774031,0.000772266247194075,0.000413704475983821,1
165,27,477,2,3,3,2023,neo_brain,Age-standardized,Brain and central nervous system cancer,FALSE,Pakistan,admin0,daly,DALYs (Disability-Adjusted Life Years),Rate,Both,0.000690440859069766,0.000986725202021799,0.000508446239951867,0
166,27,477,2,3,3,2023,neo_brain,Age-standardized,Brain and central nervous system cancer,FALSE,Sub-Saharan Africa,superregion,daly,DALYs (Disability-Adjusted Life Years),Rate,Both,0.00050633749832587,0.000663067844996033,0.000370836865779549,0
167,27,477,2,3,3,2023,neo_brain,Age-standardized,Brain and central nervous system cancer,FALSE,Central Sub-Saharan Africa,region,daly,DALYs (Disability-Adjusted Life Years),Rate,Both,0.000408099827968463,0.000548567294902254,0.000275506894011233,0
168,27,477,2,3,3,2023,neo_brain,Age-standardized,Brain and central nervous system cancer,FALSE,Angola,admin0,daly,DALYs (Disability-Adjusted Life Years),Rate,Both,0.000445107878829322,0.00058954738574915,0.000312739629417649,1
169,27,477,2,3,3,2023,neo_brain,Age-standardized,Brain and central nervous system cancer,FALSE,Central African Republic,admin0,daly,DALYs (Disability-Adjusted Life Years),Rate,Both,0.000345348186351353,0.000487083465000391,0.000209183608523648,1
170,27,477,2,3,3,2023,neo_brain,Age-standardized,Brain and central nervous system cancer,FALSE,Congo,admin0,daly,DALYs (Disability-Adjusted Life Years),Rate,Both,0.0004188865320298,0.000593087027458465,0.000274021422495524,1
171,27,477,2,3,3,2023,neo_brain,Age-standardized,Brain and central nervous system cancer,FALSE,Democratic Republic of the Congo,admin0,daly,DALYs (Disability-Adjusted Life Years),Rate,Both,0.000395322349385466,0.000545924274039808,0.000259907601243795,1
172,27,477,2,3,3,2023,neo_brain,Age-standardized,Brain and central nervous system cancer,FALSE,Equatorial Guinea,admin0,daly,DALYs (Disability-Adjusted Life Years),Rate,Both,0.000453786219725406,0.000617442428209118,0.000273537618399857,1
173,27,477,2,3,3,2023,neo_brain,Age-standardized,Brain and central nervous system cancer,FALSE,Gabon,admin0,daly,DALYs (Disability-Adjusted Life Years),Rate,Both,0.000451910706494527,0.000583241066711438,0.000310408387537791,1
174,27,477,2,3,3,2023,neo_brain,Age-standardized,Brain and central nervous system cancer,FALSE,Eastern Sub-Saharan Africa,region,daly,DALYs (Disability-Adjusted Life Years),Rate,Both,0.000638268277156417,0.000837307442691924,0.000464163540752687,0
175,27,477,2,3,3,2023,neo_brain,Age-standardized,Brain and central nervous system cancer,FALSE,Burundi,admin0,daly,DALYs (Disability-Adjusted Life Years),Rate,Both,0.000597073267270477,0.000861700345744307,0.000364024684687639,1
176,27,477,2,3,3,2023,neo_brain,Age-standardized,Brain and central nervous system cancer,FALSE,Comoros,admin0,daly,DALYs (Disability-Adjusted Life Years),Rate,Both,0.000430972900544095,0.00057824704738375,0.00028454514043572,1
177,27,477,2,3,3,2023,neo_brain,Age-standardized,Brain and central nervous system cancer,FALSE,Djibouti,admin0,daly,DALYs (Disability-Adjusted Life Years),Rate,Both,0.000566691495473089,0.000753650462533281,0.000367204209079003,1
178,27,477,2,3,3,2023,neo_brain,Age-standardized,Brain and central nervous system cancer,FALSE,Eritrea,admin0,daly,DALYs (Disability-Adjusted Life Years),Rate,Both,0.00081706008649254,0.00112092635385932,0.000559451722158115,1
179,27,477,2,3,3,2023,neo_brain,Age-standardized,Brain and central nervous system cancer,FALSE,Ethiopia,admin0,daly,DALYs (Disability-Adjusted Life Years),Rate,Both,0.00104469892977374,0.00137951469311672,0.00075708985251595,0
180,27,477,2,3,3,2023,neo_brain,Age-standardized,Brain and central nervous system cancer,FALSE,Kenya,admin0,daly,DALYs (Disability-Adjusted Life Years),Rate,Both,0.0007073994907018,0.000994119796218489,0.000534094039043954,0
181,27,477,2,3,3,2023,neo_brain,Age-standardized,Brain and central nervous system cancer,FALSE,Madagascar,admin0,daly,DALYs (Disability-Adjusted Life Years),Rate,Both,0.000566391010579431,0.000769834206193856,0.000359302953123594,1
182,27,477,2,3,3,2023,neo_brain,Age-standardized,Brain and central nervous system cancer,FALSE,Malawi,admin0,daly,DALYs (Disability-Adjusted Life Years),Rate,Both,0.00021258008706496,0.000299684558108188,0.000137259879476363,1
183,27,477,2,3,3,2023,neo_brain,Age-standardized,Brain and central nervous system cancer,FALSE,Mauritius,admin0,daly,DALYs (Disability-Adjusted Life Years),Rate,Both,0.000674952711463572,0.000767954583843085,0.000589149459371276,1
184,27,477,2,3,3,2023,neo_brain,Age-standardized,Brain and central nervous system cancer,FALSE,Mozambique,admin0,daly,DALYs (Disability-Adjusted Life Years),Rate,Both,0.000285531498977026,0.000481184517068996,0.000185175098771728,1
185,27,477,2,3,3,2023,neo_brain,Age-standardized,Brain and central nervous system cancer,FALSE,Rwanda,admin0,daly,DALYs (Disability-Adjusted Life Years),Rate,Both,0.000638775584787271,0.000888890460852299,0.000417743945176987,1
186,27,477,2,3,3,2023,neo_brain,Age-standardized,Brain and central nervous system cancer,FALSE,Seychelles,admin0,daly,DALYs (Disability-Adjusted Life Years),Rate,Both,0.00156442374305031,0.00201328373619611,0.00113746292499905,1
187,27,477,2,3,3,2023,neo_brain,Age-standardized,Brain and central nervous system cancer,FALSE,Somalia,admin0,daly,DALYs (Disability-Adjusted Life Years),Rate,Both,0.000435725531811512,0.000631699425908487,0.000271687595731954,1
189,27,477,2,3,3,2023,neo_brain,Age-standardized,Brain and central nervous system cancer,FALSE,United Republic of Tanzania,admin0,daly,DALYs (Disability-Adjusted Life Years),Rate,Both,0.00015573852690773,0.00021173230185122,0.000109722508108599,1
190,27,477,2,3,3,2023,neo_brain,Age-standardized,Brain and central nervous system cancer,FALSE,Uganda,admin0,daly,DALYs (Disability-Adjusted Life Years),Rate,Both,0.00080803245384731,0.00110925931352481,0.00058810823148013,1
191,27,477,2,3,3,2023,neo_brain,Age-standardized,Brain and central nervous system cancer,FALSE,Zambia,admin0,daly,DALYs (Disability-Adjusted Life Years),Rate,Both,0.000557865668901642,0.000747725126405376,0.000390471717464356,1
192,27,477,2,3,3,2023,neo_brain,Age-standardized,Brain and central nervous system cancer,FALSE,Southern Sub-Saharan Africa,region,daly,DALYs (Disability-Adjusted Life Years),Rate,Both,0.00058073435841398,0.000762067927608854,0.000441489681099379,0
193,27,477,2,3,3,2023,neo_brain,Age-standardized,Brain and central nervous system cancer,FALSE,Botswana,admin0,daly,DALYs (Disability-Adjusted Life Years),Rate,Both,0.00035910091180416,0.000508207809569463,0.000213566245464428,1
194,27,477,2,3,3,2023,neo_brain,Age-standardized,Brain and central nervous system cancer,FALSE,Lesotho,admin0,daly,DALYs (Disability-Adjusted Life Years),Rate,Both,0.00049169692014452,0.00066034855413733,0.000335648527564149,1
195,27,477,2,3,3,2023,neo_brain,Age-standardized,Brain and central nervous system cancer,FALSE,Namibia,admin0,daly,DALYs (Disability-Adjusted Life Years),Rate,Both,0.000754656690821066,0.00103997265131961,0.000456752984766106,1
196,27,477,2,3,3,2023,neo_brain,Age-standardized,Brain and central nervous system cancer,FALSE,South Africa,admin0,daly,DALYs (Disability-Adjusted Life Years),Rate,Both,0.000548232184210324,0.000726752594363677,0.000427942678333413,0
197,27,477,2,3,3,2023,neo_brain,Age-standardized,Brain and central nervous system cancer,FALSE,Eswatini,admin0,daly,DALYs (Disability-Adjusted Life Years),Rate,Both,0.000588695557029227,0.00087480274562326,0.000338119387791785,1
198,27,477,2,3,3,2023,neo_brain,Age-standardized,Brain and central nervous system cancer,FALSE,Zimbabwe,admin0,daly,DALYs (Disability-Adjusted Life Years),Rate,Both,0.000631855212274385,0.000899033761073259,0.000476185175662913,1
199,27,477,2,3,3,2023,neo_brain,Age-standardized,Brain and central nervous system cancer,FALSE,Western Sub-Saharan Africa,region,daly,DALYs (Disability-Adjusted Life Years),Rate,Both,0.000389011579075963,0.00052363423350902,0.000281250212601198,0
200,27,477,2,3,3,2023,neo_brain,Age-standardized,Brain and central nervous system cancer,FALSE,Benin,admin0,daly,DALYs (Disability-Adjusted Life Years),Rate,Both,0.000423923396772094,0.000586621601874678,0.000287214627629178,1
201,27,477,2,3,3,2023,neo_brain,Age-standardized,Brain and central nervous system cancer,FALSE,Burkina Faso,admin0,daly,DALYs (Disability-Adjusted Life Years),Rate,Both,0.000260324906059644,0.000352738148927764,0.000177614220765505,1
202,27,477,2,3,3,2023,neo_brain,Age-standardized,Brain and central nervous system cancer,FALSE,Cameroon,admin0,daly,DALYs (Disability-Adjusted Life Years),Rate,Both,0.000402362303552976,0.000547813158568477,0.000285195421359699,1
203,27,477,2,3,3,2023,neo_brain,Age-standardized,Brain and central nervous system cancer,FALSE,Cabo Verde,admin0,daly,DALYs (Disability-Adjusted Life Years),Rate,Both,0.000847596528545644,0.00113734468636404,0.000574588922638591,1
204,27,477,2,3,3,2023,neo_brain,Age-standardized,Brain and central nervous system cancer,FALSE,Chad,admin0,daly,DALYs (Disability-Adjusted Life Years),Rate,Both,0.000304825179554385,0.000423868431463567,0.000213231814387625,1
205,27,477,2,3,3,2023,neo_brain,Age-standardized,Brain and central nervous system cancer,FALSE,Côte d'Ivoire,admin0,daly,DALYs (Disability-Adjusted Life Years),Rate,Both,0.000318831194287532,0.000440372252637563,0.000236619735699092,1
206,27,477,2,3,3,2023,neo_brain,Age-standardized,Brain and central nervous system cancer,FALSE,Gambia,admin0,daly,DALYs (Disability-Adjusted Life Years),Rate,Both,6.57533667496529e-05,9.14069545413835e-05,4.2657882463081e-05,1
207,27,477,2,3,3,2023,neo_brain,Age-standardized,Brain and central nervous system cancer,FALSE,Ghana,admin0,daly,DALYs (Disability-Adjusted Life Years),Rate,Both,0.00116059299577073,0.00160510512226387,0.000706667915065563,1
208,27,477,2,3,3,2023,neo_brain,Age-standardized,Brain and central nervous system cancer,FALSE,Guinea,admin0,daly,DALYs (Disability-Adjusted Life Years),Rate,Both,0.000121645649999098,0.00016891520014476,8.2377879188558e-05,1
209,27,477,2,3,3,2023,neo_brain,Age-standardized,Brain and central nervous system cancer,FALSE,Guinea-Bissau,admin0,daly,DALYs (Disability-Adjusted Life Years),Rate,Both,0.000360499955715757,0.000476203984529316,0.000254455895351652,1
210,27,477,2,3,3,2023,neo_brain,Age-standardized,Brain and central nervous system cancer,FALSE,Liberia,admin0,daly,DALYs (Disability-Adjusted Life Years),Rate,Both,0.000348755136151109,0.000503379715072386,0.000242667370054513,1
211,27,477,2,3,3,2023,neo_brain,Age-standardized,Brain and central nervous system cancer,FALSE,Mali,admin0,daly,DALYs (Disability-Adjusted Life Years),Rate,Both,0.000435090439581693,0.000589156966156496,0.000320748276149035,1
212,27,477,2,3,3,2023,neo_brain,Age-standardized,Brain and central nervous system cancer,FALSE,Mauritania,admin0,daly,DALYs (Disability-Adjusted Life Years),Rate,Both,0.000338848252148688,0.000462129083520381,0.000233351136528014,1
213,27,477,2,3,3,2023,neo_brain,Age-standardized,Brain and central nervous system cancer,FALSE,Niger,admin0,daly,DALYs (Disability-Adjusted Life Years),Rate,Both,0.000493331431375524,0.000746696407577522,0.000288216585171208,1
214,27,477,2,3,3,2023,neo_brain,Age-standardized,Brain and central nervous system cancer,FALSE,Nigeria,admin0,daly,DALYs (Disability-Adjusted Life Years),Rate,Both,0.000301145567483563,0.000429292026880724,0.000217895945334225,0
215,27,477,2,3,3,2023,neo_brain,Age-standardized,Brain and central nervous system cancer,FALSE,Sao Tome and Principe,admin0,daly,DALYs (Disability-Adjusted Life Years),Rate,Both,0.000192633436436213,0.000260766316356202,0.000139988508054517,1
216,27,477,2,3,3,2023,neo_brain,Age-standardized,Brain and central nervous system cancer,FALSE,Senegal,admin0,daly,DALYs (Disability-Adjusted Life Years),Rate,Both,0.000343301620427075,0.000472564275494172,0.000244957750411917,1
217,27,477,2,3,3,2023,neo_brain,Age-standardized,Brain and central nervous system cancer,FALSE,Sierra Leone,admin0,daly,DALYs (Disability-Adjusted Life Years),Rate,Both,0.000370729516501834,0.000533916800689638,0.000253083946676814,1
218,27,477,2,3,3,2023,neo_brain,Age-standardized,Brain and central nervous system cancer,FALSE,Togo,admin0,daly,DALYs (Disability-Adjusted Life Years),Rate,Both,0.000310607520062555,0.000441070002963446,0.000217880265839594,1
298,27,477,2,3,3,2023,neo_brain,Age-standardized,Brain and central nervous system cancer,FALSE,American Samoa,nonsovereign,daly,DALYs (Disability-Adjusted Life Years),Rate,Both,0.000470161229681347,0.000629813645474108,0.000321905186804024,1
305,27,477,2,3,3,2023,neo_brain,Age-standardized,Brain and central nervous system cancer,FALSE,Bermuda,nonsovereign,daly,DALYs (Disability-Adjusted Life Years),Rate,Both,0.00119949426480014,0.00135148249246899,0.00105460440952772,1
320,27,477,2,3,3,2023,neo_brain,Age-standardized,Brain and central nervous system cancer,FALSE,Cook Islands,nonsovereign,daly,DALYs (Disability-Adjusted Life Years),Rate,Both,0.000102653033940219,0.000140501505282696,7.49807749188044e-05,1
349,27,477,2,3,3,2023,neo_brain,Age-standardized,Brain and central nervous system cancer,FALSE,Greenland,nonsovereign,daly,DALYs (Disability-Adjusted Life Years),Rate,Both,0.000894315487867375,0.0011567365872072,0.000636846533033363,1
351,27,477,2,3,3,2023,neo_brain,Age-standardized,Brain and central nervous system cancer,FALSE,Guam,nonsovereign,daly,DALYs (Disability-Adjusted Life Years),Rate,Both,0.000152529469690956,0.000174009549279002,0.000132966403136426,1
367,27,477,2,3,3,2023,neo_brain,Age-standardized,Brain and central nervous system cancer,FALSE,Monaco,admin0,daly,DALYs (Disability-Adjusted Life Years),Rate,Both,0.00168481819790756,0.00252846680969187,0.000885168735258167,1
369,27,477,2,3,3,2023,neo_brain,Age-standardized,Brain and central nervous system cancer,FALSE,Nauru,admin0,daly,DALYs (Disability-Adjusted Life Years),Rate,Both,0.000477781878604593,0.000675047878032895,0.000305306648275233,1
374,27,477,2,3,3,2023,neo_brain,Age-standardized,Brain and central nervous system cancer,FALSE,Niue,nonsovereign,daly,DALYs (Disability-Adjusted Life Years),Rate,Both,0.000296687587638452,0.000398349944065505,0.000188761914864393,1
376,27,477,2,3,3,2023,neo_brain,Age-standardized,Brain and central nervous system cancer,FALSE,Northern Mariana Islands,nonsovereign,daly,DALYs (Disability-Adjusted Life Years),Rate,Both,0.000248944119783268,0.000561617535697069,0.000126973952981607,1
380,27,477,2,3,3,2023,neo_brain,Age-standardized,Brain and central nervous system cancer,FALSE,Palau,admin0,daly,DALYs (Disability-Adjusted Life Years),Rate,Both,0.000203781696391738,0.00027889903204822,0.000156020420238571,1
385,27,477,2,3,3,2023,neo_brain,Age-standardized,Brain and central nervous system cancer,FALSE,Puerto Rico,nonsovereign,daly,DALYs (Disability-Adjusted Life Years),Rate,Both,0.00088880584190957,0.0010056331389821,0.000782985902866329,1
393,27,477,2,3,3,2023,neo_brain,Age-standardized,Brain and central nervous system cancer,FALSE,Saint Kitts and Nevis,admin0,daly,DALYs (Disability-Adjusted Life Years),Rate,Both,0.000722049218061949,0.000828891479318775,0.000638979887558368,1
396,27,477,2,3,3,2023,neo_brain,Age-standardized,Brain and central nervous system cancer,FALSE,San Marino,admin0,daly,DALYs (Disability-Adjusted Life Years),Rate,Both,0.00181855032301493,0.00255823037061339,0.00138207354791156,1
413,27,477,2,3,3,2023,neo_brain,Age-standardized,Brain and central nervous system cancer,FALSE,Tokelau,nonsovereign,daly,DALYs (Disability-Adjusted Life Years),Rate,Both,0.000204762656803027,0.000271202809810711,0.000126968912641855,1
416,27,477,2,3,3,2023,neo_brain,Age-standardized,Brain and central nervous system cancer,FALSE,Tuvalu,admin0,daly,DALYs (Disability-Adjusted Life Years),Rate,Both,0.000421957035262716,0.00058004514309964,0.000276073809901094,1
422,27,477,2,3,3,2023,neo_brain,Age-standardized,Brain and central nervous system cancer,FALSE,United States Virgin Islands,nonsovereign,daly,DALYs (Disability-Adjusted Life Years),Rate,Both,0.000970498145534564,0.00113349657690049,0.000836478607142982,1
433,27,477,2,3,3,2023,neo_brain,Age-standardized,Brain and central nervous system cancer,FALSE,Northern Ireland,admin1,daly,DALYs (Disability-Adjusted Life Years),Rate,Both,0.00158607989193422,0.00179338623964243,0.00140938550388398,1
434,27,477,2,3,3,2023,neo_brain,Age-standardized,Brain and central nervous system cancer,FALSE,Scotland,admin1,daly,DALYs (Disability-Adjusted Life Years),Rate,Both,0.00163016611796507,0.00183184471191444,0.00145619055252724,1
435,27,477,2,3,3,2023,neo_brain,Age-standardized,Brain and central nervous system cancer,FALSE,South Sudan,admin0,daly,DALYs (Disability-Adjusted Life Years),Rate,Both,0.000620170086787464,0.000885415271401709,0.000384592967897602,1
482,27,477,2,3,3,2023,neo_brain,Age-standardized,Brain and central nervous system cancer,FALSE,Eastern Cape,admin1,daly,DALYs (Disability-Adjusted Life Years),Rate,Both,0.000516479640950359,0.000768225852931134,0.000373501643949332,1
483,27,477,2,3,3,2023,neo_brain,Age-standardized,Brain and central nervous system cancer,FALSE,Free State,admin1,daly,DALYs (Disability-Adjusted Life Years),Rate,Both,0.000559684930720094,0.000735781219124917,0.000424986350057626,1
484,27,477,2,3,3,2023,neo_brain,Age-standardized,Brain and central nervous system cancer,FALSE,Gauteng,admin1,daly,DALYs (Disability-Adjusted Life Years),Rate,Both,0.000622119519349665,0.000805446185820965,0.000425557298932996,1
485,27,477,2,3,3,2023,neo_brain,Age-standardized,Brain and central nervous system cancer,FALSE,KwaZulu-Natal,admin1,daly,DALYs (Disability-Adjusted Life Years),Rate,Both,0.00047109752208204,0.000704779318070875,0.00034976158657334,1
486,27,477,2,3,3,2023,neo_brain,Age-standardized,Brain and central nervous system cancer,FALSE,Limpopo,admin1,daly,DALYs (Disability-Adjusted Life Years),Rate,Both,0.000396497552469212,0.000774878987950041,0.000249656899928731,1
487,27,477,2,3,3,2023,neo_brain,Age-standardized,Brain and central nervous system cancer,FALSE,Mpumalanga,admin1,daly,DALYs (Disability-Adjusted Life Years),Rate,Both,0.000438168212750155,0.000721387077365223,0.0003063908225607,1
488,27,477,2,3,3,2023,neo_brain,Age-standardized,Brain and central nervous system cancer,FALSE,North-West,admin1,daly,DALYs (Disability-Adjusted Life Years),Rate,Both,0.000466467065099662,0.000771190913420926,0.000325231527496073,1
489,27,477,2,3,3,2023,neo_brain,Age-standardized,Brain and central nervous system cancer,FALSE,Northern Cape,admin1,daly,DALYs (Disability-Adjusted Life Years),Rate,Both,0.000711622377768273,0.000964392983710633,0.000499785750283769,1
490,27,477,2,3,3,2023,neo_brain,Age-standardized,Brain and central nervous system cancer,FALSE,Western Cape,admin1,daly,DALYs (Disability-Adjusted Life Years),Rate,Both,0.000783639838479875,0.0010747257276081,0.000434443721019382,1
522,27,477,2,3,3,2023,neo_brain,Age-standardized,Brain and central nervous system cancer,FALSE,Sudan,admin0,daly,DALYs (Disability-Adjusted Life Years),Rate,Both,0.00168515136881338,0.00244355224980628,0.00105189906124959,1
523,27,477,2,3,3,2023,neo_brain,Age-standardized,Brain and central nervous system cancer,FALSE,Alabama,admin1,daly,DALYs (Disability-Adjusted Life Years),Rate,Both,0.00183316665937291,0.00201136300939592,0.0016412809356813,1
524,27,477,2,3,3,2023,neo_brain,Age-standardized,Brain and central nervous system cancer,FALSE,Alaska,admin1,daly,DALYs (Disability-Adjusted Life Years),Rate,Both,0.00152509335864734,0.00172666037881789,0.00133785747095304,1
525,27,477,2,3,3,2023,neo_brain,Age-standardized,Brain and central nervous system cancer,FALSE,Arizona,admin1,daly,DALYs (Disability-Adjusted Life Years),Rate,Both,0.00128681173041278,0.0014223794785371,0.00115829533074313,1
526,27,477,2,3,3,2023,neo_brain,Age-standardized,Brain and central nervous system cancer,FALSE,Arkansas,admin1,daly,DALYs (Disability-Adjusted Life Years),Rate,Both,0.00179900979752894,0.0020168986555564,0.00159867382045417,1
527,27,477,2,3,3,2023,neo_brain,Age-standardized,Brain and central nervous system cancer,FALSE,California,admin1,daly,DALYs (Disability-Adjusted Life Years),Rate,Both,0.00116012347297502,0.00123355163027143,0.00107833015077543,1
528,27,477,2,3,3,2023,neo_brain,Age-standardized,Brain and central nervous system cancer,FALSE,Colorado,admin1,daly,DALYs (Disability-Adjusted Life Years),Rate,Both,0.00130282895598612,0.00145164515500122,0.00117755247774614,1
529,27,477,2,3,3,2023,neo_brain,Age-standardized,Brain and central nervous system cancer,FALSE,Connecticut,admin1,daly,DALYs (Disability-Adjusted Life Years),Rate,Both,0.0012432106802195,0.00138942745867301,0.00110135367260702,1
530,27,477,2,3,3,2023,neo_brain,Age-standardized,Brain and central nervous system cancer,FALSE,Delaware,admin1,daly,DALYs (Disability-Adjusted Life Years),Rate,Both,0.00141375087894297,0.00159776727474451,0.00124628095567167,1
531,27,477,2,3,3,2023,neo_brain,Age-standardized,Brain and central nervous system cancer,FALSE,District of Columbia,admin1,daly,DALYs (Disability-Adjusted Life Years),Rate,Both,0.000770225814448039,0.000867846753573663,0.000674340843994359,1
532,27,477,2,3,3,2023,neo_brain,Age-standardized,Brain and central nervous system cancer,FALSE,Florida,admin1,daly,DALYs (Disability-Adjusted Life Years),Rate,Both,0.00122579567253674,0.0013122583874259,0.00113371716020571,1
533,27,477,2,3,3,2023,neo_brain,Age-standardized,Brain and central nervous system cancer,FALSE,Georgia,admin1,daly,DALYs (Disability-Adjusted Life Years),Rate,Both,0.00139349413009334,0.00151390375615346,0.00129088000134884,1
534,27,477,2,3,3,2023,neo_brain,Age-standardized,Brain and central nervous system cancer,FALSE,Hawaii,admin1,daly,DALYs (Disability-Adjusted Life Years),Rate,Both,0.000906042622072606,0.00103552304341698,0.000791846125217675,1
535,27,477,2,3,3,2023,neo_brain,Age-standardized,Brain and central nervous system cancer,FALSE,Idaho,admin1,daly,DALYs (Disability-Adjusted Life Years),Rate,Both,0.0013633487796806,0.00155030184309185,0.00119420272528615,1
536,27,477,2,3,3,2023,neo_brain,Age-standardized,Brain and central nervous system cancer,FALSE,Illinois,admin1,daly,DALYs (Disability-Adjusted Life Years),Rate,Both,0.00125430059254456,0.00134984774171489,0.00116739098674186,1
537,27,477,2,3,3,2023,neo_brain,Age-standardized,Brain and central nervous system cancer,FALSE,Indiana,admin1,daly,DALYs (Disability-Adjusted Life Years),Rate,Both,0.00148446669021789,0.00162663455901886,0.0013415843380479,1
538,27,477,2,3,3,2023,neo_brain,Age-standardized,Brain and central nervous system cancer,FALSE,Iowa,admin1,daly,DALYs (Disability-Adjusted Life Years),Rate,Both,0.0014596468783213,0.00162141053441094,0.00129894448981337,1
539,27,477,2,3,3,2023,neo_brain,Age-standardized,Brain and central nervous system cancer,FALSE,Kansas,admin1,daly,DALYs (Disability-Adjusted Life Years),Rate,Both,0.00168299020121472,0.00188755456829504,0.00149135430639747,1
540,27,477,2,3,3,2023,neo_brain,Age-standardized,Brain and central nervous system cancer,FALSE,Kentucky,admin1,daly,DALYs (Disability-Adjusted Life Years),Rate,Both,0.00169937711326906,0.00187532788291469,0.00152164343631084,1
541,27,477,2,3,3,2023,neo_brain,Age-standardized,Brain and central nervous system cancer,FALSE,Louisiana,admin1,daly,DALYs (Disability-Adjusted Life Years),Rate,Both,0.0015477565944975,0.00170699067439347,0.00138805396519993,1
542,27,477,2,3,3,2023,neo_brain,Age-standardized,Brain and central nervous system cancer,FALSE,Maine,admin1,daly,DALYs (Disability-Adjusted Life Years),Rate,Both,0.00156804595672769,0.00177605688724232,0.00137871187226515,1
543,27,477,2,3,3,2023,neo_brain,Age-standardized,Brain and central nervous system cancer,FALSE,Maryland,admin1,daly,DALYs (Disability-Adjusted Life Years),Rate,Both,0.00126128637103489,0.00138399016683573,0.00112432257268269,1
544,27,477,2,3,3,2023,neo_brain,Age-standardized,Brain and central nervous system cancer,FALSE,Massachusetts,admin1,daly,DALYs (Disability-Adjusted Life Years),Rate,Both,0.0012276003148966,0.00135211780479056,0.00111308259628351,1
545,27,477,2,3,3,2023,neo_brain,Age-standardized,Brain and central nervous system cancer,FALSE,Michigan,admin1,daly,DALYs (Disability-Adjusted Life Years),Rate,Both,0.0014180229391916,0.00152252458093094,0.00131056612777469,1
546,27,477,2,3,3,2023,neo_brain,Age-standardized,Brain and central nervous system cancer,FALSE,Minnesota,admin1,daly,DALYs (Disability-Adjusted Life Years),Rate,Both,0.0014618459348431,0.0016128434381081,0.00131030403470485,1
547,27,477,2,3,3,2023,neo_brain,Age-standardized,Brain and central nervous system cancer,FALSE,Mississippi,admin1,daly,DALYs (Disability-Adjusted Life Years),Rate,Both,0.00185110545560373,0.00207970680708582,0.00163967963690036,1
548,27,477,2,3,3,2023,neo_brain,Age-standardized,Brain and central nervous system cancer,FALSE,Missouri,admin1,daly,DALYs (Disability-Adjusted Life Years),Rate,Both,0.00154420782836204,0.00169551126179862,0.0013874183899926,1
549,27,477,2,3,3,2023,neo_brain,Age-standardized,Brain and central nervous system cancer,FALSE,Montana,admin1,daly,DALYs (Disability-Adjusted Life Years),Rate,Both,0.00152048773600989,0.00172289050061258,0.00133984195666189,1
550,27,477,2,3,3,2023,neo_brain,Age-standardized,Brain and central nervous system cancer,FALSE,Nebraska,admin1,daly,DALYs (Disability-Adjusted Life Years),Rate,Both,0.00150927797234521,0.00170655984555527,0.001341721335798,1
551,27,477,2,3,3,2023,neo_brain,Age-standardized,Brain and central nervous system cancer,FALSE,Nevada,admin1,daly,DALYs (Disability-Adjusted Life Years),Rate,Both,0.00125923295298051,0.00142165141627772,0.00111538821475192,1
552,27,477,2,3,3,2023,neo_brain,Age-standardized,Brain and central nervous system cancer,FALSE,New Hampshire,admin1,daly,DALYs (Disability-Adjusted Life Years),Rate,Both,0.00145623994425833,0.00166214008332218,0.00128141241354534,1
553,27,477,2,3,3,2023,neo_brain,Age-standardized,Brain and central nervous system cancer,FALSE,New Jersey,admin1,daly,DALYs (Disability-Adjusted Life Years),Rate,Both,0.00112048859789649,0.00121935359694498,0.00102196517957659,1
554,27,477,2,3,3,2023,neo_brain,Age-standardized,Brain and central nervous system cancer,FALSE,New Mexico,admin1,daly,DALYs (Disability-Adjusted Life Years),Rate,Both,0.00141662286420854,0.00161482256794871,0.00123657255317926,1
555,27,477,2,3,3,2023,neo_brain,Age-standardized,Brain and central nervous system cancer,FALSE,New York,admin1,daly,DALYs (Disability-Adjusted Life Years),Rate,Both,0.00104057677812949,0.00111953122417461,0.000961657832519953,1
556,27,477,2,3,3,2023,neo_brain,Age-standardized,Brain and central nervous system cancer,FALSE,North Carolina,admin1,daly,DALYs (Disability-Adjusted Life Years),Rate,Both,0.00142352265770102,0.00155251340474178,0.0013140495421887,1
557,27,477,2,3,3,2023,neo_brain,Age-standardized,Brain and central nervous system cancer,FALSE,North Dakota,admin1,daly,DALYs (Disability-Adjusted Life Years),Rate,Both,0.00159371901729901,0.00178682911563937,0.00142160532250046,1
558,27,477,2,3,3,2023,neo_brain,Age-standardized,Brain and central nervous system cancer,FALSE,Ohio,admin1,daly,DALYs (Disability-Adjusted Life Years),Rate,Both,0.00144215656405085,0.00155388642410892,0.00132770757218192,1
559,27,477,2,3,3,2023,neo_brain,Age-standardized,Brain and central nervous system cancer,FALSE,Oklahoma,admin1,daly,DALYs (Disability-Adjusted Life Years),Rate,Both,0.00159061896566433,0.00175957354310818,0.00143336398275612,1
560,27,477,2,3,3,2023,neo_brain,Age-standardized,Brain and central nervous system cancer,FALSE,Oregon,admin1,daly,DALYs (Disability-Adjusted Life Years),Rate,Both,0.00151399829510285,0.00166491276940267,0.00135006774408256,1
561,27,477,2,3,3,2023,neo_brain,Age-standardized,Brain and central nervous system cancer,FALSE,Pennsylvania,admin1,daly,DALYs (Disability-Adjusted Life Years),Rate,Both,0.00133191034746859,0.00143875455120058,0.00122617745034545,1
562,27,477,2,3,3,2023,neo_brain,Age-standardized,Brain and central nervous system cancer,FALSE,Rhode Island,admin1,daly,DALYs (Disability-Adjusted Life Years),Rate,Both,0.00123450030532573,0.00140533728127442,0.00108501348510872,1
563,27,477,2,3,3,2023,neo_brain,Age-standardized,Brain and central nervous system cancer,FALSE,South Carolina,admin1,daly,DALYs (Disability-Adjusted Life Years),Rate,Both,0.00158086046302112,0.00173740140583189,0.00141684644693978,1
564,27,477,2,3,3,2023,neo_brain,Age-standardized,Brain and central nervous system cancer,FALSE,South Dakota,admin1,daly,DALYs (Disability-Adjusted Life Years),Rate,Both,0.00172894302911534,0.00196140452849294,0.00153335233790343,1
565,27,477,2,3,3,2023,neo_brain,Age-standardized,Brain and central nervous system cancer,FALSE,Tennessee,admin1,daly,DALYs (Disability-Adjusted Life Years),Rate,Both,0.00163299856906416,0.00179552217650986,0.00148154204106525,1
566,27,477,2,3,3,2023,neo_brain,Age-standardized,Brain and central nervous system cancer,FALSE,Texas,admin1,daly,DALYs (Disability-Adjusted Life Years),Rate,Both,0.00123567868002837,0.00131561680282496,0.00116015314117953,1
567,27,477,2,3,3,2023,neo_brain,Age-standardized,Brain and central nervous system cancer,FALSE,Utah,admin1,daly,DALYs (Disability-Adjusted Life Years),Rate,Both,0.00127256079643805,0.00143288336439407,0.00112179136640525,1
568,27,477,2,3,3,2023,neo_brain,Age-standardized,Brain and central nervous system cancer,FALSE,Vermont,admin1,daly,DALYs (Disability-Adjusted Life Years),Rate,Both,0.00142511418987936,0.00161962731857218,0.00124159457451824,1
569,27,477,2,3,3,2023,neo_brain,Age-standardized,Brain and central nervous system cancer,FALSE,Virginia,admin1,daly,DALYs (Disability-Adjusted Life Years),Rate,Both,0.00133664126031543,0.00145799053210776,0.00122473004778278,1
570,27,477,2,3,3,2023,neo_brain,Age-standardized,Brain and central nervous system cancer,FALSE,Washington,admin1,daly,DALYs (Disability-Adjusted Life Years),Rate,Both,0.00146351503596252,0.00159489437095277,0.00132697812414841,1
571,27,477,2,3,3,2023,neo_brain,Age-standardized,Brain and central nervous system cancer,FALSE,West Virginia,admin1,daly,DALYs (Disability-Adjusted Life Years),Rate,Both,0.00156306512752553,0.00177250633018541,0.00138462729165892,1
572,27,477,2,3,3,2023,neo_brain,Age-standardized,Brain and central nervous system cancer,FALSE,Wisconsin,admin1,daly,DALYs (Disability-Adjusted Life Years),Rate,Both,0.00148651165781352,0.0016256870696195,0.00134988323819255,1
573,27,477,2,3,3,2023,neo_brain,Age-standardized,Brain and central nervous system cancer,FALSE,Wyoming,admin1,daly,DALYs (Disability-Adjusted Life Years),Rate,Both,0.00152962998929637,0.00172314573294873,0.00134651366813595,1
4618,27,477,2,3,3,2023,neo_brain,Age-standardized,Brain and central nervous system cancer,FALSE,North East England,admin1,daly,DALYs (Disability-Adjusted Life Years),Rate,Both,0.00165792313621298,0.00184928362695535,0.00147893125506631,1
4619,27,477,2,3,3,2023,neo_brain,Age-standardized,Brain and central nervous system cancer,FALSE,North West England,admin1,daly,DALYs (Disability-Adjusted Life Years),Rate,Both,0.00158184026974544,0.00174888345622551,0.00143771732784863,1
4620,27,477,2,3,3,2023,neo_brain,Age-standardized,Brain and central nervous system cancer,FALSE,Yorkshire and the Humber,admin1,daly,DALYs (Disability-Adjusted Life Years),Rate,Both,0.00152827945381412,0.00168301962555203,0.00137265223403545,1
4621,27,477,2,3,3,2023,neo_brain,Age-standardized,Brain and central nervous system cancer,FALSE,East Midlands,admin1,daly,DALYs (Disability-Adjusted Life Years),Rate,Both,0.00152775102265325,0.00171162156698297,0.00137836528811228,1
4622,27,477,2,3,3,2023,neo_brain,Age-standardized,Brain and central nervous system cancer,FALSE,West Midlands,admin1,daly,DALYs (Disability-Adjusted Life Years),Rate,Both,0.00146238786364397,0.001609401271453,0.00131720982197339,1
4623,27,477,2,3,3,2023,neo_brain,Age-standardized,Brain and central nervous system cancer,FALSE,East of England,admin1,daly,DALYs (Disability-Adjusted Life Years),Rate,Both,0.00151489550070854,0.00170587639712911,0.00135559783926862,1
4624,27,477,2,3,3,2023,neo_brain,Age-standardized,Brain and central nervous system cancer,FALSE,Greater London,admin1,daly,DALYs (Disability-Adjusted Life Years),Rate,Both,0.00123239797252702,0.00136855259831198,0.00109059526871806,1
4625,27,477,2,3,3,2023,neo_brain,Age-standardized,Brain and central nervous system cancer,FALSE,South East England,admin1,daly,DALYs (Disability-Adjusted Life Years),Rate,Both,0.00144246912280721,0.00159495839838444,0.00128996110649753,1
4626,27,477,2,3,3,2023,neo_brain,Age-standardized,Brain and central nervous system cancer,FALSE,South West England,admin1,daly,DALYs (Disability-Adjusted Life Years),Rate,Both,0.00154612798619413,0.00170949221395154,0.00138176116349982,1
4636,27,477,2,3,3,2023,neo_brain,Age-standardized,Brain and central nervous system cancer,FALSE,Wales,admin1,daly,DALYs (Disability-Adjusted Life Years),Rate,Both,0.00161966962634586,0.0017857253762499,0.0014545122634205,1
4643,27,477,2,3,3,2023,neo_brain,Age-standardized,Brain and central nervous system cancer,FALSE,Aguascalientes,admin1,daly,DALYs (Disability-Adjusted Life Years),Rate,Both,0.000949226784192244,0.00107425544595596,0.000822948864091776,1
4644,27,477,2,3,3,2023,neo_brain,Age-standardized,Brain and central nervous system cancer,FALSE,Baja California,admin1,daly,DALYs (Disability-Adjusted Life Years),Rate,Both,0.000921980954704054,0.00105708068448055,0.000790742850920486,1
4645,27,477,2,3,3,2023,neo_brain,Age-standardized,Brain and central nervous system cancer,FALSE,Baja California Sur,admin1,daly,DALYs (Disability-Adjusted Life Years),Rate,Both,0.000928900727443353,0.00108929321023473,0.000807061277513007,1
4646,27,477,2,3,3,2023,neo_brain,Age-standardized,Brain and central nervous system cancer,FALSE,Campeche,admin1,daly,DALYs (Disability-Adjusted Life Years),Rate,Both,0.000771808617822962,0.00088081373392859,0.000664965655234061,1
4647,27,477,2,3,3,2023,neo_brain,Age-standardized,Brain and central nervous system cancer,FALSE,Coahuila,admin1,daly,DALYs (Disability-Adjusted Life Years),Rate,Both,0.000844816224209494,0.000960952069853336,0.000723151717672289,1
4648,27,477,2,3,3,2023,neo_brain,Age-standardized,Brain and central nervous system cancer,FALSE,Colima,admin1,daly,DALYs (Disability-Adjusted Life Years),Rate,Both,0.00104372296109504,0.00120267142981926,0.000894073212552819,1
4649,27,477,2,3,3,2023,neo_brain,Age-standardized,Brain and central nervous system cancer,FALSE,Chiapas,admin1,daly,DALYs (Disability-Adjusted Life Years),Rate,Both,0.000961307709663048,0.00110208238898781,0.000836751253883115,1
4650,27,477,2,3,3,2023,neo_brain,Age-standardized,Brain and central nervous system cancer,FALSE,Chihuahua,admin1,daly,DALYs (Disability-Adjusted Life Years),Rate,Both,0.00104388773531913,0.00120594663688845,0.000916806592956656,1
4651,27,477,2,3,3,2023,neo_brain,Age-standardized,Brain and central nervous system cancer,FALSE,Mexico City,admin1,daly,DALYs (Disability-Adjusted Life Years),Rate,Both,0.000915666462994303,0.00103800525822083,0.000801989927534715,1
4652,27,477,2,3,3,2023,neo_brain,Age-standardized,Brain and central nervous system cancer,FALSE,Durango,admin1,daly,DALYs (Disability-Adjusted Life Years),Rate,Both,0.000819471649724005,0.000947726962609166,0.000711488431780267,1
4653,27,477,2,3,3,2023,neo_brain,Age-standardized,Brain and central nervous system cancer,FALSE,Guanajuato,admin1,daly,DALYs (Disability-Adjusted Life Years),Rate,Both,0.000959205327842581,0.00109483469782889,0.000836452529776674,1
4654,27,477,2,3,3,2023,neo_brain,Age-standardized,Brain and central nervous system cancer,FALSE,Guerrero,admin1,daly,DALYs (Disability-Adjusted Life Years),Rate,Both,0.000815463514301003,0.000922670303161593,0.000705516654364465,1
4655,27,477,2,3,3,2023,neo_brain,Age-standardized,Brain and central nervous system cancer,FALSE,Hidalgo,admin1,daly,DALYs (Disability-Adjusted Life Years),Rate,Both,0.000941920660413344,0.00109203432387358,0.000821775394805258,1
4656,27,477,2,3,3,2023,neo_brain,Age-standardized,Brain and central nervous system cancer,FALSE,Jalisco,admin1,daly,DALYs (Disability-Adjusted Life Years),Rate,Both,0.00099884158320065,0.00113370750390894,0.000874841848429476,1
4657,27,477,2,3,3,2023,neo_brain,Age-standardized,Brain and central nervous system cancer,FALSE,México,admin1,daly,DALYs (Disability-Adjusted Life Years),Rate,Both,0.000852183021399612,0.000968586191302588,0.000758255678635943,1
4658,27,477,2,3,3,2023,neo_brain,Age-standardized,Brain and central nervous system cancer,FALSE,Michoacán de Ocampo,admin1,daly,DALYs (Disability-Adjusted Life Years),Rate,Both,0.00112395772554452,0.00128784139054171,0.000971380428366606,1
4659,27,477,2,3,3,2023,neo_brain,Age-standardized,Brain and central nervous system cancer,FALSE,Morelos,admin1,daly,DALYs (Disability-Adjusted Life Years),Rate,Both,0.00101008075674194,0.0011784581801517,0.000875251592361443,1
4660,27,477,2,3,3,2023,neo_brain,Age-standardized,Brain and central nervous system cancer,FALSE,Nayarit,admin1,daly,DALYs (Disability-Adjusted Life Years),Rate,Both,0.000932891509564246,0.0010655057857244,0.000807304115650162,1
4661,27,477,2,3,3,2023,neo_brain,Age-standardized,Brain and central nervous system cancer,FALSE,Nuevo León,admin1,daly,DALYs (Disability-Adjusted Life Years),Rate,Both,0.000981280392309258,0.00112031943131595,0.000863683683493194,1
4662,27,477,2,3,3,2023,neo_brain,Age-standardized,Brain and central nervous system cancer,FALSE,Oaxaca,admin1,daly,DALYs (Disability-Adjusted Life Years),Rate,Both,0.000801655297712294,0.000920085015917658,0.00069605983389359,1
4663,27,477,2,3,3,2023,neo_brain,Age-standardized,Brain and central nervous system cancer,FALSE,Puebla,admin1,daly,DALYs (Disability-Adjusted Life Years),Rate,Both,0.000870139635379946,0.000998795646369626,0.000755777319630416,1
4664,27,477,2,3,3,2023,neo_brain,Age-standardized,Brain and central nervous system cancer,FALSE,Querétaro,admin1,daly,DALYs (Disability-Adjusted Life Years),Rate,Both,0.000951422588102833,0.00107847594438726,0.00082296270278081,1
4665,27,477,2,3,3,2023,neo_brain,Age-standardized,Brain and central nervous system cancer,FALSE,Quintana Roo,admin1,daly,DALYs (Disability-Adjusted Life Years),Rate,Both,0.000839833608446842,0.000965123509592084,0.000725932820232988,1
4666,27,477,2,3,3,2023,neo_brain,Age-standardized,Brain and central nervous system cancer,FALSE,San Luis Potosí,admin1,daly,DALYs (Disability-Adjusted Life Years),Rate,Both,0.000785496810390717,0.000904674963807636,0.0006783045082773,1
4667,27,477,2,3,3,2023,neo_brain,Age-standardized,Brain and central nervous system cancer,FALSE,Sinaloa,admin1,daly,DALYs (Disability-Adjusted Life Years),Rate,Both,0.000865425395498151,0.00100521852074472,0.000758961052103186,1
4668,27,477,2,3,3,2023,neo_brain,Age-standardized,Brain and central nervous system cancer,FALSE,Sonora,admin1,daly,DALYs (Disability-Adjusted Life Years),Rate,Both,0.000995640524819117,0.00113656334999844,0.000869258232417626,1
4669,27,477,2,3,3,2023,neo_brain,Age-standardized,Brain and central nervous system cancer,FALSE,Tabasco,admin1,daly,DALYs (Disability-Adjusted Life Years),Rate,Both,0.000726655847617137,0.000844476981330008,0.000623661848035426,1
4670,27,477,2,3,3,2023,neo_brain,Age-standardized,Brain and central nervous system cancer,FALSE,Tamaulipas,admin1,daly,DALYs (Disability-Adjusted Life Years),Rate,Both,0.000791242208652991,0.000906973927523245,0.000688396684732626,1
4671,27,477,2,3,3,2023,neo_brain,Age-standardized,Brain and central nervous system cancer,FALSE,Tlaxcala,admin1,daly,DALYs (Disability-Adjusted Life Years),Rate,Both,0.000745394646055372,0.000861002362049223,0.000647114827774901,1
4672,27,477,2,3,3,2023,neo_brain,Age-standardized,Brain and central nervous system cancer,FALSE,Veracruz de Ignacio de la Llave,admin1,daly,DALYs (Disability-Adjusted Life Years),Rate,Both,0.000794056168955599,0.000908420733273891,0.000695358701763143,1
4673,27,477,2,3,3,2023,neo_brain,Age-standardized,Brain and central nervous system cancer,FALSE,Yucatán,admin1,daly,DALYs (Disability-Adjusted Life Years),Rate,Both,0.000770151271721562,0.000875815256277527,0.000648499341149072,1
4674,27,477,2,3,3,2023,neo_brain,Age-standardized,Brain and central nervous system cancer,FALSE,Zacatecas,admin1,daly,DALYs (Disability-Adjusted Life Years),Rate,Both,0.00114914244756392,0.0013055340981504,0.00100293008810353,1
4709,27,477,2,3,3,2023,neo_brain,Age-standardized,Brain and central nervous system cancer,FALSE,Aceh,admin1,daly,DALYs (Disability-Adjusted Life Years),Rate,Both,0.000852909285373792,0.00118485544833208,0.000602331758539063,1
4710,27,477,2,3,3,2023,neo_brain,Age-standardized,Brain and central nervous system cancer,FALSE,North Sumatra,admin1,daly,DALYs (Disability-Adjusted Life Years),Rate,Both,0.000902008791494905,0.00124110534126791,0.000649859782873437,1
4711,27,477,2,3,3,2023,neo_brain,Age-standardized,Brain and central nervous system cancer,FALSE,West Sumatra,admin1,daly,DALYs (Disability-Adjusted Life Years),Rate,Both,0.000936382425636189,0.00133002861293565,0.000651557496468725,1
4712,27,477,2,3,3,2023,neo_brain,Age-standardized,Brain and central nervous system cancer,FALSE,Riau,admin1,daly,DALYs (Disability-Adjusted Life Years),Rate,Both,0.000890427773145887,0.00126313687526262,0.00061949305477251,1
4713,27,477,2,3,3,2023,neo_brain,Age-standardized,Brain and central nervous system cancer,FALSE,Jambi,admin1,daly,DALYs (Disability-Adjusted Life Years),Rate,Both,0.000867410633559108,0.00120823475316327,0.000614096306334287,1
4714,27,477,2,3,3,2023,neo_brain,Age-standardized,Brain and central nervous system cancer,FALSE,South Sumatra,admin1,daly,DALYs (Disability-Adjusted Life Years),Rate,Both,0.00088052264151932,0.00120364868778179,0.00063365560860868,1
4715,27,477,2,3,3,2023,neo_brain,Age-standardized,Brain and central nervous system cancer,FALSE,Bengkulu,admin1,daly,DALYs (Disability-Adjusted Life Years),Rate,Both,0.000842592318529169,0.00117979841855758,0.00059657273918291,1
4716,27,477,2,3,3,2023,neo_brain,Age-standardized,Brain and central nervous system cancer,FALSE,Lampung,admin1,daly,DALYs (Disability-Adjusted Life Years),Rate,Both,0.000799261551409309,0.00107581682456508,0.000568150248344247,1
4717,27,477,2,3,3,2023,neo_brain,Age-standardized,Brain and central nervous system cancer,FALSE,Bangka-Belitung Islands,admin1,daly,DALYs (Disability-Adjusted Life Years),Rate,Both,0.000907106168487529,0.00127711760843418,0.000640143078521869,1
4718,27,477,2,3,3,2023,neo_brain,Age-standardized,Brain and central nervous system cancer,FALSE,Riau Islands,admin1,daly,DALYs (Disability-Adjusted Life Years),Rate,Both,0.0008027539537473,0.0011249243891098,0.000561314358645783,1
4719,27,477,2,3,3,2023,neo_brain,Age-standardized,Brain and central nervous system cancer,FALSE,North Kalimantan,admin1,daly,DALYs (Disability-Adjusted Life Years),Rate,Both,0.000850162911610566,0.00117998319684291,0.000593433805635094,1
4720,27,477,2,3,3,2023,neo_brain,Age-standardized,Brain and central nervous system cancer,FALSE,Jakarta,admin1,daly,DALYs (Disability-Adjusted Life Years),Rate,Both,0.000828215247435517,0.00114054268291534,0.000582792562448001,1
4721,27,477,2,3,3,2023,neo_brain,Age-standardized,Brain and central nervous system cancer,FALSE,West Java,admin1,daly,DALYs (Disability-Adjusted Life Years),Rate,Both,0.000866805234358295,0.00118315808117079,0.000626912360787312,1
4722,27,477,2,3,3,2023,neo_brain,Age-standardized,Brain and central nervous system cancer,FALSE,Central Java,admin1,daly,DALYs (Disability-Adjusted Life Years),Rate,Both,0.000820702191360286,0.00110088213126777,0.000586995367303434,1
4723,27,477,2,3,3,2023,neo_brain,Age-standardized,Brain and central nervous system cancer,FALSE,Yogyakarta,admin1,daly,DALYs (Disability-Adjusted Life Years),Rate,Both,0.000797676767789173,0.00112309301509492,0.00057338098304753,1
4724,27,477,2,3,3,2023,neo_brain,Age-standardized,Brain and central nervous system cancer,FALSE,East Java,admin1,daly,DALYs (Disability-Adjusted Life Years),Rate,Both,0.000889523441141017,0.00120028590346018,0.000633230420157975,1
4725,27,477,2,3,3,2023,neo_brain,Age-standardized,Brain and central nervous system cancer,FALSE,Banten,admin1,daly,DALYs (Disability-Adjusted Life Years),Rate,Both,0.000912851810696055,0.00126055690775656,0.000632859475985676,1
4726,27,477,2,3,3,2023,neo_brain,Age-standardized,Brain and central nervous system cancer,FALSE,Bali,admin1,daly,DALYs (Disability-Adjusted Life Years),Rate,Both,0.000833566605995805,0.00114009090799657,0.000592603528298686,1
4727,27,477,2,3,3,2023,neo_brain,Age-standardized,Brain and central nervous system cancer,FALSE,West Nusa Tenggara,admin1,daly,DALYs (Disability-Adjusted Life Years),Rate,Both,0.000960218471336519,0.00133392659897304,0.000689627887349024,1
4728,27,477,2,3,3,2023,neo_brain,Age-standardized,Brain and central nervous system cancer,FALSE,East Nusa Tenggara,admin1,daly,DALYs (Disability-Adjusted Life Years),Rate,Both,0.00101813754212064,0.00140530659655144,0.00073450736135034,1
4729,27,477,2,3,3,2023,neo_brain,Age-standardized,Brain and central nervous system cancer,FALSE,West Kalimantan,admin1,daly,DALYs (Disability-Adjusted Life Years),Rate,Both,0.000865598868549097,0.00118416763465652,0.000631084575614939,1
4730,27,477,2,3,3,2023,neo_brain,Age-standardized,Brain and central nervous system cancer,FALSE,Central Kalimantan,admin1,daly,DALYs (Disability-Adjusted Life Years),Rate,Both,0.000816329137842702,0.00113068487851775,0.000564665358457635,1
4731,27,477,2,3,3,2023,neo_brain,Age-standardized,Brain and central nervous system cancer,FALSE,South Kalimantan,admin1,daly,DALYs (Disability-Adjusted Life Years),Rate,Both,0.000974796689411516,0.00135967067146813,0.000686938117748291,1
4732,27,477,2,3,3,2023,neo_brain,Age-standardized,Brain and central nervous system cancer,FALSE,East Kalimantan,admin1,daly,DALYs (Disability-Adjusted Life Years),Rate,Both,0.000901063404690449,0.00128305135261046,0.000637308516949275,1
4733,27,477,2,3,3,2023,neo_brain,Age-standardized,Brain and central nervous system cancer,FALSE,North Sulawesi,admin1,daly,DALYs (Disability-Adjusted Life Years),Rate,Both,0.000861538121642311,0.00124285815081665,0.000637484280202024,1
4734,27,477,2,3,3,2023,neo_brain,Age-standardized,Brain and central nervous system cancer,FALSE,Central Sulawesi,admin1,daly,DALYs (Disability-Adjusted Life Years),Rate,Both,0.000918295747806762,0.00127091851371244,0.000638043330026553,1
4735,27,477,2,3,3,2023,neo_brain,Age-standardized,Brain and central nervous system cancer,FALSE,South Sulawesi,admin1,daly,DALYs (Disability-Adjusted Life Years),Rate,Both,0.000920525265486203,0.00127493859804912,0.000662284405325938,1
4736,27,477,2,3,3,2023,neo_brain,Age-standardized,Brain and central nervous system cancer,FALSE,Southeast Sulawesi,admin1,daly,DALYs (Disability-Adjusted Life Years),Rate,Both,0.000970515114766356,0.00135081776461545,0.000668296977609931,1
4737,27,477,2,3,3,2023,neo_brain,Age-standardized,Brain and central nervous system cancer,FALSE,Gorontalo,admin1,daly,DALYs (Disability-Adjusted Life Years),Rate,Both,0.000948357790327449,0.0013325536794984,0.000661896778953595,1
4738,27,477,2,3,3,2023,neo_brain,Age-standardized,Brain and central nervous system cancer,FALSE,West Sulawesi,admin1,daly,DALYs (Disability-Adjusted Life Years),Rate,Both,0.000886091940071534,0.00126621951548212,0.000621269286642929,1
4739,27,477,2,3,3,2023,neo_brain,Age-standardized,Brain and central nervous system cancer,FALSE,Maluku,admin1,daly,DALYs (Disability-Adjusted Life Years),Rate,Both,0.000960408191885012,0.00133445436731939,0.000680234755925607,1
4740,27,477,2,3,3,2023,neo_brain,Age-standardized,Brain and central nervous system cancer,FALSE,North Maluku,admin1,daly,DALYs (Disability-Adjusted Life Years),Rate,Both,0.000869116805934395,0.00122772175048947,0.000602534353209449,1
4741,27,477,2,3,3,2023,neo_brain,Age-standardized,Brain and central nervous system cancer,FALSE,West Papua,admin1,daly,DALYs (Disability-Adjusted Life Years),Rate,Both,0.000921895054978859,0.00130688006829038,0.000620823561405799,1
4742,27,477,2,3,3,2023,neo_brain,Age-standardized,Brain and central nervous system cancer,FALSE,Papua,admin1,daly,DALYs (Disability-Adjusted Life Years),Rate,Both,0.00109435575005096,0.00152137574624998,0.000787382922214394,1
4749,27,477,2,3,3,2023,neo_brain,Age-standardized,Brain and central nervous system cancer,FALSE,England,admin1,daly,DALYs (Disability-Adjusted Life Years),Rate,Both,0.00147054757421421,0.00158555951926233,0.00134271754721506,0
4750,27,477,2,3,3,2023,neo_brain,Age-standardized,Brain and central nervous system cancer,FALSE,Acre,admin1,daly,DALYs (Disability-Adjusted Life Years),Rate,Both,0.00146995760806486,0.00168115818517005,0.00128231591843939,1
4751,27,477,2,3,3,2023,neo_brain,Age-standardized,Brain and central nervous system cancer,FALSE,Alagoas,admin1,daly,DALYs (Disability-Adjusted Life Years),Rate,Both,0.00143527425324909,0.00164473113779833,0.00125518404425564,1
4752,27,477,2,3,3,2023,neo_brain,Age-standardized,Brain and central nervous system cancer,FALSE,Amazonas,admin1,daly,DALYs (Disability-Adjusted Life Years),Rate,Both,0.00165490873872061,0.00189491104965827,0.00146068873536674,1
4753,27,477,2,3,3,2023,neo_brain,Age-standardized,Brain and central nervous system cancer,FALSE,Amapá,admin1,daly,DALYs (Disability-Adjusted Life Years),Rate,Both,0.00173698484335862,0.00198158002693231,0.00153620904690399,1
4754,27,477,2,3,3,2023,neo_brain,Age-standardized,Brain and central nervous system cancer,FALSE,Bahia,admin1,daly,DALYs (Disability-Adjusted Life Years),Rate,Both,0.00162758515009253,0.00180473640834077,0.0014451558534409,1
4755,27,477,2,3,3,2023,neo_brain,Age-standardized,Brain and central nervous system cancer,FALSE,Ceará,admin1,daly,DALYs (Disability-Adjusted Life Years),Rate,Both,0.00163448244591152,0.00180882133119973,0.0014597419465465,1
4756,27,477,2,3,3,2023,neo_brain,Age-standardized,Brain and central nervous system cancer,FALSE,Distrito Federal,admin1,daly,DALYs (Disability-Adjusted Life Years),Rate,Both,0.0016573199231382,0.00186857913352006,0.00148163094164038,1
4757,27,477,2,3,3,2023,neo_brain,Age-standardized,Brain and central nervous system cancer,FALSE,Espírito Santo,admin1,daly,DALYs (Disability-Adjusted Life Years),Rate,Both,0.0017652373373266,0.00199247214905308,0.00155365966728786,1
4758,27,477,2,3,3,2023,neo_brain,Age-standardized,Brain and central nervous system cancer,FALSE,Goiás,admin1,daly,DALYs (Disability-Adjusted Life Years),Rate,Both,0.00173016439642272,0.00192871426803352,0.00155375884775851,1
4759,27,477,2,3,3,2023,neo_brain,Age-standardized,Brain and central nervous system cancer,FALSE,Maranhão,admin1,daly,DALYs (Disability-Adjusted Life Years),Rate,Both,0.0015020962127125,0.00168992451329156,0.0013352734803636,1
4760,27,477,2,3,3,2023,neo_brain,Age-standardized,Brain and central nervous system cancer,FALSE,Minas Gerais,admin1,daly,DALYs (Disability-Adjusted Life Years),Rate,Both,0.00171422171857978,0.00188834654597787,0.00154976972633993,1
4761,27,477,2,3,3,2023,neo_brain,Age-standardized,Brain and central nervous system cancer,FALSE,Mato Grosso do Sul,admin1,daly,DALYs (Disability-Adjusted Life Years),Rate,Both,0.00174213783382378,0.00198296104483921,0.00152540076782894,1
4762,27,477,2,3,3,2023,neo_brain,Age-standardized,Brain and central nervous system cancer,FALSE,Mato Grosso,admin1,daly,DALYs (Disability-Adjusted Life Years),Rate,Both,0.00181076405381545,0.00205997614722396,0.00159593947805371,1
4763,27,477,2,3,3,2023,neo_brain,Age-standardized,Brain and central nervous system cancer,FALSE,Pará,admin1,daly,DALYs (Disability-Adjusted Life Years),Rate,Both,0.00136015495061524,0.00152352174187383,0.0012005923597811,1
4764,27,477,2,3,3,2023,neo_brain,Age-standardized,Brain and central nervous system cancer,FALSE,Paraíba,admin1,daly,DALYs (Disability-Adjusted Life Years),Rate,Both,0.00188136111318864,0.00211408155176932,0.00166167629138733,1
4765,27,477,2,3,3,2023,neo_brain,Age-standardized,Brain and central nervous system cancer,FALSE,Paraná,admin1,daly,DALYs (Disability-Adjusted Life Years),Rate,Both,0.00197037198261321,0.00219051121988409,0.0017795363883517,1
4766,27,477,2,3,3,2023,neo_brain,Age-standardized,Brain and central nervous system cancer,FALSE,Pernambuco,admin1,daly,DALYs (Disability-Adjusted Life Years),Rate,Both,0.00155146683501275,0.00170672109112941,0.00139586767434721,1
4767,27,477,2,3,3,2023,neo_brain,Age-standardized,Brain and central nervous system cancer,FALSE,Piaui,admin1,daly,DALYs (Disability-Adjusted Life Years),Rate,Both,0.00159049767927221,0.00181929428719204,0.00136925678788456,1
4768,27,477,2,3,3,2023,neo_brain,Age-standardized,Brain and central nervous system cancer,FALSE,Rio de Janeiro,admin1,daly,DALYs (Disability-Adjusted Life Years),Rate,Both,0.00183269269366382,0.00204341917443367,0.00166701422157568,1
4769,27,477,2,3,3,2023,neo_brain,Age-standardized,Brain and central nervous system cancer,FALSE,Rio Grande do Norte,admin1,daly,DALYs (Disability-Adjusted Life Years),Rate,Both,0.00151914705203735,0.00172010252219547,0.00133163119996685,1
4770,27,477,2,3,3,2023,neo_brain,Age-standardized,Brain and central nervous system cancer,FALSE,Rondônia,admin1,daly,DALYs (Disability-Adjusted Life Years),Rate,Both,0.00158292403023759,0.00181075544513986,0.00139099319503984,1
4771,27,477,2,3,3,2023,neo_brain,Age-standardized,Brain and central nervous system cancer,FALSE,Roraima,admin1,daly,DALYs (Disability-Adjusted Life Years),Rate,Both,0.00194527418598176,0.00221291252535935,0.00167204928577676,1
4772,27,477,2,3,3,2023,neo_brain,Age-standardized,Brain and central nervous system cancer,FALSE,Rio Grande do Sul,admin1,daly,DALYs (Disability-Adjusted Life Years),Rate,Both,0.00200769552090316,0.00223342182735621,0.00183498034783028,1
4773,27,477,2,3,3,2023,neo_brain,Age-standardized,Brain and central nervous system cancer,FALSE,Santa Catarina,admin1,daly,DALYs (Disability-Adjusted Life Years),Rate,Both,0.00189784044058131,0.00214245737022464,0.00170585125621991,1
4774,27,477,2,3,3,2023,neo_brain,Age-standardized,Brain and central nervous system cancer,FALSE,Sergipe,admin1,daly,DALYs (Disability-Adjusted Life Years),Rate,Both,0.00142432204782417,0.00163331249634726,0.00125015325485629,1
4775,27,477,2,3,3,2023,neo_brain,Age-standardized,Brain and central nervous system cancer,FALSE,São Paulo,admin1,daly,DALYs (Disability-Adjusted Life Years),Rate,Both,0.00179414058728719,0.00197831659752612,0.00164498044878878,1
4776,27,477,2,3,3,2023,neo_brain,Age-standardized,Brain and central nervous system cancer,FALSE,Tocantins,admin1,daly,DALYs (Disability-Adjusted Life Years),Rate,Both,0.0015967645303821,0.00186947855346894,0.00133712021552537,1
4841,27,477,2,3,3,2023,neo_brain,Age-standardized,Brain and central nervous system cancer,FALSE,Andhra Pradesh,admin1,daly,DALYs (Disability-Adjusted Life Years),Rate,Both,0.000589198914776116,0.000840683232319205,0.000432831380211938,0
4842,27,477,2,3,3,2023,neo_brain,Age-standardized,Brain and central nervous system cancer,FALSE,Arunachal Pradesh,admin1,daly,DALYs (Disability-Adjusted Life Years),Rate,Both,0.000463018181034048,0.000779439476492508,0.000313643932974318,0
4843,27,477,2,3,3,2023,neo_brain,Age-standardized,Brain and central nervous system cancer,FALSE,Assam,admin1,daly,DALYs (Disability-Adjusted Life Years),Rate,Both,0.000443385775218815,0.000823640050457627,0.000282045039527041,0
4844,27,477,2,3,3,2023,neo_brain,Age-standardized,Brain and central nervous system cancer,FALSE,Bihar,admin1,daly,DALYs (Disability-Adjusted Life Years),Rate,Both,0.000623868719180486,0.000858130105957,0.000462843268711939,0
4846,27,477,2,3,3,2023,neo_brain,Age-standardized,Brain and central nervous system cancer,FALSE,Chhattisgarh,admin1,daly,DALYs (Disability-Adjusted Life Years),Rate,Both,0.000612066657892556,0.000856786865367982,0.000465240222836842,0
4849,27,477,2,3,3,2023,neo_brain,Age-standardized,Brain and central nervous system cancer,FALSE,Delhi,admin1,daly,DALYs (Disability-Adjusted Life Years),Rate,Both,0.000733664591090079,0.00104299472426966,0.000448194797622409,0
4850,27,477,2,3,3,2023,neo_brain,Age-standardized,Brain and central nervous system cancer,FALSE,Goa,admin1,daly,DALYs (Disability-Adjusted Life Years),Rate,Both,0.000563753145450902,0.000836232833263,0.000412276745833266,0
4851,27,477,2,3,3,2023,neo_brain,Age-standardized,Brain and central nervous system cancer,FALSE,Gujarat,admin1,daly,DALYs (Disability-Adjusted Life Years),Rate,Both,0.00052991781037141,0.000885263176945682,0.000371923998315333,0
4852,27,477,2,3,3,2023,neo_brain,Age-standardized,Brain and central nervous system cancer,FALSE,Haryana,admin1,daly,DALYs (Disability-Adjusted Life Years),Rate,Both,0.000644617019554546,0.000931662330509066,0.000483596345651003,0
4853,27,477,2,3,3,2023,neo_brain,Age-standardized,Brain and central nervous system cancer,FALSE,Himachal Pradesh,admin1,daly,DALYs (Disability-Adjusted Life Years),Rate,Both,0.000626840686163304,0.00088257577658638,0.000470921141590509,0
4854,27,477,2,3,3,2023,neo_brain,Age-standardized,Brain and central nervous system cancer,FALSE,Jammu & Kashmir and Ladakh,admin1,daly,DALYs (Disability-Adjusted Life Years),Rate,Both,0.000563367216741156,0.00080581147790878,0.000426107462608663,0
4855,27,477,2,3,3,2023,neo_brain,Age-standardized,Brain and central nervous system cancer,FALSE,Jharkhand,admin1,daly,DALYs (Disability-Adjusted Life Years),Rate,Both,0.000570378114571863,0.000786069996470154,0.000433937608361402,0
4856,27,477,2,3,3,2023,neo_brain,Age-standardized,Brain and central nervous system cancer,FALSE,Karnataka,admin1,daly,DALYs (Disability-Adjusted Life Years),Rate,Both,0.000695462592122438,0.000933264110257336,0.000531676581788948,0
4857,27,477,2,3,3,2023,neo_brain,Age-standardized,Brain and central nervous system cancer,FALSE,Kerala,admin1,daly,DALYs (Disability-Adjusted Life Years),Rate,Both,0.000612189650301842,0.000854812011908703,0.000365862808422853,0
4859,27,477,2,3,3,2023,neo_brain,Age-standardized,Brain and central nervous system cancer,FALSE,Madhya Pradesh,admin1,daly,DALYs (Disability-Adjusted Life Years),Rate,Both,0.000734314243511644,0.000965506618259379,0.000538482616034594,0
4860,27,477,2,3,3,2023,neo_brain,Age-standardized,Brain and central nervous system cancer,FALSE,Maharashtra,admin1,daly,DALYs (Disability-Adjusted Life Years),Rate,Both,0.000496483428730023,0.000805142970775543,0.000365209505435952,0
4861,27,477,2,3,3,2023,neo_brain,Age-standardized,Brain and central nervous system cancer,FALSE,Manipur,admin1,daly,DALYs (Disability-Adjusted Life Years),Rate,Both,0.000333685897646223,0.000711624736461749,0.000195012066505649,0
4862,27,477,2,3,3,2023,neo_brain,Age-standardized,Brain and central nervous system cancer,FALSE,Meghalaya,admin1,daly,DALYs (Disability-Adjusted Life Years),Rate,Both,0.000437587089570815,0.000797830230034773,0.000286886965947622,0
4863,27,477,2,3,3,2023,neo_brain,Age-standardized,Brain and central nervous system cancer,FALSE,Mizoram,admin1,daly,DALYs (Disability-Adjusted Life Years),Rate,Both,0.000465450241997946,0.000691321923395101,0.000329972078262805,0
4864,27,477,2,3,3,2023,neo_brain,Age-standardized,Brain and central nervous system cancer,FALSE,Nagaland,admin1,daly,DALYs (Disability-Adjusted Life Years),Rate,Both,0.000296098771444555,0.000638748359013852,0.000167853019228735,0
4865,27,477,2,3,3,2023,neo_brain,Age-standardized,Brain and central nervous system cancer,FALSE,Odisha,admin1,daly,DALYs (Disability-Adjusted Life Years),Rate,Both,0.000648798025328702,0.000883794985582119,0.000475403007676901,0
4867,27,477,2,3,3,2023,neo_brain,Age-standardized,Brain and central nervous system cancer,FALSE,Punjab,admin1,daly,DALYs (Disability-Adjusted Life Years),Rate,Both,0.000629561353523238,0.000899437423223006,0.000462952046667217,0
4868,27,477,2,3,3,2023,neo_brain,Age-standardized,Brain and central nervous system cancer,FALSE,Rajasthan,admin1,daly,DALYs (Disability-Adjusted Life Years),Rate,Both,0.000668987767188513,0.000937310095309985,0.000492958163916598,0
4869,27,477,2,3,3,2023,neo_brain,Age-standardized,Brain and central nervous system cancer,FALSE,Sikkim,admin1,daly,DALYs (Disability-Adjusted Life Years),Rate,Both,0.000866707907507527,0.00129374088337523,0.000466983118839781,0
4870,27,477,2,3,3,2023,neo_brain,Age-standardized,Brain and central nervous system cancer,FALSE,Tamil Nadu,admin1,daly,DALYs (Disability-Adjusted Life Years),Rate,Both,0.000686213330072458,0.000931104985101935,0.000512259035630593,0
4871,27,477,2,3,3,2023,neo_brain,Age-standardized,Brain and central nervous system cancer,FALSE,Telangana,admin1,daly,DALYs (Disability-Adjusted Life Years),Rate,Both,0.000606128086035527,0.000877134252720734,0.00044720806088656,0
4872,27,477,2,3,3,2023,neo_brain,Age-standardized,Brain and central nervous system cancer,FALSE,Tripura,admin1,daly,DALYs (Disability-Adjusted Life Years),Rate,Both,0.0004737214317729,0.000739795652204332,0.000330571332124776,0
4873,27,477,2,3,3,2023,neo_brain,Age-standardized,Brain and central nervous system cancer,FALSE,Uttar Pradesh,admin1,daly,DALYs (Disability-Adjusted Life Years),Rate,Both,0.000667890644323441,0.000927764520079198,0.000493590659713251,0
4874,27,477,2,3,3,2023,neo_brain,Age-standardized,Brain and central nervous system cancer,FALSE,Uttarakhand,admin1,daly,DALYs (Disability-Adjusted Life Years),Rate,Both,0.000686452621849187,0.00101813768203828,0.000498715837289054,0
4875,27,477,2,3,3,2023,neo_brain,Age-standardized,Brain and central nervous system cancer,FALSE,West Bengal,admin1,daly,DALYs (Disability-Adjusted Life Years),Rate,Both,0.000604416419187573,0.000820324587662765,0.000442202378426563,0
4910,27,477,2,3,3,2023,neo_brain,Age-standardized,Brain and central nervous system cancer,FALSE,Oslo,admin1,daly,DALYs (Disability-Adjusted Life Years),Rate,Both,0.0014388643030025,0.00162875902572466,0.00125326182192169,1
4920,27,477,2,3,3,2023,neo_brain,Age-standardized,Brain and central nervous system cancer,FALSE,Rogaland,admin1,daly,DALYs (Disability-Adjusted Life Years),Rate,Both,0.00170922021093872,0.00192292816856797,0.00148701302501131,1
4923,27,477,2,3,3,2023,neo_brain,Age-standardized,Brain and central nervous system cancer,FALSE,Møre og Romsdal,admin1,daly,DALYs (Disability-Adjusted Life Years),Rate,Both,0.00162341151659641,0.00185294134522128,0.00141398619606229,1
4926,27,477,2,3,3,2023,neo_brain,Age-standardized,Brain and central nervous system cancer,FALSE,Nordland,admin1,daly,DALYs (Disability-Adjusted Life Years),Rate,Both,0.00173145317212949,0.00195033018473821,0.00151570709223204,1
25318,27,477,2,3,3,2023,neo_brain,Age-standardized,Brain and central nervous system cancer,FALSE,Abia,admin1,daly,DALYs (Disability-Adjusted Life Years),Rate,Both,0.00031503048895435,0.000455651083360518,0.000228390718941975,1
25319,27,477,2,3,3,2023,neo_brain,Age-standardized,Brain and central nervous system cancer,FALSE,Adamawa,admin1,daly,DALYs (Disability-Adjusted Life Years),Rate,Both,0.000277596339475707,0.000408184997207303,0.000202858272399057,1
25320,27,477,2,3,3,2023,neo_brain,Age-standardized,Brain and central nervous system cancer,FALSE,Akwa Ibom,admin1,daly,DALYs (Disability-Adjusted Life Years),Rate,Both,0.000259096889217443,0.000374531054074032,0.00018412825015213,1
25321,27,477,2,3,3,2023,neo_brain,Age-standardized,Brain and central nervous system cancer,FALSE,Anambra,admin1,daly,DALYs (Disability-Adjusted Life Years),Rate,Both,0.000237576859144836,0.000340800414828268,0.000162020720936042,1
25322,27,477,2,3,3,2023,neo_brain,Age-standardized,Brain and central nervous system cancer,FALSE,Bauchi,admin1,daly,DALYs (Disability-Adjusted Life Years),Rate,Both,0.000251963000312052,0.00037204403726368,0.000181859737919158,1
25323,27,477,2,3,3,2023,neo_brain,Age-standardized,Brain and central nervous system cancer,FALSE,Bayelsa,admin1,daly,DALYs (Disability-Adjusted Life Years),Rate,Both,0.000326435337532547,0.00049440900856459,0.000238312501561868,1
25324,27,477,2,3,3,2023,neo_brain,Age-standardized,Brain and central nervous system cancer,FALSE,Benue,admin1,daly,DALYs (Disability-Adjusted Life Years),Rate,Both,0.000234923558956496,0.000361712403061663,0.000161198605082524,1
25325,27,477,2,3,3,2023,neo_brain,Age-standardized,Brain and central nervous system cancer,FALSE,Borno,admin1,daly,DALYs (Disability-Adjusted Life Years),Rate,Both,0.000265436074254285,0.000385553184736378,0.000191757857444417,1
25326,27,477,2,3,3,2023,neo_brain,Age-standardized,Brain and central nervous system cancer,FALSE,Cross River,admin1,daly,DALYs (Disability-Adjusted Life Years),Rate,Both,0.000214637196890206,0.000403148608431763,0.000134437792770765,1
25327,27,477,2,3,3,2023,neo_brain,Age-standardized,Brain and central nervous system cancer,FALSE,Delta,admin1,daly,DALYs (Disability-Adjusted Life Years),Rate,Both,0.00030962944096914,0.000468469128512406,0.000212367338853039,1
25328,27,477,2,3,3,2023,neo_brain,Age-standardized,Brain and central nervous system cancer,FALSE,Ebonyi,admin1,daly,DALYs (Disability-Adjusted Life Years),Rate,Both,0.00028343488448305,0.000415887850920551,0.000207051978462022,1
25329,27,477,2,3,3,2023,neo_brain,Age-standardized,Brain and central nervous system cancer,FALSE,Edo,admin1,daly,DALYs (Disability-Adjusted Life Years),Rate,Both,0.000303976815141811,0.00044653363299967,0.000205099681773677,1
25330,27,477,2,3,3,2023,neo_brain,Age-standardized,Brain and central nervous system cancer,FALSE,Ekiti,admin1,daly,DALYs (Disability-Adjusted Life Years),Rate,Both,0.000300115006039654,0.000432360432053477,0.000195404237209754,1
25331,27,477,2,3,3,2023,neo_brain,Age-standardized,Brain and central nervous system cancer,FALSE,Enugu,admin1,daly,DALYs (Disability-Adjusted Life Years),Rate,Both,0.000268849876521774,0.000391032036631999,0.000183734178351912,1
25332,27,477,2,3,3,2023,neo_brain,Age-standardized,Brain and central nervous system cancer,FALSE,FCT (Abuja),admin1,daly,DALYs (Disability-Adjusted Life Years),Rate,Both,0.000394903696257734,0.000557424530248337,0.00026554892975071,1
25333,27,477,2,3,3,2023,neo_brain,Age-standardized,Brain and central nervous system cancer,FALSE,Gombe,admin1,daly,DALYs (Disability-Adjusted Life Years),Rate,Both,0.000286869062889869,0.000426795697433844,0.000206918155275014,1
25334,27,477,2,3,3,2023,neo_brain,Age-standardized,Brain and central nervous system cancer,FALSE,Imo,admin1,daly,DALYs (Disability-Adjusted Life Years),Rate,Both,0.000287716779682289,0.000413390351575516,0.000204657147347382,1
25335,27,477,2,3,3,2023,neo_brain,Age-standardized,Brain and central nervous system cancer,FALSE,Jigawa,admin1,daly,DALYs (Disability-Adjusted Life Years),Rate,Both,0.000323659628383566,0.000483302518886642,0.000230758339592382,1
25336,27,477,2,3,3,2023,neo_brain,Age-standardized,Brain and central nervous system cancer,FALSE,Kaduna,admin1,daly,DALYs (Disability-Adjusted Life Years),Rate,Both,0.000315848240665904,0.000475620077077026,0.000231227784275779,1
25337,27,477,2,3,3,2023,neo_brain,Age-standardized,Brain and central nervous system cancer,FALSE,Kano,admin1,daly,DALYs (Disability-Adjusted Life Years),Rate,Both,0.000309700671600104,0.000450119591945719,0.000223501499673808,1
25338,27,477,2,3,3,2023,neo_brain,Age-standardized,Brain and central nervous system cancer,FALSE,Katsina,admin1,daly,DALYs (Disability-Adjusted Life Years),Rate,Both,0.000243466252133091,0.000357343734445334,0.000173454588195329,1
25339,27,477,2,3,3,2023,neo_brain,Age-standardized,Brain and central nervous system cancer,FALSE,Kebbi,admin1,daly,DALYs (Disability-Adjusted Life Years),Rate,Both,0.000290944260652211,0.000435748613971999,0.000214037429812997,1
25340,27,477,2,3,3,2023,neo_brain,Age-standardized,Brain and central nervous system cancer,FALSE,Kogi,admin1,daly,DALYs (Disability-Adjusted Life Years),Rate,Both,0.000305314723432854,0.000450219161706653,0.000210989330636915,1
25341,27,477,2,3,3,2023,neo_brain,Age-standardized,Brain and central nervous system cancer,FALSE,Kwara,admin1,daly,DALYs (Disability-Adjusted Life Years),Rate,Both,0.000307713677220765,0.000453810510967663,0.00021484278138585,1
25342,27,477,2,3,3,2023,neo_brain,Age-standardized,Brain and central nervous system cancer,FALSE,Lagos,admin1,daly,DALYs (Disability-Adjusted Life Years),Rate,Both,0.000283149364346523,0.00041588123925321,0.000185483080536884,1
25343,27,477,2,3,3,2023,neo_brain,Age-standardized,Brain and central nervous system cancer,FALSE,Nasarawa,admin1,daly,DALYs (Disability-Adjusted Life Years),Rate,Both,0.000306279036400658,0.000453449823451912,0.000216341850035422,1
25344,27,477,2,3,3,2023,neo_brain,Age-standardized,Brain and central nervous system cancer,FALSE,Niger,admin1,daly,DALYs (Disability-Adjusted Life Years),Rate,Both,0.000244931033361731,0.000368028456521086,0.000174445582153761,1
25345,27,477,2,3,3,2023,neo_brain,Age-standardized,Brain and central nervous system cancer,FALSE,Ogun,admin1,daly,DALYs (Disability-Adjusted Life Years),Rate,Both,0.000241738355012615,0.000368328323326092,0.000166188675732276,1
25346,27,477,2,3,3,2023,neo_brain,Age-standardized,Brain and central nervous system cancer,FALSE,Ondo,admin1,daly,DALYs (Disability-Adjusted Life Years),Rate,Both,0.000270942692736843,0.000395778536906604,0.000178464991745729,1
25347,27,477,2,3,3,2023,neo_brain,Age-standardized,Brain and central nervous system cancer,FALSE,Osun,admin1,daly,DALYs (Disability-Adjusted Life Years),Rate,Both,0.000327484326009433,0.000499044090669393,0.000209429431266038,1
25348,27,477,2,3,3,2023,neo_brain,Age-standardized,Brain and central nervous system cancer,FALSE,Oyo,admin1,daly,DALYs (Disability-Adjusted Life Years),Rate,Both,0.000799888660465003,0.00131620024238854,0.000260522745101975,1
25349,27,477,2,3,3,2023,neo_brain,Age-standardized,Brain and central nervous system cancer,FALSE,Plateau,admin1,daly,DALYs (Disability-Adjusted Life Years),Rate,Both,0.000296035738517992,0.00044342999078808,0.000211190241368696,1
25350,27,477,2,3,3,2023,neo_brain,Age-standardized,Brain and central nervous system cancer,FALSE,Rivers,admin1,daly,DALYs (Disability-Adjusted Life Years),Rate,Both,0.000358766259969484,0.000524616643488587,0.00026174508452757,1
25351,27,477,2,3,3,2023,neo_brain,Age-standardized,Brain and central nervous system cancer,FALSE,Sokoto,admin1,daly,DALYs (Disability-Adjusted Life Years),Rate,Both,0.000299038484653976,0.000456287253377537,0.000213131783589006,1
25352,27,477,2,3,3,2023,neo_brain,Age-standardized,Brain and central nervous system cancer,FALSE,Taraba,admin1,daly,DALYs (Disability-Adjusted Life Years),Rate,Both,0.000319376954943419,0.000481091016671662,0.000221917385790499,1
25353,27,477,2,3,3,2023,neo_brain,Age-standardized,Brain and central nervous system cancer,FALSE,Yobe,admin1,daly,DALYs (Disability-Adjusted Life Years),Rate,Both,0.000235506162697766,0.000348558770545576,0.000166092763446638,1
25354,27,477,2,3,3,2023,neo_brain,Age-standardized,Brain and central nervous system cancer,FALSE,Zamfara,admin1,daly,DALYs (Disability-Adjusted Life Years),Rate,Both,0.000251119925014305,0.000366199149371755,0.000175420214431618,1
35424,27,477,2,3,3,2023,neo_brain,Age-standardized,Brain and central nervous system cancer,FALSE,Hokkaidō,admin2,daly,DALYs (Disability-Adjusted Life Years),Rate,Both,0.000793878871936302,0.000913860313007285,0.000689928726116278,1
35425,27,477,2,3,3,2023,neo_brain,Age-standardized,Brain and central nervous system cancer,FALSE,Aomori,admin2,daly,DALYs (Disability-Adjusted Life Years),Rate,Both,0.000651144092253422,0.000731905938117586,0.000575181048616165,1
35426,27,477,2,3,3,2023,neo_brain,Age-standardized,Brain and central nervous system cancer,FALSE,Iwate,admin2,daly,DALYs (Disability-Adjusted Life Years),Rate,Both,0.00074882981765534,0.000851389631951628,0.000660263899206411,1
35427,27,477,2,3,3,2023,neo_brain,Age-standardized,Brain and central nervous system cancer,FALSE,Miyagi,admin2,daly,DALYs (Disability-Adjusted Life Years),Rate,Both,0.000671290613920191,0.000771940465275898,0.00057531837089674,1
35428,27,477,2,3,3,2023,neo_brain,Age-standardized,Brain and central nervous system cancer,FALSE,Akita,admin2,daly,DALYs (Disability-Adjusted Life Years),Rate,Both,0.000731824940916042,0.000820776270358519,0.000654703683859741,1
35429,27,477,2,3,3,2023,neo_brain,Age-standardized,Brain and central nervous system cancer,FALSE,Yamagata,admin2,daly,DALYs (Disability-Adjusted Life Years),Rate,Both,0.000723253343282102,0.000811723996121657,0.000633125491041958,1
35430,27,477,2,3,3,2023,neo_brain,Age-standardized,Brain and central nervous system cancer,FALSE,Fukushima,admin2,daly,DALYs (Disability-Adjusted Life Years),Rate,Both,0.00089013293218769,0.00101108562320499,0.000791852870752363,1
35431,27,477,2,3,3,2023,neo_brain,Age-standardized,Brain and central nervous system cancer,FALSE,Ibaraki,admin2,daly,DALYs (Disability-Adjusted Life Years),Rate,Both,0.000738844481859519,0.000854239904435226,0.000638885984216087,1
35432,27,477,2,3,3,2023,neo_brain,Age-standardized,Brain and central nervous system cancer,FALSE,Tochigi,admin2,daly,DALYs (Disability-Adjusted Life Years),Rate,Both,0.000701913767871013,0.000802767780383646,0.000609582526769098,1
35433,27,477,2,3,3,2023,neo_brain,Age-standardized,Brain and central nervous system cancer,FALSE,Gunma,admin2,daly,DALYs (Disability-Adjusted Life Years),Rate,Both,0.000532163333896992,0.000610783710164852,0.00045801848824885,1
35434,27,477,2,3,3,2023,neo_brain,Age-standardized,Brain and central nervous system cancer,FALSE,Saitama,admin2,daly,DALYs (Disability-Adjusted Life Years),Rate,Both,0.00061441616262551,0.000708990456851779,0.000540023015534275,1
35435,27,477,2,3,3,2023,neo_brain,Age-standardized,Brain and central nervous system cancer,FALSE,Chiba,admin2,daly,DALYs (Disability-Adjusted Life Years),Rate,Both,0.000665933662921278,0.000760406937817317,0.00057969382542823,1
35436,27,477,2,3,3,2023,neo_brain,Age-standardized,Brain and central nervous system cancer,FALSE,Tōkyō,admin2,daly,DALYs (Disability-Adjusted Life Years),Rate,Both,0.000561636017975167,0.000642685390704208,0.000492623046036193,1
35437,27,477,2,3,3,2023,neo_brain,Age-standardized,Brain and central nervous system cancer,FALSE,Kanagawa,admin2,daly,DALYs (Disability-Adjusted Life Years),Rate,Both,0.000627743942359128,0.000731651700880845,0.000547755170733086,1
35438,27,477,2,3,3,2023,neo_brain,Age-standardized,Brain and central nervous system cancer,FALSE,Niigata,admin2,daly,DALYs (Disability-Adjusted Life Years),Rate,Both,0.000698841993679709,0.000801263534739751,0.000615198449836775,1
35439,27,477,2,3,3,2023,neo_brain,Age-standardized,Brain and central nervous system cancer,FALSE,Toyama,admin2,daly,DALYs (Disability-Adjusted Life Years),Rate,Both,0.000778831221467328,0.000892682249157195,0.000681813113104814,1
35440,27,477,2,3,3,2023,neo_brain,Age-standardized,Brain and central nervous system cancer,FALSE,Ishikawa,admin2,daly,DALYs (Disability-Adjusted Life Years),Rate,Both,0.000823843274606046,0.00092824732450381,0.000730161545665357,1
35441,27,477,2,3,3,2023,neo_brain,Age-standardized,Brain and central nervous system cancer,FALSE,Fukui,admin2,daly,DALYs (Disability-Adjusted Life Years),Rate,Both,0.000673060159588828,0.000752746996851208,0.000597667020853568,1
35442,27,477,2,3,3,2023,neo_brain,Age-standardized,Brain and central nervous system cancer,FALSE,Yamanashi,admin2,daly,DALYs (Disability-Adjusted Life Years),Rate,Both,0.000615375390217937,0.000691066007290859,0.00053167904784985,1
35443,27,477,2,3,3,2023,neo_brain,Age-standardized,Brain and central nervous system cancer,FALSE,Nagano,admin2,daly,DALYs (Disability-Adjusted Life Years),Rate,Both,0.000675570037951188,0.000768140631638955,0.000588639404326175,1
35444,27,477,2,3,3,2023,neo_brain,Age-standardized,Brain and central nervous system cancer,FALSE,Gifu,admin2,daly,DALYs (Disability-Adjusted Life Years),Rate,Both,0.000604694549865373,0.000701032029757806,0.000523938915648573,1
35445,27,477,2,3,3,2023,neo_brain,Age-standardized,Brain and central nervous system cancer,FALSE,Shizuoka,admin2,daly,DALYs (Disability-Adjusted Life Years),Rate,Both,0.000696953405280074,0.000792962023415993,0.000613124381159786,1
35446,27,477,2,3,3,2023,neo_brain,Age-standardized,Brain and central nervous system cancer,FALSE,Aichi,admin2,daly,DALYs (Disability-Adjusted Life Years),Rate,Both,0.000755129419096129,0.000870398118143893,0.000659464969000128,1
35447,27,477,2,3,3,2023,neo_brain,Age-standardized,Brain and central nervous system cancer,FALSE,Mie,admin2,daly,DALYs (Disability-Adjusted Life Years),Rate,Both,0.000555767844967915,0.000638318835407918,0.00049104392180388,1
35448,27,477,2,3,3,2023,neo_brain,Age-standardized,Brain and central nervous system cancer,FALSE,Shiga,admin2,daly,DALYs (Disability-Adjusted Life Years),Rate,Both,0.000620156258095945,0.000701077303422454,0.000546726963342592,1
35449,27,477,2,3,3,2023,neo_brain,Age-standardized,Brain and central nervous system cancer,FALSE,Kyōto,admin2,daly,DALYs (Disability-Adjusted Life Years),Rate,Both,0.000621925198222825,0.00071009935255399,0.000533197058365603,1
35450,27,477,2,3,3,2023,neo_brain,Age-standardized,Brain and central nervous system cancer,FALSE,Ōsaka,admin2,daly,DALYs (Disability-Adjusted Life Years),Rate,Both,0.000622149795201175,0.000708772902546784,0.000542944511514908,1
35451,27,477,2,3,3,2023,neo_brain,Age-standardized,Brain and central nervous system cancer,FALSE,Hyōgo,admin2,daly,DALYs (Disability-Adjusted Life Years),Rate,Both,0.000656196746456033,0.000758496048892084,0.000575582442440114,1
35452,27,477,2,3,3,2023,neo_brain,Age-standardized,Brain and central nervous system cancer,FALSE,Nara,admin2,daly,DALYs (Disability-Adjusted Life Years),Rate,Both,0.000677342006906884,0.000767488319214652,0.000602337566020089,1
35453,27,477,2,3,3,2023,neo_brain,Age-standardized,Brain and central nervous system cancer,FALSE,Wakayama,admin2,daly,DALYs (Disability-Adjusted Life Years),Rate,Both,0.000604446270248608,0.000687003482391237,0.000532163486654343,1
35454,27,477,2,3,3,2023,neo_brain,Age-standardized,Brain and central nervous system cancer,FALSE,Tottori,admin2,daly,DALYs (Disability-Adjusted Life Years),Rate,Both,0.000601799772385383,0.000688537257908148,0.000522994909678804,1
35455,27,477,2,3,3,2023,neo_brain,Age-standardized,Brain and central nervous system cancer,FALSE,Shimane,admin2,daly,DALYs (Disability-Adjusted Life Years),Rate,Both,0.00068352981281313,0.000762791020558575,0.000599731596617648,1
35456,27,477,2,3,3,2023,neo_brain,Age-standardized,Brain and central nervous system cancer,FALSE,Okayama,admin2,daly,DALYs (Disability-Adjusted Life Years),Rate,Both,0.000712959125771491,0.000821584986801179,0.00061500931121675,1
35457,27,477,2,3,3,2023,neo_brain,Age-standardized,Brain and central nervous system cancer,FALSE,Hiroshima,admin2,daly,DALYs (Disability-Adjusted Life Years),Rate,Both,0.00066129659163573,0.000767343539374961,0.000569653674333541,1
35458,27,477,2,3,3,2023,neo_brain,Age-standardized,Brain and central nervous system cancer,FALSE,Yamaguchi,admin2,daly,DALYs (Disability-Adjusted Life Years),Rate,Both,0.00067304610598636,0.000772730100941723,0.000580791782765533,1
35459,27,477,2,3,3,2023,neo_brain,Age-standardized,Brain and central nervous system cancer,FALSE,Tokushima,admin2,daly,DALYs (Disability-Adjusted Life Years),Rate,Both,0.000704774943232176,0.000798269490297016,0.000600943950934504,1
35460,27,477,2,3,3,2023,neo_brain,Age-standardized,Brain and central nervous system cancer,FALSE,Kagawa,admin2,daly,DALYs (Disability-Adjusted Life Years),Rate,Both,0.000878728752621664,0.000996925196180101,0.000789650618262525,1
35461,27,477,2,3,3,2023,neo_brain,Age-standardized,Brain and central nervous system cancer,FALSE,Ehime,admin2,daly,DALYs (Disability-Adjusted Life Years),Rate,Both,0.000678085035773593,0.000787695240848954,0.000586421859614791,1
35462,27,477,2,3,3,2023,neo_brain,Age-standardized,Brain and central nervous system cancer,FALSE,Kōchi,admin2,daly,DALYs (Disability-Adjusted Life Years),Rate,Both,0.000825487320471606,0.000920247194627717,0.000730149646000032,1
35463,27,477,2,3,3,2023,neo_brain,Age-standardized,Brain and central nervous system cancer,FALSE,Fukuoka,admin2,daly,DALYs (Disability-Adjusted Life Years),Rate,Both,0.000694475366218256,0.000807908660179967,0.000603154357067406,1
35464,27,477,2,3,3,2023,neo_brain,Age-standardized,Brain and central nervous system cancer,FALSE,Saga,admin2,daly,DALYs (Disability-Adjusted Life Years),Rate,Both,0.00076817533583104,0.000867969987724105,0.000688815238012372,1
35465,27,477,2,3,3,2023,neo_brain,Age-standardized,Brain and central nervous system cancer,FALSE,Nagasaki,admin2,daly,DALYs (Disability-Adjusted Life Years),Rate,Both,0.000909212834677692,0.00103026634294223,0.00080584573090716,1
35466,27,477,2,3,3,2023,neo_brain,Age-standardized,Brain and central nervous system cancer,FALSE,Kumamoto,admin2,daly,DALYs (Disability-Adjusted Life Years),Rate,Both,0.000712481275780167,0.000825776095325191,0.000607776988102114,1
35467,27,477,2,3,3,2023,neo_brain,Age-standardized,Brain and central nervous system cancer,FALSE,Ōita,admin2,daly,DALYs (Disability-Adjusted Life Years),Rate,Both,0.000892647260924395,0.00102048664174659,0.000779960557125098,1
35468,27,477,2,3,3,2023,neo_brain,Age-standardized,Brain and central nervous system cancer,FALSE,Miyazaki,admin2,daly,DALYs (Disability-Adjusted Life Years),Rate,Both,0.000673960910953864,0.00075599874715392,0.000605452165246376,1
35469,27,477,2,3,3,2023,neo_brain,Age-standardized,Brain and central nervous system cancer,FALSE,Kagoshima,admin2,daly,DALYs (Disability-Adjusted Life Years),Rate,Both,0.000628328479634875,0.000726877890432364,0.000548157065004716,1
35470,27,477,2,3,3,2023,neo_brain,Age-standardized,Brain and central nervous system cancer,FALSE,Okinawa,admin2,daly,DALYs (Disability-Adjusted Life Years),Rate,Both,0.000777783272742325,0.000880484502543164,0.000687654364478622,1
35494,27,477,2,3,3,2023,neo_brain,Age-standardized,Brain and central nervous system cancer,FALSE,Piemonte,admin1,daly,DALYs (Disability-Adjusted Life Years),Rate,Both,0.00133051421781272,0.00150300844119173,0.00119476625095182,1
35495,27,477,2,3,3,2023,neo_brain,Age-standardized,Brain and central nervous system cancer,FALSE,Valle d'Aosta,admin1,daly,DALYs (Disability-Adjusted Life Years),Rate,Both,0.00115646507287547,0.00130396709399378,0.00102359121183602,1
35496,27,477,2,3,3,2023,neo_brain,Age-standardized,Brain and central nervous system cancer,FALSE,Liguria,admin1,daly,DALYs (Disability-Adjusted Life Years),Rate,Both,0.00128777767606255,0.00146398267353035,0.00113113909846734,1
35497,27,477,2,3,3,2023,neo_brain,Age-standardized,Brain and central nervous system cancer,FALSE,Lombardia,admin1,daly,DALYs (Disability-Adjusted Life Years),Rate,Both,0.00128345322297639,0.00140881983190749,0.00116786353549839,1
35498,27,477,2,3,3,2023,neo_brain,Age-standardized,Brain and central nervous system cancer,FALSE,Provincia autonoma di Bolzano,admin1,daly,DALYs (Disability-Adjusted Life Years),Rate,Both,0.00144826812653786,0.00164892052873534,0.00123511243039979,1
35499,27,477,2,3,3,2023,neo_brain,Age-standardized,Brain and central nervous system cancer,FALSE,Provincia autonoma di Trento,admin1,daly,DALYs (Disability-Adjusted Life Years),Rate,Both,0.00124849424941159,0.00144514510329888,0.00108758022474033,1
35500,27,477,2,3,3,2023,neo_brain,Age-standardized,Brain and central nervous system cancer,FALSE,Veneto,admin1,daly,DALYs (Disability-Adjusted Life Years),Rate,Both,0.00135134232349317,0.00151040372725861,0.00119285504031317,1
35501,27,477,2,3,3,2023,neo_brain,Age-standardized,Brain and central nervous system cancer,FALSE,Friuli-Venezia Giulia,admin1,daly,DALYs (Disability-Adjusted Life Years),Rate,Both,0.00128698605528253,0.00147782655010496,0.00112981434311876,1
35502,27,477,2,3,3,2023,neo_brain,Age-standardized,Brain and central nervous system cancer,FALSE,Emilia-Romagna,admin1,daly,DALYs (Disability-Adjusted Life Years),Rate,Both,0.001335514801793,0.00152149347722431,0.00115142608178668,1
35503,27,477,2,3,3,2023,neo_brain,Age-standardized,Brain and central nervous system cancer,FALSE,Toscana,admin1,daly,DALYs (Disability-Adjusted Life Years),Rate,Both,0.00142489746753418,0.00160717745600887,0.00126372315629284,1
35504,27,477,2,3,3,2023,neo_brain,Age-standardized,Brain and central nervous system cancer,FALSE,Umbria,admin1,daly,DALYs (Disability-Adjusted Life Years),Rate,Both,0.00135694224957721,0.00156429849539991,0.00118814051404119,1
35505,27,477,2,3,3,2023,neo_brain,Age-standardized,Brain and central nervous system cancer,FALSE,Marche,admin1,daly,DALYs (Disability-Adjusted Life Years),Rate,Both,0.00138948430571929,0.00158915785106603,0.00118996919266623,1
35506,27,477,2,3,3,2023,neo_brain,Age-standardized,Brain and central nervous system cancer,FALSE,Lazio,admin1,daly,DALYs (Disability-Adjusted Life Years),Rate,Both,0.00131844379983348,0.00147587090059529,0.00117460492694492,1
35507,27,477,2,3,3,2023,neo_brain,Age-standardized,Brain and central nervous system cancer,FALSE,Abruzzo,admin1,daly,DALYs (Disability-Adjusted Life Years),Rate,Both,0.00136507892217943,0.0015627130411964,0.00119614191098667,1
35508,27,477,2,3,3,2023,neo_brain,Age-standardized,Brain and central nervous system cancer,FALSE,Molise,admin1,daly,DALYs (Disability-Adjusted Life Years),Rate,Both,0.00142894820502087,0.00162192945206115,0.00125325954241832,1
35509,27,477,2,3,3,2023,neo_brain,Age-standardized,Brain and central nervous system cancer,FALSE,Campania,admin1,daly,DALYs (Disability-Adjusted Life Years),Rate,Both,0.00148667213529564,0.00166487171530267,0.00133596913275665,1
35510,27,477,2,3,3,2023,neo_brain,Age-standardized,Brain and central nervous system cancer,FALSE,Puglia,admin1,daly,DALYs (Disability-Adjusted Life Years),Rate,Both,0.00151991325048623,0.00170960494010194,0.00133243242280932,1
35511,27,477,2,3,3,2023,neo_brain,Age-standardized,Brain and central nervous system cancer,FALSE,Basilicata,admin1,daly,DALYs (Disability-Adjusted Life Years),Rate,Both,0.00128013868185996,0.00148260595822904,0.00110986882557331,1
35512,27,477,2,3,3,2023,neo_brain,Age-standardized,Brain and central nervous system cancer,FALSE,Calabria,admin1,daly,DALYs (Disability-Adjusted Life Years),Rate,Both,0.00137778209464981,0.00155054505876777,0.00120279138166341,1
35513,27,477,2,3,3,2023,neo_brain,Age-standardized,Brain and central nervous system cancer,FALSE,Sicilia,admin1,daly,DALYs (Disability-Adjusted Life Years),Rate,Both,0.00150478237244778,0.00170635069372535,0.00131646336982106,1
35514,27,477,2,3,3,2023,neo_brain,Age-standardized,Brain and central nervous system cancer,FALSE,Sardegna,admin1,daly,DALYs (Disability-Adjusted Life Years),Rate,Both,0.001312740328028,0.00149799588352924,0.00113488718414629,1
35617,27,477,2,3,3,2023,neo_brain,Age-standardized,Brain and central nervous system cancer,FALSE,Baringo,admin1,daly,DALYs (Disability-Adjusted Life Years),Rate,Both,0.000609754364594027,0.000844026086601174,0.000433029400151176,1
35618,27,477,2,3,3,2023,neo_brain,Age-standardized,Brain and central nervous system cancer,FALSE,Bomet,admin1,daly,DALYs (Disability-Adjusted Life Years),Rate,Both,0.000612696602531017,0.000855912692976622,0.000405347634753764,1
35619,27,477,2,3,3,2023,neo_brain,Age-standardized,Brain and central nervous system cancer,FALSE,Bungoma,admin1,daly,DALYs (Disability-Adjusted Life Years),Rate,Both,0.000724000442234796,0.00105895964749599,0.00051439084662173,1
35620,27,477,2,3,3,2023,neo_brain,Age-standardized,Brain and central nervous system cancer,FALSE,Busia,admin1,daly,DALYs (Disability-Adjusted Life Years),Rate,Both,0.00073063095446458,0.00109251931546696,0.000521118449519235,1
35621,27,477,2,3,3,2023,neo_brain,Age-standardized,Brain and central nervous system cancer,FALSE,Elgeyo-Marakwet,admin1,daly,DALYs (Disability-Adjusted Life Years),Rate,Both,0.000708400674879636,0.000971575206957676,0.000521083595599911,1
35622,27,477,2,3,3,2023,neo_brain,Age-standardized,Brain and central nervous system cancer,FALSE,Embu,admin1,daly,DALYs (Disability-Adjusted Life Years),Rate,Both,0.000631512058633795,0.000908549880126338,0.000439618431339794,1
35623,27,477,2,3,3,2023,neo_brain,Age-standardized,Brain and central nervous system cancer,FALSE,Garissa,admin1,daly,DALYs (Disability-Adjusted Life Years),Rate,Both,0.000586813329150128,0.000831185040097506,0.000445874004462378,1
35624,27,477,2,3,3,2023,neo_brain,Age-standardized,Brain and central nervous system cancer,FALSE,Homa Bay,admin1,daly,DALYs (Disability-Adjusted Life Years),Rate,Both,0.000727330188212542,0.00114059695723226,0.000452550022992707,1
35625,27,477,2,3,3,2023,neo_brain,Age-standardized,Brain and central nervous system cancer,FALSE,Isiolo,admin1,daly,DALYs (Disability-Adjusted Life Years),Rate,Both,0.000657615286300268,0.000938952387629419,0.000484331344892817,1
35626,27,477,2,3,3,2023,neo_brain,Age-standardized,Brain and central nervous system cancer,FALSE,Kajiado,admin1,daly,DALYs (Disability-Adjusted Life Years),Rate,Both,0.000670501306279718,0.000987673208211473,0.000397104742363075,1
35627,27,477,2,3,3,2023,neo_brain,Age-standardized,Brain and central nervous system cancer,FALSE,Kakamega,admin1,daly,DALYs (Disability-Adjusted Life Years),Rate,Both,0.000639858121694605,0.000968614472626951,0.000452365655110744,1
35628,27,477,2,3,3,2023,neo_brain,Age-standardized,Brain and central nervous system cancer,FALSE,Kericho,admin1,daly,DALYs (Disability-Adjusted Life Years),Rate,Both,0.000632175496777271,0.000886047620668592,0.00046322304821203,1
35629,27,477,2,3,3,2023,neo_brain,Age-standardized,Brain and central nervous system cancer,FALSE,Kiambu,admin1,daly,DALYs (Disability-Adjusted Life Years),Rate,Both,0.000708516558462654,0.00104556343736599,0.000508434722769354,1
35630,27,477,2,3,3,2023,neo_brain,Age-standardized,Brain and central nervous system cancer,FALSE,Kilifi,admin1,daly,DALYs (Disability-Adjusted Life Years),Rate,Both,0.000710976754359997,0.00102402763191521,0.000492887346201692,1
35631,27,477,2,3,3,2023,neo_brain,Age-standardized,Brain and central nervous system cancer,FALSE,Kirinyaga,admin1,daly,DALYs (Disability-Adjusted Life Years),Rate,Both,0.000732046295434098,0.00102932927380459,0.000522601380251071,1
35632,27,477,2,3,3,2023,neo_brain,Age-standardized,Brain and central nervous system cancer,FALSE,Kisii,admin1,daly,DALYs (Disability-Adjusted Life Years),Rate,Both,0.000893369250400776,0.0012992011714946,0.000618688106430551,1
35633,27,477,2,3,3,2023,neo_brain,Age-standardized,Brain and central nervous system cancer,FALSE,Kisumu,admin1,daly,DALYs (Disability-Adjusted Life Years),Rate,Both,0.000727391762454221,0.00110499896197662,0.000481592240825315,1
35634,27,477,2,3,3,2023,neo_brain,Age-standardized,Brain and central nervous system cancer,FALSE,Kitui,admin1,daly,DALYs (Disability-Adjusted Life Years),Rate,Both,0.000567741504986903,0.000776229296523396,0.000400669166824376,1
35635,27,477,2,3,3,2023,neo_brain,Age-standardized,Brain and central nervous system cancer,FALSE,Kwale,admin1,daly,DALYs (Disability-Adjusted Life Years),Rate,Both,0.000760639150339631,0.00107935072376857,0.000548021607067844,1
35636,27,477,2,3,3,2023,neo_brain,Age-standardized,Brain and central nervous system cancer,FALSE,Laikipia,admin1,daly,DALYs (Disability-Adjusted Life Years),Rate,Both,0.000758098991941721,0.00104497688967848,0.00050880192260831,1
35637,27,477,2,3,3,2023,neo_brain,Age-standardized,Brain and central nervous system cancer,FALSE,Lamu,admin1,daly,DALYs (Disability-Adjusted Life Years),Rate,Both,0.000675212821861256,0.000993239429468707,0.000487788558883397,1
35638,27,477,2,3,3,2023,neo_brain,Age-standardized,Brain and central nervous system cancer,FALSE,Machakos,admin1,daly,DALYs (Disability-Adjusted Life Years),Rate,Both,0.00064618476663239,0.000966914241944436,0.000415253139447343,1
35639,27,477,2,3,3,2023,neo_brain,Age-standardized,Brain and central nervous system cancer,FALSE,Makueni,admin1,daly,DALYs (Disability-Adjusted Life Years),Rate,Both,0.000614326284878371,0.000856339190580338,0.000452056026250143,1
35640,27,477,2,3,3,2023,neo_brain,Age-standardized,Brain and central nervous system cancer,FALSE,Mandera,admin1,daly,DALYs (Disability-Adjusted Life Years),Rate,Both,0.000601439820527992,0.000841630432768125,0.000421657264568183,1
35641,27,477,2,3,3,2023,neo_brain,Age-standardized,Brain and central nervous system cancer,FALSE,Marsabit,admin1,daly,DALYs (Disability-Adjusted Life Years),Rate,Both,0.000757597293180295,0.00106440359177451,0.000517124912400576,1
35642,27,477,2,3,3,2023,neo_brain,Age-standardized,Brain and central nervous system cancer,FALSE,Meru,admin1,daly,DALYs (Disability-Adjusted Life Years),Rate,Both,0.000624831952000664,0.000905577372694125,0.00046095369921778,1
35643,27,477,2,3,3,2023,neo_brain,Age-standardized,Brain and central nervous system cancer,FALSE,Migori,admin1,daly,DALYs (Disability-Adjusted Life Years),Rate,Both,0.000565631051297309,0.000857897885778297,0.000401953940134075,1
35644,27,477,2,3,3,2023,neo_brain,Age-standardized,Brain and central nervous system cancer,FALSE,Mombasa,admin1,daly,DALYs (Disability-Adjusted Life Years),Rate,Both,0.000739636212982038,0.0011165559574274,0.000530538513875791,1
35645,27,477,2,3,3,2023,neo_brain,Age-standardized,Brain and central nervous system cancer,FALSE,Murang'a,admin1,daly,DALYs (Disability-Adjusted Life Years),Rate,Both,0.000733384102974233,0.00110587103292795,0.000479145516731275,1
35646,27,477,2,3,3,2023,neo_brain,Age-standardized,Brain and central nervous system cancer,FALSE,Nairobi,admin1,daly,DALYs (Disability-Adjusted Life Years),Rate,Both,0.00101787146800881,0.00140117497846384,0.000740922614924929,1
35647,27,477,2,3,3,2023,neo_brain,Age-standardized,Brain and central nervous system cancer,FALSE,Nakuru,admin1,daly,DALYs (Disability-Adjusted Life Years),Rate,Both,0.000495627373159034,0.000716656034113695,0.000331971662935831,1
35648,27,477,2,3,3,2023,neo_brain,Age-standardized,Brain and central nervous system cancer,FALSE,Nandi,admin1,daly,DALYs (Disability-Adjusted Life Years),Rate,Both,0.000624000180352218,0.000899091500705472,0.000428443134548695,1
35649,27,477,2,3,3,2023,neo_brain,Age-standardized,Brain and central nervous system cancer,FALSE,Narok,admin1,daly,DALYs (Disability-Adjusted Life Years),Rate,Both,0.000728291625971896,0.000994030184418955,0.00052708437799986,1
35650,27,477,2,3,3,2023,neo_brain,Age-standardized,Brain and central nervous system cancer,FALSE,Nyamira,admin1,daly,DALYs (Disability-Adjusted Life Years),Rate,Both,0.000971165121568239,0.00153019445466024,0.000595292392038734,1
35651,27,477,2,3,3,2023,neo_brain,Age-standardized,Brain and central nervous system cancer,FALSE,Nyandarua,admin1,daly,DALYs (Disability-Adjusted Life Years),Rate,Both,0.000796376952309797,0.0011717048045393,0.000482846480203697,1
35652,27,477,2,3,3,2023,neo_brain,Age-standardized,Brain and central nervous system cancer,FALSE,Nyeri,admin1,daly,DALYs (Disability-Adjusted Life Years),Rate,Both,0.000671870639159001,0.00103471974574351,0.000452703911033573,1
35653,27,477,2,3,3,2023,neo_brain,Age-standardized,Brain and central nervous system cancer,FALSE,Samburu,admin1,daly,DALYs (Disability-Adjusted Life Years),Rate,Both,0.000918566266175482,0.00130759899085141,0.000588529263288211,1
35654,27,477,2,3,3,2023,neo_brain,Age-standardized,Brain and central nervous system cancer,FALSE,Siaya,admin1,daly,DALYs (Disability-Adjusted Life Years),Rate,Both,0.000592155536550864,0.000899337701596938,0.000376489719131957,1
35655,27,477,2,3,3,2023,neo_brain,Age-standardized,Brain and central nervous system cancer,FALSE,Taita Taveta,admin1,daly,DALYs (Disability-Adjusted Life Years),Rate,Both,0.000673847756488727,0.00112579444674081,0.0004228491469544,1
35656,27,477,2,3,3,2023,neo_brain,Age-standardized,Brain and central nervous system cancer,FALSE,Tana River,admin1,daly,DALYs (Disability-Adjusted Life Years),Rate,Both,0.000757751243717574,0.00108076581220003,0.00055266711348759,1
35657,27,477,2,3,3,2023,neo_brain,Age-standardized,Brain and central nervous system cancer,FALSE,Tharaka Nithi,admin1,daly,DALYs (Disability-Adjusted Life Years),Rate,Both,0.000634588350678984,0.000913252977564475,0.000438618988894935,1
35658,27,477,2,3,3,2023,neo_brain,Age-standardized,Brain and central nervous system cancer,FALSE,Trans Nzoia,admin1,daly,DALYs (Disability-Adjusted Life Years),Rate,Both,0.000607972356989221,0.000887839143905545,0.000386157554139285,1
35659,27,477,2,3,3,2023,neo_brain,Age-standardized,Brain and central nervous system cancer,FALSE,Turkana,admin1,daly,DALYs (Disability-Adjusted Life Years),Rate,Both,0.000820764903450795,0.00119584639125134,0.000494982103459198,1
35660,27,477,2,3,3,2023,neo_brain,Age-standardized,Brain and central nervous system cancer,FALSE,Uasin Gishu,admin1,daly,DALYs (Disability-Adjusted Life Years),Rate,Both,0.000564660660630392,0.000951720438167045,0.000362704211834437,1
35661,27,477,2,3,3,2023,neo_brain,Age-standardized,Brain and central nervous system cancer,FALSE,Vihiga,admin1,daly,DALYs (Disability-Adjusted Life Years),Rate,Both,0.00066776188822436,0.000943013141685101,0.000439239983455652,1
35662,27,477,2,3,3,2023,neo_brain,Age-standardized,Brain and central nervous system cancer,FALSE,Wajir,admin1,daly,DALYs (Disability-Adjusted Life Years),Rate,Both,0.000519039170469831,0.000753971856650676,0.000370393327908991,1
35663,27,477,2,3,3,2023,neo_brain,Age-standardized,Brain and central nervous system cancer,FALSE,West Pokot,admin1,daly,DALYs (Disability-Adjusted Life Years),Rate,Both,0.00051344709960323,0.000706168581978318,0.000355852905605882,1
44538,27,477,2,3,3,2023,neo_brain,Age-standardized,Brain and central nervous system cancer,FALSE,Other Union Territories,subnational,daly,DALYs (Disability-Adjusted Life Years),Rate,Both,0.000562883950589959,0.00081906863289588,0.000409743957694073,0
44852,27,477,2,3,3,2023,neo_brain,Age-standardized,Brain and central nervous system cancer,FALSE,Tigray,admin1,daly,DALYs (Disability-Adjusted Life Years),Rate,Both,0.000961207324052076,0.00134398958628628,0.000691103204088594,1
44853,27,477,2,3,3,2023,neo_brain,Age-standardized,Brain and central nervous system cancer,FALSE,Afar,admin1,daly,DALYs (Disability-Adjusted Life Years),Rate,Both,0.00115390157587716,0.00161826898055555,0.000832854475682934,1
44854,27,477,2,3,3,2023,neo_brain,Age-standardized,Brain and central nervous system cancer,FALSE,Amhara,admin1,daly,DALYs (Disability-Adjusted Life Years),Rate,Both,0.00095455191354344,0.00125579798193452,0.000668639430932519,1
44855,27,477,2,3,3,2023,neo_brain,Age-standardized,Brain and central nervous system cancer,FALSE,Oromia,admin1,daly,DALYs (Disability-Adjusted Life Years),Rate,Both,0.00101989011344774,0.00133118090416675,0.000731435618668719,1
44856,27,477,2,3,3,2023,neo_brain,Age-standardized,Brain and central nervous system cancer,FALSE,Somali,admin1,daly,DALYs (Disability-Adjusted Life Years),Rate,Both,0.000862208428122287,0.0011693469163482,0.000619749421961857,1
44857,27,477,2,3,3,2023,neo_brain,Age-standardized,Brain and central nervous system cancer,FALSE,Benishangul-Gumuz,admin1,daly,DALYs (Disability-Adjusted Life Years),Rate,Both,0.000995715676498004,0.00136684530733243,0.000715505776637807,1
44859,27,477,2,3,3,2023,neo_brain,Age-standardized,Brain and central nervous system cancer,FALSE,Harari,admin1,daly,DALYs (Disability-Adjusted Life Years),Rate,Both,0.00126235997494219,0.00172261359093267,0.000878771600158507,1
44860,27,477,2,3,3,2023,neo_brain,Age-standardized,Brain and central nervous system cancer,FALSE,Gambella,admin1,daly,DALYs (Disability-Adjusted Life Years),Rate,Both,0.00105190217829148,0.00148390484752096,0.000728266045655248,1
44861,27,477,2,3,3,2023,neo_brain,Age-standardized,Brain and central nervous system cancer,FALSE,Addis Ababa,admin1,daly,DALYs (Disability-Adjusted Life Years),Rate,Both,0.00114018067095923,0.00153972704655858,0.000843890183907906,1
44862,27,477,2,3,3,2023,neo_brain,Age-standardized,Brain and central nervous system cancer,FALSE,Dire Dawa,admin1,daly,DALYs (Disability-Adjusted Life Years),Rate,Both,0.00113306203849027,0.00150985416343932,0.000796283081992862,1
44864,27,477,2,3,3,2023,neo_brain,Age-standardized,Brain and central nervous system cancer,FALSE,Alborz,admin1,daly,DALYs (Disability-Adjusted Life Years),Rate,Both,0.00200575494905639,0.0026814083974276,0.00148555595171534,1
44865,27,477,2,3,3,2023,neo_brain,Age-standardized,Brain and central nervous system cancer,FALSE,Ardebil,admin1,daly,DALYs (Disability-Adjusted Life Years),Rate,Both,0.00214572713979542,0.00288136400821859,0.00157895706644395,1
44866,27,477,2,3,3,2023,neo_brain,Age-standardized,Brain and central nervous system cancer,FALSE,East Azarbayejan,admin1,daly,DALYs (Disability-Adjusted Life Years),Rate,Both,0.00226487511255448,0.00299235879223073,0.00157088350491955,1
44867,27,477,2,3,3,2023,neo_brain,Age-standardized,Brain and central nervous system cancer,FALSE,West Azarbayejan,admin1,daly,DALYs (Disability-Adjusted Life Years),Rate,Both,0.00226269585502481,0.00299611659374983,0.00157593212690915,1
44868,27,477,2,3,3,2023,neo_brain,Age-standardized,Brain and central nervous system cancer,FALSE,Bushehr,admin1,daly,DALYs (Disability-Adjusted Life Years),Rate,Both,0.00193804588340857,0.00274449016596315,0.00145447943863134,1
44869,27,477,2,3,3,2023,neo_brain,Age-standardized,Brain and central nervous system cancer,FALSE,Chahar Mahaal and Bakhtiari,admin1,daly,DALYs (Disability-Adjusted Life Years),Rate,Both,0.00214533685332314,0.00287080469560446,0.00156048916316099,1
44870,27,477,2,3,3,2023,neo_brain,Age-standardized,Brain and central nervous system cancer,FALSE,Fars,admin1,daly,DALYs (Disability-Adjusted Life Years),Rate,Both,0.0018014501060204,0.00242532475054247,0.00138187652009914,1
44871,27,477,2,3,3,2023,neo_brain,Age-standardized,Brain and central nervous system cancer,FALSE,Gilan,admin1,daly,DALYs (Disability-Adjusted Life Years),Rate,Both,0.00175301851065277,0.00277105540989474,0.00132173924786586,1
44872,27,477,2,3,3,2023,neo_brain,Age-standardized,Brain and central nervous system cancer,FALSE,Golestan,admin1,daly,DALYs (Disability-Adjusted Life Years),Rate,Both,0.00182514318626912,0.00303461060003931,0.00132636259538875,1
44873,27,477,2,3,3,2023,neo_brain,Age-standardized,Brain and central nervous system cancer,FALSE,Hamadan,admin1,daly,DALYs (Disability-Adjusted Life Years),Rate,Both,0.00165163850395521,0.00256867363886103,0.00121242872840381,1
44874,27,477,2,3,3,2023,neo_brain,Age-standardized,Brain and central nervous system cancer,FALSE,Hormozgan,admin1,daly,DALYs (Disability-Adjusted Life Years),Rate,Both,0.00155463929638324,0.00259065149675227,0.00109633845631634,1
44875,27,477,2,3,3,2023,neo_brain,Age-standardized,Brain and central nervous system cancer,FALSE,Ilam,admin1,daly,DALYs (Disability-Adjusted Life Years),Rate,Both,0.00179723749007289,0.00281998655418119,0.00134800441878926,1
44876,27,477,2,3,3,2023,neo_brain,Age-standardized,Brain and central nervous system cancer,FALSE,Isfahan,admin1,daly,DALYs (Disability-Adjusted Life Years),Rate,Both,0.00196352669739508,0.00257618553282248,0.00149397072902772,1
44877,27,477,2,3,3,2023,neo_brain,Age-standardized,Brain and central nervous system cancer,FALSE,Kerman,admin1,daly,DALYs (Disability-Adjusted Life Years),Rate,Both,0.00210611580912365,0.00276447477721134,0.00155970714959024,1
44878,27,477,2,3,3,2023,neo_brain,Age-standardized,Brain and central nervous system cancer,FALSE,Kermanshah,admin1,daly,DALYs (Disability-Adjusted Life Years),Rate,Both,0.00225288434340072,0.0030125512113041,0.00153860921734475,1
44879,27,477,2,3,3,2023,neo_brain,Age-standardized,Brain and central nervous system cancer,FALSE,North Khorasan,admin1,daly,DALYs (Disability-Adjusted Life Years),Rate,Both,0.00209305978982164,0.00290085791864152,0.00157724376119141,1
44880,27,477,2,3,3,2023,neo_brain,Age-standardized,Brain and central nervous system cancer,FALSE,Khorasan-e-Razavi,admin1,daly,DALYs (Disability-Adjusted Life Years),Rate,Both,0.00179767141685452,0.00252426070352409,0.00136879951577579,1
44881,27,477,2,3,3,2023,neo_brain,Age-standardized,Brain and central nervous system cancer,FALSE,South Khorasan,admin1,daly,DALYs (Disability-Adjusted Life Years),Rate,Both,0.00189234860504134,0.00257518323997853,0.00144385153222511,1
44882,27,477,2,3,3,2023,neo_brain,Age-standardized,Brain and central nervous system cancer,FALSE,Khuzestan,admin1,daly,DALYs (Disability-Adjusted Life Years),Rate,Both,0.00200571286924039,0.00276416983606826,0.00154467481249915,1
44883,27,477,2,3,3,2023,neo_brain,Age-standardized,Brain and central nervous system cancer,FALSE,Kohgiluyeh and Boyer-Ahmad,admin1,daly,DALYs (Disability-Adjusted Life Years),Rate,Both,0.00214953155039052,0.00300286439881664,0.00162935659685496,1
44884,27,477,2,3,3,2023,neo_brain,Age-standardized,Brain and central nervous system cancer,FALSE,Kurdistan,admin1,daly,DALYs (Disability-Adjusted Life Years),Rate,Both,0.00208178587076614,0.00278436445739075,0.00156621185327654,1
44885,27,477,2,3,3,2023,neo_brain,Age-standardized,Brain and central nervous system cancer,FALSE,Lorestan,admin1,daly,DALYs (Disability-Adjusted Life Years),Rate,Both,0.00265298033999937,0.00363513894487466,0.00164893582543157,1
44886,27,477,2,3,3,2023,neo_brain,Age-standardized,Brain and central nervous system cancer,FALSE,Markazi,admin1,daly,DALYs (Disability-Adjusted Life Years),Rate,Both,0.00239192251796549,0.00320541312869009,0.00155126303013183,1
44887,27,477,2,3,3,2023,neo_brain,Age-standardized,Brain and central nervous system cancer,FALSE,Mazandaran,admin1,daly,DALYs (Disability-Adjusted Life Years),Rate,Both,0.00168146660649034,0.00240619988711746,0.00127223946614025,1
44888,27,477,2,3,3,2023,neo_brain,Age-standardized,Brain and central nervous system cancer,FALSE,Qazvin,admin1,daly,DALYs (Disability-Adjusted Life Years),Rate,Both,0.00267080008484556,0.00367535226767009,0.00161649438509933,1
44889,27,477,2,3,3,2023,neo_brain,Age-standardized,Brain and central nervous system cancer,FALSE,Qom,admin1,daly,DALYs (Disability-Adjusted Life Years),Rate,Both,0.00294164850467386,0.00413720355109701,0.00168880888689833,1
44890,27,477,2,3,3,2023,neo_brain,Age-standardized,Brain and central nervous system cancer,FALSE,Semnan,admin1,daly,DALYs (Disability-Adjusted Life Years),Rate,Both,0.00178044713423864,0.00252763445132521,0.00136815642644302,1
44891,27,477,2,3,3,2023,neo_brain,Age-standardized,Brain and central nervous system cancer,FALSE,Sistan and Baluchistan,admin1,daly,DALYs (Disability-Adjusted Life Years),Rate,Both,0.00175145333414815,0.00266946084165341,0.00129151383016058,1
44892,27,477,2,3,3,2023,neo_brain,Age-standardized,Brain and central nervous system cancer,FALSE,Tehran,admin1,daly,DALYs (Disability-Adjusted Life Years),Rate,Both,0.00184039778552273,0.00240601926433089,0.00113621235419918,1
44893,27,477,2,3,3,2023,neo_brain,Age-standardized,Brain and central nervous system cancer,FALSE,Yazd,admin1,daly,DALYs (Disability-Adjusted Life Years),Rate,Both,0.00257778017929485,0.00350875982856637,0.00152965949451389,1
44894,27,477,2,3,3,2023,neo_brain,Age-standardized,Brain and central nervous system cancer,FALSE,Zanjan,admin1,daly,DALYs (Disability-Adjusted Life Years),Rate,Both,0.00275774381427012,0.00373130103569871,0.00186632448452764,1
53432,27,477,2,3,3,2023,neo_brain,Age-standardized,Brain and central nervous system cancer,FALSE,Trøndelag,admin1,daly,DALYs (Disability-Adjusted Life Years),Rate,Both,0.00177297376198151,0.00201017365733513,0.00153764092482414,1
53533,27,477,2,3,3,2023,neo_brain,Age-standardized,Brain and central nervous system cancer,FALSE,Mountain Province,admin1,daly,DALYs (Disability-Adjusted Life Years),Rate,Both,0.000847364039023709,0.00109517682540546,0.000638595204256058,1
53534,27,477,2,3,3,2023,neo_brain,Age-standardized,Brain and central nervous system cancer,FALSE,Ifugao,admin1,daly,DALYs (Disability-Adjusted Life Years),Rate,Both,0.000745528673243947,0.00100356565907892,0.00056114506300249,1
53535,27,477,2,3,3,2023,neo_brain,Age-standardized,Brain and central nervous system cancer,FALSE,Benguet,admin1,daly,DALYs (Disability-Adjusted Life Years),Rate,Both,0.000827394499914949,0.00109073602526189,0.000503610085449014,1
53536,27,477,2,3,3,2023,neo_brain,Age-standardized,Brain and central nervous system cancer,FALSE,Abra,admin1,daly,DALYs (Disability-Adjusted Life Years),Rate,Both,0.000776049846085539,0.000993648569097448,0.000599050277437168,1
53537,27,477,2,3,3,2023,neo_brain,Age-standardized,Brain and central nervous system cancer,FALSE,Apayao,admin1,daly,DALYs (Disability-Adjusted Life Years),Rate,Both,0.000822689922206515,0.00107151523309999,0.000580818264830718,1
53538,27,477,2,3,3,2023,neo_brain,Age-standardized,Brain and central nervous system cancer,FALSE,Kalinga,admin1,daly,DALYs (Disability-Adjusted Life Years),Rate,Both,0.00082804677778521,0.00109570333379127,0.000604692669504524,1
53539,27,477,2,3,3,2023,neo_brain,Age-standardized,Brain and central nervous system cancer,FALSE,La Union,admin1,daly,DALYs (Disability-Adjusted Life Years),Rate,Both,0.000794690207200214,0.0010556665510001,0.000602006672688305,1
53540,27,477,2,3,3,2023,neo_brain,Age-standardized,Brain and central nervous system cancer,FALSE,Ilocos Norte,admin1,daly,DALYs (Disability-Adjusted Life Years),Rate,Both,0.000831718074846248,0.00110149704894846,0.000589853804279591,1
53541,27,477,2,3,3,2023,neo_brain,Age-standardized,Brain and central nervous system cancer,FALSE,Ilocos Sur,admin1,daly,DALYs (Disability-Adjusted Life Years),Rate,Both,0.0008196536385561,0.00106742900623675,0.000602089717903329,1
53542,27,477,2,3,3,2023,neo_brain,Age-standardized,Brain and central nervous system cancer,FALSE,Pangasinan,admin1,daly,DALYs (Disability-Adjusted Life Years),Rate,Both,0.000742933832463783,0.00101205516207078,0.000570008292153383,1
53543,27,477,2,3,3,2023,neo_brain,Age-standardized,Brain and central nervous system cancer,FALSE,Nueva Vizcaya,admin1,daly,DALYs (Disability-Adjusted Life Years),Rate,Both,0.000665309212413211,0.000998431470149534,0.000500669935044259,1
53544,27,477,2,3,3,2023,neo_brain,Age-standardized,Brain and central nervous system cancer,FALSE,Cagayan,admin1,daly,DALYs (Disability-Adjusted Life Years),Rate,Both,0.000623006302357965,0.000902007470724378,0.000481695805001869,1
53545,27,477,2,3,3,2023,neo_brain,Age-standardized,Brain and central nervous system cancer,FALSE,Isabela,admin1,daly,DALYs (Disability-Adjusted Life Years),Rate,Both,0.000726646353751185,0.00100832711815879,0.000565666281674149,1
53546,27,477,2,3,3,2023,neo_brain,Age-standardized,Brain and central nervous system cancer,FALSE,Quirino,admin1,daly,DALYs (Disability-Adjusted Life Years),Rate,Both,0.00074960289441444,0.00104664805317998,0.00058037684040249,1
53547,27,477,2,3,3,2023,neo_brain,Age-standardized,Brain and central nervous system cancer,FALSE,Batanes,admin1,daly,DALYs (Disability-Adjusted Life Years),Rate,Both,0.000686225241577946,0.000952282522927825,0.000496971827299346,1
53548,27,477,2,3,3,2023,neo_brain,Age-standardized,Brain and central nervous system cancer,FALSE,Bataan,admin1,daly,DALYs (Disability-Adjusted Life Years),Rate,Both,0.000867128322749242,0.00112903794186829,0.000646235193501261,1
53549,27,477,2,3,3,2023,neo_brain,Age-standardized,Brain and central nervous system cancer,FALSE,Zambales,admin1,daly,DALYs (Disability-Adjusted Life Years),Rate,Both,0.000724883625051379,0.000963095889775753,0.000559813520721318,1
53550,27,477,2,3,3,2023,neo_brain,Age-standardized,Brain and central nervous system cancer,FALSE,Tarlac,admin1,daly,DALYs (Disability-Adjusted Life Years),Rate,Both,0.00075182125562864,0.00110609675396745,0.000594427957998253,1
53551,27,477,2,3,3,2023,neo_brain,Age-standardized,Brain and central nervous system cancer,FALSE,Pampanga,admin1,daly,DALYs (Disability-Adjusted Life Years),Rate,Both,0.00090099576396491,0.00115183927049879,0.00065659603862407,1
53552,27,477,2,3,3,2023,neo_brain,Age-standardized,Brain and central nervous system cancer,FALSE,Bulacan,admin1,daly,DALYs (Disability-Adjusted Life Years),Rate,Both,0.000914139882354887,0.00118660320666166,0.000663758795111369,1
53553,27,477,2,3,3,2023,neo_brain,Age-standardized,Brain and central nervous system cancer,FALSE,Nueva Ecija,admin1,daly,DALYs (Disability-Adjusted Life Years),Rate,Both,0.000867032176395778,0.00121432850686777,0.000654672644645394,1
53554,27,477,2,3,3,2023,neo_brain,Age-standardized,Brain and central nervous system cancer,FALSE,Aurora,admin1,daly,DALYs (Disability-Adjusted Life Years),Rate,Both,0.000754211525295026,0.00108114272237868,0.000588245032616073,1
53555,27,477,2,3,3,2023,neo_brain,Age-standardized,Brain and central nervous system cancer,FALSE,Rizal,admin1,daly,DALYs (Disability-Adjusted Life Years),Rate,Both,0.00083280141585032,0.00112529170638497,0.000630613302964258,1
53556,27,477,2,3,3,2023,neo_brain,Age-standardized,Brain and central nervous system cancer,FALSE,Cavite,admin1,daly,DALYs (Disability-Adjusted Life Years),Rate,Both,0.000729331773020629,0.00102411441342432,0.000574016763857834,1
53557,27,477,2,3,3,2023,neo_brain,Age-standardized,Brain and central nervous system cancer,FALSE,Laguna,admin1,daly,DALYs (Disability-Adjusted Life Years),Rate,Both,0.000757737722156788,0.00108931398980266,0.000581187218752255,1
53558,27,477,2,3,3,2023,neo_brain,Age-standardized,Brain and central nervous system cancer,FALSE,Batangas,admin1,daly,DALYs (Disability-Adjusted Life Years),Rate,Both,0.000815799774251658,0.00111835382061916,0.000620951088087668,1
53559,27,477,2,3,3,2023,neo_brain,Age-standardized,Brain and central nervous system cancer,FALSE,Quezon,admin1,daly,DALYs (Disability-Adjusted Life Years),Rate,Both,0.000782135527393655,0.00106621554557246,0.00060303404856754,1
53560,27,477,2,3,3,2023,neo_brain,Age-standardized,Brain and central nervous system cancer,FALSE,Occidental Mindoro,admin1,daly,DALYs (Disability-Adjusted Life Years),Rate,Both,0.000720308555952222,0.00101074271263259,0.000550187619583251,1
53561,27,477,2,3,3,2023,neo_brain,Age-standardized,Brain and central nervous system cancer,FALSE,Oriental Mindoro,admin1,daly,DALYs (Disability-Adjusted Life Years),Rate,Both,0.000751461082288869,0.00105919855298356,0.000588426739822619,1
53562,27,477,2,3,3,2023,neo_brain,Age-standardized,Brain and central nervous system cancer,FALSE,Romblon,admin1,daly,DALYs (Disability-Adjusted Life Years),Rate,Both,0.00064766738104755,0.000945547855478038,0.000501514746785492,1
53563,27,477,2,3,3,2023,neo_brain,Age-standardized,Brain and central nervous system cancer,FALSE,Palawan,admin1,daly,DALYs (Disability-Adjusted Life Years),Rate,Both,0.00065784549681027,0.000995535377215531,0.000485062796178441,1
53564,27,477,2,3,3,2023,neo_brain,Age-standardized,Brain and central nervous system cancer,FALSE,Marinduque,admin1,daly,DALYs (Disability-Adjusted Life Years),Rate,Both,0.000797124436365349,0.00105766941292184,0.000600305968053084,1
53565,27,477,2,3,3,2023,neo_brain,Age-standardized,Brain and central nervous system cancer,FALSE,Catanduanes,admin1,daly,DALYs (Disability-Adjusted Life Years),Rate,Both,0.000698897468948201,0.00106391419144172,0.000531327364550151,1
53566,27,477,2,3,3,2023,neo_brain,Age-standardized,Brain and central nervous system cancer,FALSE,Camarines Norte,admin1,daly,DALYs (Disability-Adjusted Life Years),Rate,Both,0.000634046244864437,0.00105697357255382,0.000455105088316814,1
53567,27,477,2,3,3,2023,neo_brain,Age-standardized,Brain and central nervous system cancer,FALSE,Sorsogon,admin1,daly,DALYs (Disability-Adjusted Life Years),Rate,Both,0.000643661751800166,0.00105010797945478,0.00047737303310117,1
53568,27,477,2,3,3,2023,neo_brain,Age-standardized,Brain and central nervous system cancer,FALSE,Albay,admin1,daly,DALYs (Disability-Adjusted Life Years),Rate,Both,0.000672552902575026,0.00109840230641692,0.000485887247469883,1
53569,27,477,2,3,3,2023,neo_brain,Age-standardized,Brain and central nervous system cancer,FALSE,Masbate,admin1,daly,DALYs (Disability-Adjusted Life Years),Rate,Both,0.000511436510821228,0.000931981205432785,0.000329835216675457,1
53570,27,477,2,3,3,2023,neo_brain,Age-standardized,Brain and central nervous system cancer,FALSE,Camarines Sur,admin1,daly,DALYs (Disability-Adjusted Life Years),Rate,Both,0.000721360296203279,0.00116134987249209,0.000535443333515644,1
53571,27,477,2,3,3,2023,neo_brain,Age-standardized,Brain and central nervous system cancer,FALSE,Capiz,admin1,daly,DALYs (Disability-Adjusted Life Years),Rate,Both,0.000695729477477725,0.00103010187070753,0.000536643897001013,1
53572,27,477,2,3,3,2023,neo_brain,Age-standardized,Brain and central nervous system cancer,FALSE,Aklan,admin1,daly,DALYs (Disability-Adjusted Life Years),Rate,Both,0.000702197006131747,0.00101083738936386,0.000535104135575736,1
53573,27,477,2,3,3,2023,neo_brain,Age-standardized,Brain and central nervous system cancer,FALSE,Antique,admin1,daly,DALYs (Disability-Adjusted Life Years),Rate,Both,0.000564722055781368,0.000949175181135258,0.000402238565979256,1
53574,27,477,2,3,3,2023,neo_brain,Age-standardized,Brain and central nervous system cancer,FALSE,Negros Occidental,admin1,daly,DALYs (Disability-Adjusted Life Years),Rate,Both,0.000719291558216042,0.000967836849712826,0.000555619315911358,1
53575,27,477,2,3,3,2023,neo_brain,Age-standardized,Brain and central nervous system cancer,FALSE,Iloilo,admin1,daly,DALYs (Disability-Adjusted Life Years),Rate,Both,0.000651512228677216,0.000943701074244432,0.000504442283346602,1
53576,27,477,2,3,3,2023,neo_brain,Age-standardized,Brain and central nervous system cancer,FALSE,Guimaras,admin1,daly,DALYs (Disability-Adjusted Life Years),Rate,Both,0.000766475282366833,0.00104580811246645,0.000591560424932492,1
53577,27,477,2,3,3,2023,neo_brain,Age-standardized,Brain and central nervous system cancer,FALSE,Negros Oriental,admin1,daly,DALYs (Disability-Adjusted Life Years),Rate,Both,0.000798078765069069,0.00104131373160708,0.000602255134633718,1
53578,27,477,2,3,3,2023,neo_brain,Age-standardized,Brain and central nervous system cancer,FALSE,Cebu,admin1,daly,DALYs (Disability-Adjusted Life Years),Rate,Both,0.000638633400718544,0.000833095861676474,0.000462344124853262,1
53579,27,477,2,3,3,2023,neo_brain,Age-standardized,Brain and central nervous system cancer,FALSE,Bohol,admin1,daly,DALYs (Disability-Adjusted Life Years),Rate,Both,0.000813654540946332,0.00107447119642389,0.000617063807315768,1
53580,27,477,2,3,3,2023,neo_brain,Age-standardized,Brain and central nervous system cancer,FALSE,Siquijor,admin1,daly,DALYs (Disability-Adjusted Life Years),Rate,Both,0.000792511273568572,0.00105231306236693,0.000617193433635831,1
53581,27,477,2,3,3,2023,neo_brain,Age-standardized,Brain and central nervous system cancer,FALSE,Southern Leyte,admin1,daly,DALYs (Disability-Adjusted Life Years),Rate,Both,0.000766489621434973,0.00103670031854453,0.000603251142890807,1
53582,27,477,2,3,3,2023,neo_brain,Age-standardized,Brain and central nervous system cancer,FALSE,Eastern Samar,admin1,daly,DALYs (Disability-Adjusted Life Years),Rate,Both,0.000887791951015626,0.00118083995241707,0.000641416938695847,1
53583,27,477,2,3,3,2023,neo_brain,Age-standardized,Brain and central nervous system cancer,FALSE,Northern Samar,admin1,daly,DALYs (Disability-Adjusted Life Years),Rate,Both,0.000515847460437566,0.000959199619718399,0.000344214336074875,1
53584,27,477,2,3,3,2023,neo_brain,Age-standardized,Brain and central nervous system cancer,FALSE,Samar (Western Samar),admin1,daly,DALYs (Disability-Adjusted Life Years),Rate,Both,0.000880495621478345,0.00115974615897751,0.000659115013473008,1
53585,27,477,2,3,3,2023,neo_brain,Age-standardized,Brain and central nervous system cancer,FALSE,Leyte,admin1,daly,DALYs (Disability-Adjusted Life Years),Rate,Both,0.00077833279526598,0.00108720286914502,0.000602036420614292,1
53586,27,477,2,3,3,2023,neo_brain,Age-standardized,Brain and central nervous system cancer,FALSE,Biliran,admin1,daly,DALYs (Disability-Adjusted Life Years),Rate,Both,0.000727724152164484,0.00106621360579436,0.000550173667597804,1
53587,27,477,2,3,3,2023,neo_brain,Age-standardized,Brain and central nervous system cancer,FALSE,Zamboanga Sibugay,admin1,daly,DALYs (Disability-Adjusted Life Years),Rate,Both,0.000699172611055269,0.00100452401252353,0.000518869722264519,1
53588,27,477,2,3,3,2023,neo_brain,Age-standardized,Brain and central nervous system cancer,FALSE,Zamboanga Del Norte,admin1,daly,DALYs (Disability-Adjusted Life Years),Rate,Both,0.000773424412737502,0.00106971978106357,0.000585976203556047,1
53589,27,477,2,3,3,2023,neo_brain,Age-standardized,Brain and central nervous system cancer,FALSE,Zamboanga Del Sur,admin1,daly,DALYs (Disability-Adjusted Life Years),Rate,Both,0.000851344195539337,0.00112379275293594,0.000630604724736473,1
53590,27,477,2,3,3,2023,neo_brain,Age-standardized,Brain and central nervous system cancer,FALSE,Misamis Occidental,admin1,daly,DALYs (Disability-Adjusted Life Years),Rate,Both,0.000803658207387109,0.00103861925646022,0.0006140364886901,1
53591,27,477,2,3,3,2023,neo_brain,Age-standardized,Brain and central nervous system cancer,FALSE,Bukidnon,admin1,daly,DALYs (Disability-Adjusted Life Years),Rate,Both,0.000812738746333057,0.00107526336364082,0.00062660733758165,1
53592,27,477,2,3,3,2023,neo_brain,Age-standardized,Brain and central nervous system cancer,FALSE,Lanao Del Norte,admin1,daly,DALYs (Disability-Adjusted Life Years),Rate,Both,0.000653772766257541,0.00100257888030405,0.000492909258975081,1
53593,27,477,2,3,3,2023,neo_brain,Age-standardized,Brain and central nervous system cancer,FALSE,Misamis Oriental,admin1,daly,DALYs (Disability-Adjusted Life Years),Rate,Both,0.00073252690607146,0.000956866540463778,0.000539113981304375,1
53594,27,477,2,3,3,2023,neo_brain,Age-standardized,Brain and central nervous system cancer,FALSE,Camiguin,admin1,daly,DALYs (Disability-Adjusted Life Years),Rate,Both,0.000724371989776122,0.00102948873739429,0.000552687854159727,1
53595,27,477,2,3,3,2023,neo_brain,Age-standardized,Brain and central nervous system cancer,FALSE,Davao Oriental,admin1,daly,DALYs (Disability-Adjusted Life Years),Rate,Both,0.000880449735581635,0.00115041875755586,0.000625439445716578,1
53596,27,477,2,3,3,2023,neo_brain,Age-standardized,Brain and central nervous system cancer,FALSE,Davao de Oro,admin1,daly,DALYs (Disability-Adjusted Life Years),Rate,Both,0.000921310294119006,0.00122085212779828,0.000703068292761832,1
53597,27,477,2,3,3,2023,neo_brain,Age-standardized,Brain and central nervous system cancer,FALSE,Davao Del Sur,admin1,daly,DALYs (Disability-Adjusted Life Years),Rate,Both,0.000541348988942179,0.000685382000614836,0.000398056633679213,1
53598,27,477,2,3,3,2023,neo_brain,Age-standardized,Brain and central nervous system cancer,FALSE,Davao Occidental,admin1,daly,DALYs (Disability-Adjusted Life Years),Rate,Both,0.000972529544355127,0.0013313381779335,0.000723244752614557,1
53599,27,477,2,3,3,2023,neo_brain,Age-standardized,Brain and central nervous system cancer,FALSE,Davao Del Norte,admin1,daly,DALYs (Disability-Adjusted Life Years),Rate,Both,0.000740278784827455,0.00108795558189139,0.00056614925606314,1
53600,27,477,2,3,3,2023,neo_brain,Age-standardized,Brain and central nervous system cancer,FALSE,South Cotabato,admin1,daly,DALYs (Disability-Adjusted Life Years),Rate,Both,0.000809749289459866,0.00105648109817283,0.000560897914898193,1
53601,27,477,2,3,3,2023,neo_brain,Age-standardized,Brain and central nervous system cancer,FALSE,Sultan Kudarat,admin1,daly,DALYs (Disability-Adjusted Life Years),Rate,Both,0.000658241491729948,0.00102984880076632,0.000476830529532121,1
53602,27,477,2,3,3,2023,neo_brain,Age-standardized,Brain and central nervous system cancer,FALSE,Cotabato (North Cotabato),admin1,daly,DALYs (Disability-Adjusted Life Years),Rate,Both,0.000826644753683064,0.00113608625307351,0.000631752420833833,1
53603,27,477,2,3,3,2023,neo_brain,Age-standardized,Brain and central nervous system cancer,FALSE,Sarangani,admin1,daly,DALYs (Disability-Adjusted Life Years),Rate,Both,0.00078285443631509,0.00111421011581281,0.00060018919471577,1
53604,27,477,2,3,3,2023,neo_brain,Age-standardized,Brain and central nervous system cancer,FALSE,Agusan Del Norte,admin1,daly,DALYs (Disability-Adjusted Life Years),Rate,Both,0.000824783912120319,0.0010931052753118,0.000508214720559476,1
53605,27,477,2,3,3,2023,neo_brain,Age-standardized,Brain and central nervous system cancer,FALSE,Agusan Del Sur,admin1,daly,DALYs (Disability-Adjusted Life Years),Rate,Both,0.000774274340535172,0.0010373029795063,0.000587666873951511,1
53606,27,477,2,3,3,2023,neo_brain,Age-standardized,Brain and central nervous system cancer,FALSE,Surigao Del Sur,admin1,daly,DALYs (Disability-Adjusted Life Years),Rate,Both,0.00088940940363225,0.0012035242446887,0.000671067073079984,1
53607,27,477,2,3,3,2023,neo_brain,Age-standardized,Brain and central nervous system cancer,FALSE,Surigao Del Norte,admin1,daly,DALYs (Disability-Adjusted Life Years),Rate,Both,0.000853201058038424,0.00111326217488715,0.000656050234774708,1
53608,27,477,2,3,3,2023,neo_brain,Age-standardized,Brain and central nervous system cancer,FALSE,Dinagat Islands,admin1,daly,DALYs (Disability-Adjusted Life Years),Rate,Both,0.000783474007519721,0.00108159618927568,0.000576065344026047,1
53609,27,477,2,3,3,2023,neo_brain,Age-standardized,Brain and central nervous system cancer,FALSE,Tawi-Tawi,admin1,daly,DALYs (Disability-Adjusted Life Years),Rate,Both,0.00056571795530353,0.000779058907402389,0.000422359339063016,1
53610,27,477,2,3,3,2023,neo_brain,Age-standardized,Brain and central nervous system cancer,FALSE,Basilan,admin1,daly,DALYs (Disability-Adjusted Life Years),Rate,Both,0.000448904712489467,0.000917862367905577,0.000269321173746117,1
53611,27,477,2,3,3,2023,neo_brain,Age-standardized,Brain and central nervous system cancer,FALSE,Sulu,admin1,daly,DALYs (Disability-Adjusted Life Years),Rate,Both,0.000506455633152514,0.000721816882527853,0.00037017140488154,1
53612,27,477,2,3,3,2023,neo_brain,Age-standardized,Brain and central nervous system cancer,FALSE,Maguindanao,admin1,daly,DALYs (Disability-Adjusted Life Years),Rate,Both,0.000565360233571347,0.000794589956829919,0.000428888195329069,1
53613,27,477,2,3,3,2023,neo_brain,Age-standardized,Brain and central nervous system cancer,FALSE,Lanao Del Sur,admin1,daly,DALYs (Disability-Adjusted Life Years),Rate,Both,0.000398629909911748,0.000543867165112277,0.000304767923076077,1
53614,27,477,2,3,3,2023,neo_brain,Age-standardized,Brain and central nervous system cancer,FALSE,National Capital Region,admin1,daly,DALYs (Disability-Adjusted Life Years),Rate,Both,0.000907955389656133,0.00112154573321834,0.000618570428944306,1
53615,27,477,2,3,3,2023,neo_brain,Age-standardized,Brain and central nervous system cancer,FALSE,Azad Jammu & Kashmir,admin1,daly,DALYs (Disability-Adjusted Life Years),Rate,Both,0.00070878853351585,0.00103340678088591,0.000513983250944992,1
53616,27,477,2,3,3,2023,neo_brain,Age-standardized,Brain and central nervous system cancer,FALSE,Balochistan,admin1,daly,DALYs (Disability-Adjusted Life Years),Rate,Both,0.000510281352085466,0.000699782669476334,0.000374008909920926,1
53617,27,477,2,3,3,2023,neo_brain,Age-standardized,Brain and central nervous system cancer,FALSE,Gilgit-Baltistan,admin1,daly,DALYs (Disability-Adjusted Life Years),Rate,Both,0.000567944490241169,0.000803479981767558,0.000417461022751282,1
53618,27,477,2,3,3,2023,neo_brain,Age-standardized,Brain and central nervous system cancer,FALSE,Islamabad Capital Territory,admin1,daly,DALYs (Disability-Adjusted Life Years),Rate,Both,0.000619541214919209,0.000865214908980333,0.000452117332510904,1
53619,27,477,2,3,3,2023,neo_brain,Age-standardized,Brain and central nervous system cancer,FALSE,Khyber Pakhtunkhwa,admin1,daly,DALYs (Disability-Adjusted Life Years),Rate,Both,0.000552393910031496,0.000763778619578779,0.000400887606262867,1
53620,27,477,2,3,3,2023,neo_brain,Age-standardized,Brain and central nervous system cancer,FALSE,Punjab,admin1,daly,DALYs (Disability-Adjusted Life Years),Rate,Both,0.000785405599844917,0.00116228619069664,0.000572375843228512,1
53621,27,477,2,3,3,2023,neo_brain,Age-standardized,Brain and central nervous system cancer,FALSE,Sindh,admin1,daly,DALYs (Disability-Adjusted Life Years),Rate,Both,0.000638105075071882,0.000883768334014526,0.000461700316692369,1
53660,27,477,2,3,3,2023,neo_brain,Age-standardized,Brain and central nervous system cancer,FALSE,Dolnośląskie,admin1,daly,DALYs (Disability-Adjusted Life Years),Rate,Both,0.0016354288381206,0.00180563324915938,0.00148231959915018,1
53661,27,477,2,3,3,2023,neo_brain,Age-standardized,Brain and central nervous system cancer,FALSE,Kujawsko-Pomorskie,admin1,daly,DALYs (Disability-Adjusted Life Years),Rate,Both,0.00184854745847925,0.00203762418819357,0.00165227980062029,1
53662,27,477,2,3,3,2023,neo_brain,Age-standardized,Brain and central nervous system cancer,FALSE,Łódzkie,admin1,daly,DALYs (Disability-Adjusted Life Years),Rate,Both,0.00180763726148075,0.00198998588445355,0.0016422762976916,1
53663,27,477,2,3,3,2023,neo_brain,Age-standardized,Brain and central nervous system cancer,FALSE,Lubelskie,admin1,daly,DALYs (Disability-Adjusted Life Years),Rate,Both,0.00184029780920419,0.00202708263061254,0.00163239676782891,1
53664,27,477,2,3,3,2023,neo_brain,Age-standardized,Brain and central nervous system cancer,FALSE,Lubuskie,admin1,daly,DALYs (Disability-Adjusted Life Years),Rate,Both,0.00158611756062607,0.00175814992175386,0.00141170922595682,1
53665,27,477,2,3,3,2023,neo_brain,Age-standardized,Brain and central nervous system cancer,FALSE,Małopolskie,admin1,daly,DALYs (Disability-Adjusted Life Years),Rate,Both,0.00157228923347216,0.00176040704575507,0.00141036887742353,1
53666,27,477,2,3,3,2023,neo_brain,Age-standardized,Brain and central nervous system cancer,FALSE,Mazowieckie,admin1,daly,DALYs (Disability-Adjusted Life Years),Rate,Both,0.00175582470961597,0.00188296959298471,0.0016123710280096,1
53667,27,477,2,3,3,2023,neo_brain,Age-standardized,Brain and central nervous system cancer,FALSE,Opolskie,admin1,daly,DALYs (Disability-Adjusted Life Years),Rate,Both,0.00157738477443912,0.00178100234924987,0.00139710379608925,1
53668,27,477,2,3,3,2023,neo_brain,Age-standardized,Brain and central nervous system cancer,FALSE,Podkarpackie,admin1,daly,DALYs (Disability-Adjusted Life Years),Rate,Both,0.00151639694935266,0.00169174703685156,0.00137116261454364,1
53669,27,477,2,3,3,2023,neo_brain,Age-standardized,Brain and central nervous system cancer,FALSE,Podlaskie,admin1,daly,DALYs (Disability-Adjusted Life Years),Rate,Both,0.00188234930569281,0.00210979970222309,0.00167158149892327,1
53670,27,477,2,3,3,2023,neo_brain,Age-standardized,Brain and central nervous system cancer,FALSE,Pomorskie,admin1,daly,DALYs (Disability-Adjusted Life Years),Rate,Both,0.00157746489269485,0.00174434772149847,0.00141064069122372,1
53671,27,477,2,3,3,2023,neo_brain,Age-standardized,Brain and central nervous system cancer,FALSE,Śląskie,admin1,daly,DALYs (Disability-Adjusted Life Years),Rate,Both,0.00161862880884156,0.0017612848950707,0.00146956556800194,1
53672,27,477,2,3,3,2023,neo_brain,Age-standardized,Brain and central nervous system cancer,FALSE,Świętokrzyskie,admin1,daly,DALYs (Disability-Adjusted Life Years),Rate,Both,0.00179812514317274,0.00202835042551108,0.00157102024614363,1
53673,27,477,2,3,3,2023,neo_brain,Age-standardized,Brain and central nervous system cancer,FALSE,Warmińsko-Mazurskie,admin1,daly,DALYs (Disability-Adjusted Life Years),Rate,Both,0.00175951416347463,0.00193193010054614,0.00158384075464818,1
53674,27,477,2,3,3,2023,neo_brain,Age-standardized,Brain and central nervous system cancer,FALSE,Wielkopolskie,admin1,daly,DALYs (Disability-Adjusted Life Years),Rate,Both,0.00166278084488263,0.00183661049358353,0.00151210307143642,1
53675,27,477,2,3,3,2023,neo_brain,Age-standardized,Brain and central nervous system cancer,FALSE,Zachodniopomorskie,admin1,daly,DALYs (Disability-Adjusted Life Years),Rate,Both,0.00176673640808327,0.0019811996262367,0.00156324307292262,1
60132,27,477,2,3,3,2023,neo_brain,Age-standardized,Brain and central nervous system cancer,FALSE,Vestland,admin1,daly,DALYs (Disability-Adjusted Life Years),Rate,Both,0.0017902894567367,0.00202964832581999,0.00155971109105916,1
60133,27,477,2,3,3,2023,neo_brain,Age-standardized,Brain and central nervous system cancer,FALSE,Agder,admin1,daly,DALYs (Disability-Adjusted Life Years),Rate,Both,0.00190347360585577,0.00217900690484991,0.0016513327060845,1
60134,27,477,2,3,3,2023,neo_brain,Age-standardized,Brain and central nervous system cancer,FALSE,Vestfold og Telemark,admin1,daly,DALYs (Disability-Adjusted Life Years),Rate,Both,0.00177507734319581,0.00201849717842095,0.00155395836710629,1
60135,27,477,2,3,3,2023,neo_brain,Age-standardized,Brain and central nervous system cancer,FALSE,Innlandet,admin1,daly,DALYs (Disability-Adjusted Life Years),Rate,Both,0.00167608967581268,0.00190756370548566,0.00145819024591951,1
60136,27,477,2,3,3,2023,neo_brain,Age-standardized,Brain and central nervous system cancer,FALSE,Viken,admin1,daly,DALYs (Disability-Adjusted Life Years),Rate,Both,0.00158813026998928,0.00179767628006966,0.00139329293751892,1
60137,27,477,2,3,3,2023,neo_brain,Age-standardized,Brain and central nervous system cancer,FALSE,Troms og Finnmark,admin1,daly,DALYs (Disability-Adjusted Life Years),Rate,Both,0.00162161265623915,0.00185520003273777,0.00141256115302485,1
60908,27,477,2,3,3,2023,neo_brain,Age-standardized,Brain and central nervous system cancer,FALSE,Sidama,admin1,daly,DALYs (Disability-Adjusted Life Years),Rate,Both,0.00139667981394026,0.0018638041032644,0.000948612672669454,1
94364,27,477,2,3,3,2023,neo_brain,Age-standardized,Brain and central nervous system cancer,FALSE,South West,admin1,daly,DALYs (Disability-Adjusted Life Years),Rate,Both,0.00167070747389427,0.00223274497776705,0.00112919052902133,1
95069,27,477,2,3,3,2023,neo_brain,Age-standardized,Brain and central nervous system cancer,FALSE,"Southern Nations, Nationalities, and Peoples",admin1,daly,DALYs (Disability-Adjusted Life Years),Rate,Both,0.0011272252522238,0.00151150070842547,0.000779893064044742,1
