year_id,location_name,mean_final,lower_final,upper_final,proportion,age_group_id,metric_id,measure_id,age_group_name,metric_name
1990,"Central Europe, Eastern Europe, and Central Asia",20786.16175,18828.27703,22905.63873,10.28872121,22,1,6,all ages,count space
1990,Global,202028.6226,170217.7211,236440.5451,100,22,1,6,all ages,count space
1990,High-income,64455.83136,55106.05582,76917.9413,31.90430669,22,1,6,all ages,count space
1990,Latin America and Caribbean,11319.53396,9949.625646,13067.08468,5.60293577,22,1,6,all ages,count space
1990,North Africa and Middle East,15311.96085,11074.85765,20666.8001,7.579104709,22,1,6,all ages,count space
1990,South Asia,17853.98844,12590.94165,23332.54273,8.837355921,22,1,6,all ages,count space
1990,"Southeast Asia, East Asia, and Oceania",66129.7746,47152.85761,81346.20474,32.73287406,22,1,6,all ages,count space
1990,Sub-Saharan Africa,6171.371634,4420.913018,8052.346485,3.054701633,22,1,6,all ages,count space
1990,"Central Europe, Eastern Europe, and Central Asia",4.638276499,4.187935705,5.141393946,,27,3,6,age-standardized,rate space
1990,Global,4.290515028,3.670156584,5.038296931,,27,3,6,age-standardized,rate space
1990,High-income,6.231679641,5.277978474,7.514166369,,27,3,6,age-standardized,rate space
1990,Latin America and Caribbean,3.616905162,3.226973829,4.123248248,,27,3,6,age-standardized,rate space
1990,North Africa and Middle East,6.039865938,4.330832127,8.349609541,,27,3,6,age-standardized,rate space
1990,South Asia,1.899561019,1.338563216,2.477082732,,27,3,6,age-standardized,rate space
1990,"Southeast Asia, East Asia, and Oceania",4.503057971,3.259432308,5.563623568,,27,3,6,age-standardized,rate space
1990,Sub-Saharan Africa,1.346583856,0.961926965,1.759628682,,27,3,6,age-standardized,rate space
1991,"Central Europe, Eastern Europe, and Central Asia",21116.15134,19199.28525,23305.30176,10.21173258,22,1,6,all ages,count space
1991,Global,206783.2385,173770.5974,245800.6861,100,22,1,6,all ages,count space
1991,High-income,66354.43721,56332.233,79690.69955,32.08888577,22,1,6,all ages,count space
1991,Latin America and Caribbean,11555.9189,10250.79535,13445.0726,5.588421473,22,1,6,all ages,count space
1991,North Africa and Middle East,15750.81975,11367.19923,21377.25943,7.617067932,22,1,6,all ages,count space
1991,South Asia,18239.83932,12770.66842,23443.08217,8.820753292,22,1,6,all ages,count space
1991,"Southeast Asia, East Asia, and Oceania",67428.643,48279.22027,83630.82698,32.60836975,22,1,6,all ages,count space
1991,Sub-Saharan Africa,6337.42901,4533.988561,8383.705643,3.064769203,22,1,6,all ages,count space
1991,"Central Europe, Eastern Europe, and Central Asia",4.685801529,4.250484091,5.189998807,,27,3,6,age-standardized,rate space
1991,Global,4.317356715,3.676049208,5.120698452,,27,3,6,age-standardized,rate space
1991,High-income,6.33381562,5.316520145,7.728318614,,27,3,6,age-standardized,rate space
1991,Latin America and Caribbean,3.616371081,3.232590392,4.151558587,,27,3,6,age-standardized,rate space
1991,North Africa and Middle East,6.082024337,4.453293272,8.373872639,,27,3,6,age-standardized,rate space
1991,South Asia,1.912222136,1.345065304,2.467618769,,27,3,6,age-standardized,rate space
1991,"Southeast Asia, East Asia, and Oceania",4.50799693,3.275695406,5.562726315,,27,3,6,age-standardized,rate space
1991,Sub-Saharan Africa,1.349082826,0.944661686,1.752593396,,27,3,6,age-standardized,rate space
1992,"Central Europe, Eastern Europe, and Central Asia",21526.40923,19591.54527,23606.42723,10.20784638,22,1,6,all ages,count space
1992,Global,210881.0069,175963.4404,250567.726,100,22,1,6,all ages,count space
1992,High-income,67673.73122,57273.42132,82146.79449,32.09095603,22,1,6,all ages,count space
1992,Latin America and Caribbean,11849.38112,10459.20141,13756.42434,5.618989255,22,1,6,all ages,count space
1992,North Africa and Middle East,16201.90319,11617.54386,22131.1435,7.682959894,22,1,6,all ages,count space
1992,South Asia,18516.21067,13148.15427,23892.57771,8.780406986,22,1,6,all ages,count space
1992,"Southeast Asia, East Asia, and Oceania",68597.29685,49418.2326,85748.23371,32.52891184,22,1,6,all ages,count space
1992,Sub-Saharan Africa,6516.074681,4646.094349,8653.036566,3.089929613,22,1,6,all ages,count space
1992,"Central Europe, Eastern Europe, and Central Asia",4.749308834,4.316242567,5.229711584,,27,3,6,age-standardized,rate space
1992,Global,4.329093727,3.673513753,5.130125623,,27,3,6,age-standardized,rate space
1992,High-income,6.373372711,5.328347324,7.818344684,,27,3,6,age-standardized,rate space
1992,Latin America and Caribbean,3.625227636,3.231722137,4.139860368,,27,3,6,age-standardized,rate space
1992,North Africa and Middle East,6.120722939,4.523443486,8.404736946,,27,3,6,age-standardized,rate space
1992,South Asia,1.908508826,1.366972284,2.454450987,,27,3,6,age-standardized,rate space
1992,"Southeast Asia, East Asia, and Oceania",4.511670408,3.28950404,5.698094464,,27,3,6,age-standardized,rate space
1992,Sub-Saharan Africa,1.354468984,0.935597008,1.762945698,,27,3,6,age-standardized,rate space
1993,"Central Europe, Eastern Europe, and Central Asia",22260.9945,20282.78047,24356.61934,10.34955724,22,1,6,all ages,count space
1993,Global,215091.2738,177782.6008,257011.9412,100,22,1,6,all ages,count space
1993,High-income,68685.42278,58120.34494,84025.11591,31.93315172,22,1,6,all ages,count space
1993,Latin America and Caribbean,12230.63472,10760.05655,14282.25379,5.686253331,22,1,6,all ages,count space
1993,North Africa and Middle East,16693.57212,11964.14455,22575.32153,7.761157311,22,1,6,all ages,count space
1993,South Asia,18778.19199,13366.2867,24681.54297,8.730336506,22,1,6,all ages,count space
1993,"Southeast Asia, East Asia, and Oceania",69753.92233,49736.97316,87500.95668,32.42991736,22,1,6,all ages,count space
1993,Sub-Saharan Africa,6688.535317,4751.592621,8775.290875,3.109626532,22,1,6,all ages,count space
1993,"Central Europe, Eastern Europe, and Central Asia",4.87753311,4.423783225,5.364517238,,27,3,6,age-standardized,rate space
1993,Global,4.344764592,3.645133783,5.132442744,,27,3,6,age-standardized,rate space
1993,High-income,6.37787183,5.358089344,7.912128177,,27,3,6,age-standardized,rate space
1993,Latin America and Caribbean,3.661715905,3.26775623,4.184183266,,27,3,6,age-standardized,rate space
1993,North Africa and Middle East,6.159665246,4.554178985,8.490372482,,27,3,6,age-standardized,rate space
1993,South Asia,1.901477238,1.360703216,2.433693046,,27,3,6,age-standardized,rate space
1993,"Southeast Asia, East Asia, and Oceania",4.520100418,3.27338346,5.671964008,,27,3,6,age-standardized,rate space
1993,Sub-Saharan Africa,1.358804966,0.942112846,1.772847771,,27,3,6,age-standardized,rate space
1994,"Central Europe, Eastern Europe, and Central Asia",22752.8666,20756.53002,24871.69411,10.32818989,22,1,6,all ages,count space
1994,Global,220298.6859,180830.4834,261583.1795,100,22,1,6,all ages,count space
1994,High-income,70593.18455,59948.74224,87346.98522,32.04430579,22,1,6,all ages,count space
1994,Latin America and Caribbean,12590.09217,11038.05157,14729.31348,5.715010109,22,1,6,all ages,count space
1994,North Africa and Middle East,17150.95626,12258.6767,23029.28499,7.78531937,22,1,6,all ages,count space
1994,South Asia,19153.84627,13773.51087,24693.19684,8.69448957,22,1,6,all ages,count space
1994,"Southeast Asia, East Asia, and Oceania",71202.29443,50060.64925,89553.46551,32.32079853,22,1,6,all ages,count space
1994,Sub-Saharan Africa,6855.445611,4792.445181,8870.039071,3.111886747,22,1,6,all ages,count space
1994,"Central Europe, Eastern Europe, and Central Asia",4.968321457,4.518543671,5.449595108,,27,3,6,age-standardized,rate space
1994,Global,4.379685905,3.648553333,5.16734703,,27,3,6,age-standardized,rate space
1994,High-income,6.467485065,5.461286084,8.137439849,,27,3,6,age-standardized,rate space
1994,Latin America and Caribbean,3.68025961,3.262738815,4.225806335,,27,3,6,age-standardized,rate space
1994,North Africa and Middle East,6.179842126,4.554696088,8.61794903,,27,3,6,age-standardized,rate space
1994,South Asia,1.904113473,1.360469015,2.445624614,,27,3,6,age-standardized,rate space
1994,"Southeast Asia, East Asia, and Oceania",4.549012166,3.248484857,5.725315466,,27,3,6,age-standardized,rate space
1994,Sub-Saharan Africa,1.36565117,0.960731143,1.782622226,,27,3,6,age-standardized,rate space
1995,"Central Europe, Eastern Europe, and Central Asia",23079.07569,21067.02876,25259.72707,10.24722484,22,1,6,all ages,count space
1995,Global,225222.6925,183649.9791,268610.7771,100,22,1,6,all ages,count space
1995,High-income,72398.17855,60973.5442,87802.06573,32.14515276,22,1,6,all ages,count space
1995,Latin America and Caribbean,13083.19659,11501.88322,15209.39252,5.809004611,22,1,6,all ages,count space
1995,North Africa and Middle East,17501.18791,12301.39758,23072.57438,7.770614817,22,1,6,all ages,count space
1995,South Asia,19650.72115,13832.94407,25448.87515,8.725018308,22,1,6,all ages,count space
1995,"Southeast Asia, East Asia, and Oceania",72553.99823,50348.60527,91116.6759,32.21433748,22,1,6,all ages,count space
1995,Sub-Saharan Africa,6956.334363,4891.383036,9091.678687,3.08864719,22,1,6,all ages,count space
1995,"Central Europe, Eastern Europe, and Central Asia",5.030386265,4.577751972,5.53101308,,27,3,6,age-standardized,rate space
1995,Global,4.409952229,3.648215478,5.221712582,,27,3,6,age-standardized,rate space
1995,High-income,6.537448822,5.461941428,8.045901724,,27,3,6,age-standardized,rate space
1995,Latin America and Caribbean,3.740302932,3.306628931,4.305839705,,27,3,6,age-standardized,rate space
1995,North Africa and Middle East,6.172962272,4.536641456,8.560750642,,27,3,6,age-standardized,rate space
1995,South Asia,1.918624068,1.350889098,2.457079264,,27,3,6,age-standardized,rate space
1995,"Southeast Asia, East Asia, and Oceania",4.574261761,3.216677836,5.78159923,,27,3,6,age-standardized,rate space
1995,Sub-Saharan Africa,1.358166813,0.961863237,1.786188003,,27,3,6,age-standardized,rate space
1996,"Central Europe, Eastern Europe, and Central Asia",23181.65347,21186.49783,25303.85585,10.08258097,22,1,6,all ages,count space
1996,Global,229917.8509,187700.3583,271029.8705,100,22,1,6,all ages,count space
1996,High-income,74171.36247,62559.62691,90649.32542,32.25994075,22,1,6,all ages,count space
1996,Latin America and Caribbean,13758.91129,12028.26067,15857.22829,5.984272747,22,1,6,all ages,count space
1996,North Africa and Middle East,17813.6764,12598.67694,23685.63439,7.747843992,22,1,6,all ages,count space
1996,South Asia,20166.40157,14164.06212,26231.25473,8.77113347,22,1,6,all ages,count space
1996,"Southeast Asia, East Asia, and Oceania",73740.45569,51316.02052,92049.57779,32.07252303,22,1,6,all ages,count space
1996,Sub-Saharan Africa,7085.389999,5013.443036,9328.353497,3.08170504,22,1,6,all ages,count space
1996,"Central Europe, Eastern Europe, and Central Asia",5.04255988,4.588177883,5.536923869,,27,3,6,age-standardized,rate space
1996,Global,4.432462611,3.658473708,5.222452955,,27,3,6,age-standardized,rate space
1996,High-income,6.614972314,5.507658301,8.217867965,,27,3,6,age-standardized,rate space
1996,Latin America and Caribbean,3.844054181,3.383120862,4.380448386,,27,3,6,age-standardized,rate space
1996,North Africa and Middle East,6.15333169,4.459622933,8.400402731,,27,3,6,age-standardized,rate space
1996,South Asia,1.935462311,1.351496178,2.494846322,,27,3,6,age-standardized,rate space
1996,"Southeast Asia, East Asia, and Oceania",4.588572991,3.226288411,5.761168184,,27,3,6,age-standardized,rate space
1996,Sub-Saharan Africa,1.358892894,0.979683899,1.776932584,,27,3,6,age-standardized,rate space
1997,"Central Europe, Eastern Europe, and Central Asia",23109.15586,21145.11076,25230.7443,9.885524212,22,1,6,all ages,count space
1997,Global,233767.632,191693.8487,281496.1216,100,22,1,6,all ages,count space
1997,High-income,75067.29517,63261.51951,92078.05832,32.11192864,22,1,6,all ages,count space
1997,Latin America and Caribbean,14948.13368,13071.93503,17313.29115,6.39444116,22,1,6,all ages,count space
1997,North Africa and Middle East,18159.40637,13003.8413,24397.82549,7.76814404,22,1,6,all ages,count space
1997,South Asia,20613.64566,14518.97267,26643.07958,8.818006786,22,1,6,all ages,count space
1997,"Southeast Asia, East Asia, and Oceania",74629.83751,51724.10132,93279.32541,31.92479509,22,1,6,all ages,count space
1997,Sub-Saharan Africa,7240.15777,5146.770621,9595.11876,3.097160076,22,1,6,all ages,count space
1997,"Central Europe, Eastern Europe, and Central Asia",5.015894572,4.577067552,5.501573701,,27,3,6,age-standardized,rate space
1997,Global,4.436846037,3.688102553,5.310128706,,27,3,6,age-standardized,rate space
1997,High-income,6.599302299,5.466538009,8.251864733,,27,3,6,age-standardized,rate space
1997,Latin America and Caribbean,4.091700214,3.616998617,4.682177231,,27,3,6,age-standardized,rate space
1997,North Africa and Middle East,6.145523728,4.434368861,8.443879175,,27,3,6,age-standardized,rate space
1997,South Asia,1.949135155,1.359579239,2.497552487,,27,3,6,age-standardized,rate space
1997,"Southeast Asia, East Asia, and Oceania",4.587691148,3.195031906,5.733996548,,27,3,6,age-standardized,rate space
1997,Sub-Saharan Africa,1.359911913,0.950180228,1.774101922,,27,3,6,age-standardized,rate space
1998,"Central Europe, Eastern Europe, and Central Asia",22676.11406,20835.41355,24697.22626,9.545484747,22,1,6,all ages,count space
1998,Global,237558.5385,194800.1269,290013.5756,100,22,1,6,all ages,count space
1998,High-income,76323.22362,64933.4378,93406.39217,32.12817526,22,1,6,all ages,count space
1998,Latin America and Caribbean,15770.26895,13847.01885,18419.66495,6.638477004,22,1,6,all ages,count space
1998,North Africa and Middle East,18547.35716,13346.18797,24975.36504,7.807489167,22,1,6,all ages,count space
1998,South Asia,20998.01282,14805.76718,26783.91617,8.839089912,22,1,6,all ages,count space
1998,"Southeast Asia, East Asia, and Oceania",75858.17594,52900.49562,94120.87744,31.93241397,22,1,6,all ages,count space
1998,Sub-Saharan Africa,7385.385987,5266.097752,9670.773777,3.108869937,22,1,6,all ages,count space
1998,"Central Europe, Eastern Europe, and Central Asia",4.920354322,4.501687669,5.406045971,,27,3,6,age-standardized,rate space
1998,Global,4.437361268,3.680783463,5.365149096,,27,3,6,age-standardized,rate space
1998,High-income,6.606211505,5.536191467,8.227178394,,27,3,6,age-standardized,rate space
1998,Latin America and Caribbean,4.225416165,3.743249422,4.860525555,,27,3,6,age-standardized,rate space
1998,North Africa and Middle East,6.148211204,4.48322371,8.522138856,,27,3,6,age-standardized,rate space
1998,South Asia,1.950713408,1.363738319,2.48516352,,27,3,6,age-standardized,rate space
1998,"Southeast Asia, East Asia, and Oceania",4.604996386,3.2184168,5.737683005,,27,3,6,age-standardized,rate space
1998,Sub-Saharan Africa,1.356186053,0.911742572,1.75642929,,27,3,6,age-standardized,rate space
1999,"Central Europe, Eastern Europe, and Central Asia",22788.91694,21036.86311,24926.18533,9.414502588,22,1,6,all ages,count space
1999,Global,242061.8267,197789.0438,284114.302,100,22,1,6,all ages,count space
1999,High-income,77631.25671,66289.02065,93979.84627,32.07083817,22,1,6,all ages,count space
1999,Latin America and Caribbean,16574.03437,14686.03832,19206.22882,6.84702524,22,1,6,all ages,count space
1999,North Africa and Middle East,19013.26157,13840.55822,25232.63086,7.85471292,22,1,6,all ages,count space
1999,South Asia,21130.52519,15186.36051,27331.92635,8.729391775,22,1,6,all ages,count space
1999,"Southeast Asia, East Asia, and Oceania",77450.06926,54750.48014,95144.14281,31.99598645,22,1,6,all ages,count space
1999,Sub-Saharan Africa,7473.762629,5305.795464,9865.188057,3.087542853,22,1,6,all ages,count space
1999,"Central Europe, Eastern Europe, and Central Asia",4.932870847,4.527136139,5.423283099,,27,3,6,age-standardized,rate space
1999,Global,4.447304423,3.664358784,5.176880498,,27,3,6,age-standardized,rate space
1999,High-income,6.621453,5.575186265,8.135889347,,27,3,6,age-standardized,rate space
1999,Latin America and Caribbean,4.336724294,3.889107356,4.977313612,,27,3,6,age-standardized,rate space
1999,North Africa and Middle East,6.159280084,4.556437763,8.497101784,,27,3,6,age-standardized,rate space
1999,South Asia,1.921269497,1.373467823,2.48477234,,27,3,6,age-standardized,rate space
1999,"Southeast Asia, East Asia, and Oceania",4.637031279,3.285803471,5.671917683,,27,3,6,age-standardized,rate space
1999,Sub-Saharan Africa,1.339586822,0.895345781,1.735278267,,27,3,6,age-standardized,rate space
2000,"Central Europe, Eastern Europe, and Central Asia",23688.37844,21953.33535,25877.5374,9.563125828,22,1,6,all ages,count space
2000,Global,247705.3932,203705.5856,294529.0522,100,22,1,6,all ages,count space
2000,High-income,79249.96129,68106.0614,93814.50808,31.99363577,22,1,6,all ages,count space
2000,Latin America and Caribbean,17383.20162,15347.19241,20113.9012,7.017692022,22,1,6,all ages,count space
2000,North Africa and Middle East,19418.63756,14395.80537,25806.73765,7.839408463,22,1,6,all ages,count space
2000,South Asia,21195.39827,15488.89451,27596.71237,8.556696322,22,1,6,all ages,count space
2000,"Southeast Asia, East Asia, and Oceania",79165.75357,55800.08922,97718.41831,31.95964066,22,1,6,all ages,count space
2000,Sub-Saharan Africa,7604.062475,5334.919479,10109.54566,3.069800934,22,1,6,all ages,count space
2000,"Central Europe, Eastern Europe, and Central Asia",5.104559249,4.704463117,5.613278418,,27,3,6,age-standardized,rate space
2000,Global,4.477315281,3.71983551,5.29690717,,27,3,6,age-standardized,rate space
2000,High-income,6.679246047,5.671993947,8.006264031,,27,3,6,age-standardized,rate space
2000,Latin America and Caribbean,4.452840555,3.974377008,5.121906301,,27,3,6,age-standardized,rate space
2000,North Africa and Middle East,6.153671479,4.57838861,8.450950103,,27,3,6,age-standardized,rate space
2000,South Asia,1.892002277,1.377326795,2.44799558,,27,3,6,age-standardized,rate space
2000,"Southeast Asia, East Asia, and Oceania",4.676488039,3.30122371,5.768157739,,27,3,6,age-standardized,rate space
2000,Sub-Saharan Africa,1.332344417,0.884802775,1.740217743,,27,3,6,age-standardized,rate space
2001,"Central Europe, Eastern Europe, and Central Asia",24146.14213,22417.46076,26368.10011,9.59453168,22,1,6,all ages,count space
2001,Global,251665.6668,210925.9373,301486.513,100,22,1,6,all ages,count space
2001,High-income,80152.94409,69580.77677,95890.65953,31.84897849,22,1,6,all ages,count space
2001,Latin America and Caribbean,18091.06063,16087.33863,21157.89078,7.188529473,22,1,6,all ages,count space
2001,North Africa and Middle East,20011.06162,15094.77178,26452.30872,7.951446803,22,1,6,all ages,count space
2001,South Asia,21564.55629,15982.60483,27436.39811,8.568731909,22,1,6,all ages,count space
2001,"Southeast Asia, East Asia, and Oceania",80012.10004,56600.23198,97990.52325,31.79301375,22,1,6,all ages,count space
2001,Sub-Saharan Africa,7687.801991,5379.640228,10301.90031,3.054767895,22,1,6,all ages,count space
2001,"Central Europe, Eastern Europe, and Central Asia",5.188599613,4.785890773,5.711045903,,27,3,6,age-standardized,rate space
2001,Global,4.471426336,3.771381518,5.325518269,,27,3,6,age-standardized,rate space
2001,High-income,6.67034283,5.725715496,8.108097833,,27,3,6,age-standardized,rate space
2001,Latin America and Caribbean,4.528957492,4.062617631,5.255042082,,27,3,6,age-standardized,rate space
2001,North Africa and Middle East,6.215462809,4.681525398,8.396230781,,27,3,6,age-standardized,rate space
2001,South Asia,1.889991405,1.391968264,2.404033783,,27,3,6,age-standardized,rate space
2001,"Southeast Asia, East Asia, and Oceania",4.658061391,3.295516312,5.709103866,,27,3,6,age-standardized,rate space
2001,Sub-Saharan Africa,1.31806095,0.872573914,1.753481229,,27,3,6,age-standardized,rate space
2002,"Central Europe, Eastern Europe, and Central Asia",24776.6459,22967.86158,27034.7359,9.665071222,22,1,6,all ages,count space
2002,Global,256352.4399,217085.9414,309222.7061,100,22,1,6,all ages,count space
2002,High-income,81519.90937,71604.68022,99977.25835,31.79993504,22,1,6,all ages,count space
2002,Latin America and Caribbean,18658.57073,16622.88239,21806.60767,7.278483768,22,1,6,all ages,count space
2002,North Africa and Middle East,20616.84376,15541.92116,27197.54247,8.042382499,22,1,6,all ages,count space
2002,South Asia,21913.02652,15992.49981,28017.85135,8.548007785,22,1,6,all ages,count space
2002,"Southeast Asia, East Asia, and Oceania",81017.46428,57947.06782,100258.7114,31.60393726,22,1,6,all ages,count space
2002,Sub-Saharan Africa,7849.979341,5501.124378,10590.31405,3.062182418,22,1,6,all ages,count space
2002,"Central Europe, Eastern Europe, and Central Asia",5.284749348,4.876101356,5.814413378,,27,3,6,age-standardized,rate space
2002,Global,4.475171466,3.80161053,5.369527726,,27,3,6,age-standardized,rate space
2002,High-income,6.680928407,5.768280492,8.346074754,,27,3,6,age-standardized,rate space
2002,Latin America and Caribbean,4.571948735,4.099638733,5.298699783,,27,3,6,age-standardized,rate space
2002,North Africa and Middle East,6.275322933,4.758552734,8.293249836,,27,3,6,age-standardized,rate space
2002,South Asia,1.887765954,1.375139958,2.401981706,,27,3,6,age-standardized,rate space
2002,"Southeast Asia, East Asia, and Oceania",4.639581877,3.311786694,5.744890687,,27,3,6,age-standardized,rate space
2002,Sub-Saharan Africa,1.31615034,0.872365716,1.751662872,,27,3,6,age-standardized,rate space
2003,"Central Europe, Eastern Europe, and Central Asia",25307.20294,23501.52257,27572.00586,9.705990713,22,1,6,all ages,count space
2003,Global,260737.9678,225946.0802,312312.4325,100,22,1,6,all ages,count space
2003,High-income,82488.41161,71590.43587,99041.49807,31.63651704,22,1,6,all ages,count space
2003,Latin America and Caribbean,19337.04863,17223.74721,22657.56163,7.416276498,22,1,6,all ages,count space
2003,North Africa and Middle East,21389.37018,16153.604,28162.7924,8.20339683,22,1,6,all ages,count space
2003,South Asia,22124.52499,15971.90764,28467.21003,8.485348406,22,1,6,all ages,count space
2003,"Southeast Asia, East Asia, and Oceania",82183.0434,60437.28366,100867.8121,31.51940015,22,1,6,all ages,count space
2003,Sub-Saharan Africa,7908.366042,5523.293133,10699.89455,3.033070369,22,1,6,all ages,count space
2003,"Central Europe, Eastern Europe, and Central Asia",5.367084034,4.951925364,5.903871788,,27,3,6,age-standardized,rate space
2003,Global,4.470335342,3.88057231,5.318772797,,27,3,6,age-standardized,rate space
2003,High-income,6.656360122,5.715950777,8.145610722,,27,3,6,age-standardized,rate space
2003,Latin America and Caribbean,4.634948388,4.155393088,5.39211256,,27,3,6,age-standardized,rate space
2003,North Africa and Middle East,6.360633514,4.809810449,8.323176319,,27,3,6,age-standardized,rate space
2003,South Asia,1.868989829,1.350584711,2.394009934,,27,3,6,age-standardized,rate space
2003,"Southeast Asia, East Asia, and Oceania",4.628042134,3.39836105,5.683138358,,27,3,6,age-standardized,rate space
2003,Sub-Saharan Africa,1.300247464,0.870671129,1.722269565,,27,3,6,age-standardized,rate space
2004,"Central Europe, Eastern Europe, and Central Asia",25823.95606,24004.53377,27988.26896,9.738996002,22,1,6,all ages,count space
2004,Global,265160.3518,229977.614,317350.3237,100,22,1,6,all ages,count space
2004,High-income,82931.25324,71587.80874,100442.8383,31.27588747,22,1,6,all ages,count space
2004,Latin America and Caribbean,20050.92206,17985.84301,23467.33836,7.561810024,22,1,6,all ages,count space
2004,North Africa and Middle East,21982.68153,16416.40012,28874.79126,8.290335027,22,1,6,all ages,count space
2004,South Asia,22381.00768,16115.7842,29025.67862,8.440555883,22,1,6,all ages,count space
2004,"Southeast Asia, East Asia, and Oceania",83927.94917,62591.42973,104333.2172,31.65177169,22,1,6,all ages,count space
2004,Sub-Saharan Africa,8062.582081,5641.095228,10812.267,3.040643907,22,1,6,all ages,count space
2004,"Central Europe, Eastern Europe, and Central Asia",5.458601078,5.039385969,5.977356802,,27,3,6,age-standardized,rate space
2004,Global,4.463115321,3.879857776,5.330065873,,27,3,6,age-standardized,rate space
2004,High-income,6.600533541,5.59493762,8.13793166,,27,3,6,age-standardized,rate space
2004,Latin America and Caribbean,4.704065124,4.238645908,5.470610633,,27,3,6,age-standardized,rate space
2004,North Africa and Middle East,6.37800969,4.824107725,8.292214417,,27,3,6,age-standardized,rate space
2004,South Asia,1.845520875,1.333387721,2.408224722,,27,3,6,age-standardized,rate space
2004,"Southeast Asia, East Asia, and Oceania",4.642784159,3.466916145,5.756827614,,27,3,6,age-standardized,rate space
2004,Sub-Saharan Africa,1.291931009,0.86940417,1.708971711,,27,3,6,age-standardized,rate space
2005,"Central Europe, Eastern Europe, and Central Asia",26707.75883,24795.13943,28892.85714,9.863337133,22,1,6,all ages,count space
2005,Global,270778.1197,235265.2477,321088.075,100,22,1,6,all ages,count space
2005,High-income,84803.66837,73745.84261,102385.448,31.31850847,22,1,6,all ages,count space
2005,Latin America and Caribbean,20437.92685,18228.89022,23870.91452,7.5478502,22,1,6,all ages,count space
2005,North Africa and Middle East,22699.84383,16872.06083,29323.63594,8.383189844,22,1,6,all ages,count space
2005,South Asia,22928.17636,16449.23799,29774.41416,8.46751443,22,1,6,all ages,count space
2005,"Southeast Asia, East Asia, and Oceania",84940.39415,65831.82293,106657.7647,31.36900213,22,1,6,all ages,count space
2005,Sub-Saharan Africa,8260.351323,5793.449658,10936.0959,3.050597785,22,1,6,all ages,count space
2005,"Central Europe, Eastern Europe, and Central Asia",5.612553452,5.175612999,6.150229196,,27,3,6,age-standardized,rate space
2005,Global,4.471931902,3.889320191,5.285572812,,27,3,6,age-standardized,rate space
2005,High-income,6.636071897,5.679922822,8.120106497,,27,3,6,age-standardized,rate space
2005,Latin America and Caribbean,4.694814868,4.206490368,5.429716893,,27,3,6,age-standardized,rate space
2005,North Africa and Middle East,6.428894793,4.856600875,8.365292933,,27,3,6,age-standardized,rate space
2005,South Asia,1.84898185,1.336174534,2.407467923,,27,3,6,age-standardized,rate space
2005,"Southeast Asia, East Asia, and Oceania",4.614243242,3.580615961,5.792425453,,27,3,6,age-standardized,rate space
2005,Sub-Saharan Africa,1.291683885,0.885728295,1.701469873,,27,3,6,age-standardized,rate space
2006,"Central Europe, Eastern Europe, and Central Asia",26813.38404,24877.03442,29167.83591,9.777059472,22,1,6,all ages,count space
2006,Global,274247.9384,235344.8241,326656.194,100,22,1,6,all ages,count space
2006,High-income,85967.52061,73778.85343,103678.3509,31.34664242,22,1,6,all ages,count space
2006,Latin America and Caribbean,20767.301,18536.6696,23989.13147,7.572454735,22,1,6,all ages,count space
2006,North Africa and Middle East,23417.99644,17399.27868,30140.89698,8.538987231,22,1,6,all ages,count space
2006,South Asia,23583.1042,16505.07909,30862.25969,8.599191061,22,1,6,all ages,count space
2006,"Southeast Asia, East Asia, and Oceania",85194.24508,68719.9613,108300.6754,31.06468022,22,1,6,all ages,count space
2006,Sub-Saharan Africa,8504.387039,5941.308971,11351.61721,3.100984856,22,1,6,all ages,count space
2006,"Central Europe, Eastern Europe, and Central Asia",5.616603865,5.179623106,6.154087415,,27,3,6,age-standardized,rate space
2006,Global,4.440866403,3.826678152,5.271362787,,27,3,6,age-standardized,rate space
2006,High-income,6.642777087,5.617656688,8.186938134,,27,3,6,age-standardized,rate space
2006,Latin America and Caribbean,4.6686545,4.19487497,5.336764127,,27,3,6,age-standardized,rate space
2006,North Africa and Middle East,6.479403491,4.873617427,8.483055287,,27,3,6,age-standardized,rate space
2006,South Asia,1.861115363,1.319072514,2.444342555,,27,3,6,age-standardized,rate space
2006,"Southeast Asia, East Asia, and Oceania",4.532599612,3.656366209,5.777918233,,27,3,6,age-standardized,rate space
2006,Sub-Saharan Africa,1.300332193,0.909575551,1.715318908,,27,3,6,age-standardized,rate space
2007,"Central Europe, Eastern Europe, and Central Asia",26892.04379,25021.41013,29200.48755,9.636955951,22,1,6,all ages,count space
2007,Global,279051.2266,238924.1714,333695.7298,100,22,1,6,all ages,count space
2007,High-income,87373.93121,74727.46906,104420.5718,31.31107226,22,1,6,all ages,count space
2007,Latin America and Caribbean,21270.16075,19013.76303,24393.47187,7.622314014,22,1,6,all ages,count space
2007,North Africa and Middle East,24047.16418,17757.60354,31136.49218,8.617473025,22,1,6,all ages,count space
2007,South Asia,24315.69486,16891.78732,32019.60281,8.713702914,22,1,6,all ages,count space
2007,"Southeast Asia, East Asia, and Oceania",86384.34407,71005.67681,110770.6747,30.95644665,22,1,6,all ages,count space
2007,Sub-Saharan Africa,8767.88772,6131.541833,11854.32824,3.142035184,22,1,6,all ages,count space
2007,"Central Europe, Eastern Europe, and Central Asia",5.598429751,5.172179276,6.153294757,,27,3,6,age-standardized,rate space
2007,Global,4.428694514,3.802856845,5.283372595,,27,3,6,age-standardized,rate space
2007,High-income,6.641683137,5.57388702,8.150836132,,27,3,6,age-standardized,rate space
2007,Latin America and Caribbean,4.672379515,4.207814771,5.314705242,,27,3,6,age-standardized,rate space
2007,North Africa and Middle East,6.487751297,4.880835377,8.454789604,,27,3,6,age-standardized,rate space
2007,South Asia,1.879856018,1.316178162,2.461079623,,27,3,6,age-standardized,rate space
2007,"Southeast Asia, East Asia, and Oceania",4.503053378,3.703802007,5.788141116,,27,3,6,age-standardized,rate space
2007,Sub-Saharan Africa,1.30769344,0.924000469,1.727102021,,27,3,6,age-standardized,rate space
2008,"Central Europe, Eastern Europe, and Central Asia",27492.38285,25547.26999,29850.94115,9.61581462,22,1,6,all ages,count space
2008,Global,285907.9957,245366.5875,344893.1115,100,22,1,6,all ages,count space
2008,High-income,89991.39286,76853.3803,108325.967,31.47564748,22,1,6,all ages,count space
2008,Latin America and Caribbean,21732.58061,19598.76685,24903.07435,7.60124968,22,1,6,all ages,count space
2008,North Africa and Middle East,24774.38446,18303.32657,32211.27957,8.665159712,22,1,6,all ages,count space
2008,South Asia,25015.97003,17379.0706,33119.27717,8.749657372,22,1,6,all ages,count space
2008,"Southeast Asia, East Asia, and Oceania",87939.18393,71968.53083,113843.8437,30.757861,22,1,6,all ages,count space
2008,Sub-Saharan Africa,8962.100992,6310.487892,11807.89973,3.134610128,22,1,6,all ages,count space
2008,"Central Europe, Eastern Europe, and Central Asia",5.679253312,5.253667708,6.237477426,,27,3,6,age-standardized,rate space
2008,Global,4.44701258,3.820969043,5.361167021,,27,3,6,age-standardized,rate space
2008,High-income,6.733026213,5.622420769,8.29085175,,27,3,6,age-standardized,rate space
2008,Latin America and Caribbean,4.663995255,4.217608051,5.307704742,,27,3,6,age-standardized,rate space
2008,North Africa and Middle East,6.512804013,4.914231881,8.399585911,,27,3,6,age-standardized,rate space
2008,South Asia,1.892942512,1.326226497,2.52036027,,27,3,6,age-standardized,rate space
2008,"Southeast Asia, East Asia, and Oceania",4.506328627,3.67981744,5.816723309,,27,3,6,age-standardized,rate space
2008,Sub-Saharan Africa,1.30543715,0.925892097,1.723769628,,27,3,6,age-standardized,rate space
2009,"Central Europe, Eastern Europe, and Central Asia",27884.48886,25910.79909,30124.63884,9.577165174,22,1,6,all ages,count space
2009,Global,291155.9773,250202.485,352719.2578,100,22,1,6,all ages,count space
2009,High-income,91714.03966,78510.8355,110624.2506,31.499968,22,1,6,all ages,count space
2009,Latin America and Caribbean,22153.10326,20039.62124,25706.35865,7.60867198,22,1,6,all ages,count space
2009,North Africa and Middle East,25582.53458,19007.52644,32821.32466,8.786539373,22,1,6,all ages,count space
2009,South Asia,25409.38435,17798.14829,34144.5656,8.727069452,22,1,6,all ages,count space
2009,"Southeast Asia, East Asia, and Oceania",89237.24544,72697.76249,117150.6263,30.64929193,22,1,6,all ages,count space
2009,Sub-Saharan Africa,9175.181109,6440.050209,11878.7786,3.151294092,22,1,6,all ages,count space
2009,"Central Europe, Eastern Europe, and Central Asia",5.723180466,5.285561438,6.253131412,,27,3,6,age-standardized,rate space
2009,Global,4.437102882,3.824076045,5.376731645,,27,3,6,age-standardized,rate space
2009,High-income,6.760395449,5.667564513,8.313290943,,27,3,6,age-standardized,rate space
2009,Latin America and Caribbean,4.654700394,4.220098811,5.347609176,,27,3,6,age-standardized,rate space
2009,North Africa and Middle East,6.536674642,4.942928129,8.346492653,,27,3,6,age-standardized,rate space
2009,South Asia,1.8794783,1.317653154,2.500018442,,27,3,6,age-standardized,rate space
2009,"Southeast Asia, East Asia, and Oceania",4.493879208,3.644785545,5.852863559,,27,3,6,age-standardized,rate space
2009,Sub-Saharan Africa,1.306240038,0.928519527,1.685541832,,27,3,6,age-standardized,rate space
2010,"Central Europe, Eastern Europe, and Central Asia",28489.48204,26446.42593,30750.94929,9.601812793,22,1,6,all ages,count space
2010,Global,296709.4095,255673.4982,363828.7886,100,22,1,6,all ages,count space
2010,High-income,93463.92545,80909.09451,114369.2377,31.50015552,22,1,6,all ages,count space
2010,Latin America and Caribbean,22858.45164,20666.58877,26043.84028,7.703986091,22,1,6,all ages,count space
2010,North Africa and Middle East,26365.15606,19604.31504,33758.56316,8.885851011,22,1,6,all ages,count space
2010,South Asia,25940.16359,18325.99503,34993.50479,8.742615758,22,1,6,all ages,count space
2010,"Southeast Asia, East Asia, and Oceania",90143.64473,73560.0633,119131.6734,30.381121,22,1,6,all ages,count space
2010,Sub-Saharan Africa,9448.586,6688.177203,12321.32654,3.184457822,22,1,6,all ages,count space
2010,"Central Europe, Eastern Europe, and Central Asia",5.791793825,5.35430295,6.302681143,,27,3,6,age-standardized,rate space
2010,Global,4.429411199,3.810176342,5.43699959,,27,3,6,age-standardized,rate space
2010,High-income,6.775466131,5.73833565,8.39300043,,27,3,6,age-standardized,rate space
2010,Latin America and Caribbean,4.698964106,4.249572774,5.325843116,,27,3,6,age-standardized,rate space
2010,North Africa and Middle East,6.548826186,4.947595596,8.492939672,,27,3,6,age-standardized,rate space
2010,South Asia,1.88064063,1.334198938,2.531064102,,27,3,6,age-standardized,rate space
2010,"Southeast Asia, East Asia, and Oceania",4.451215923,3.622725912,5.829726547,,27,3,6,age-standardized,rate space
2010,Sub-Saharan Africa,1.310826845,0.941060444,1.669808545,,27,3,6,age-standardized,rate space
2011,"Central Europe, Eastern Europe, and Central Asia",28691.88801,26682.78355,31199.58759,9.534037803,22,1,6,all ages,count space
2011,Global,300941.622,259214.8441,368603.8289,100,22,1,6,all ages,count space
2011,High-income,95231.7406,82641.19517,116844.744,31.64458939,22,1,6,all ages,count space
2011,Latin America and Caribbean,23221.83662,20998.6109,26512.98708,7.716392458,22,1,6,all ages,count space
2011,North Africa and Middle East,27343.58185,20258.22186,34956.93639,9.086008665,22,1,6,all ages,count space
2011,South Asia,26199.27757,19054.79637,35993.44054,8.705767382,22,1,6,all ages,count space
2011,"Southeast Asia, East Asia, and Oceania",90481.53861,72790.56028,119749.1922,30.06614306,22,1,6,all ages,count space
2011,Sub-Saharan Africa,9771.758741,6939.946418,12736.30108,3.247061233,22,1,6,all ages,count space
2011,"Central Europe, Eastern Europe, and Central Asia",5.777509172,5.355651276,6.340141006,,27,3,6,age-standardized,rate space
2011,Global,4.40121637,3.781079267,5.397265634,,27,3,6,age-standardized,rate space
2011,High-income,6.802864454,5.832456275,8.466689071,,27,3,6,age-standardized,rate space
2011,Latin America and Caribbean,4.674189815,4.246551109,5.321426582,,27,3,6,age-standardized,rate space
2011,North Africa and Middle East,6.615620094,4.960514029,8.580094504,,27,3,6,age-standardized,rate space
2011,South Asia,1.858853865,1.349117598,2.548492066,,27,3,6,age-standardized,rate space
2011,"Southeast Asia, East Asia, and Oceania",4.379397425,3.517375429,5.801060192,,27,3,6,age-standardized,rate space
2011,Sub-Saharan Africa,1.317805107,0.956767043,1.6930681,,27,3,6,age-standardized,rate space
2012,"Central Europe, Eastern Europe, and Central Asia",29312.27152,27206.00677,31985.76359,9.546748205,22,1,6,all ages,count space
2012,Global,307039.3279,264705.7183,368808.5467,100,22,1,6,all ages,count space
2012,High-income,97748.64186,84206.31416,121955.5533,31.83587019,22,1,6,all ages,count space
2012,Latin America and Caribbean,23834.73158,21616.72728,27204.51591,7.762761776,22,1,6,all ages,count space
2012,North Africa and Middle East,28218.47361,20757.28304,35644.45941,9.190507877,22,1,6,all ages,count space
2012,South Asia,26473.59101,19481.75915,36071.78622,8.62221501,22,1,6,all ages,count space
2012,"Southeast Asia, East Asia, and Oceania",91280.06263,74764.61057,124490.811,29.72911101,22,1,6,all ages,count space
2012,Sub-Saharan Africa,10171.55565,7213.793922,13381.71789,3.31278593,22,1,6,all ages,count space
2012,"Central Europe, Eastern Europe, and Central Asia",5.840320065,5.378142832,6.443188097,,27,3,6,age-standardized,rate space
2012,Global,4.397748128,3.790577731,5.290342974,,27,3,6,age-standardized,rate space
2012,High-income,6.865590962,5.856565389,8.731916841,,27,3,6,age-standardized,rate space
2012,Latin America and Caribbean,4.694877087,4.267569491,5.341905395,,27,3,6,age-standardized,rate space
2012,North Africa and Middle East,6.657429938,4.944745654,8.463177556,,27,3,6,age-standardized,rate space
2012,South Asia,1.838654704,1.351193127,2.495358784,,27,3,6,age-standardized,rate space
2012,"Southeast Asia, East Asia, and Oceania",4.326881556,3.528349652,5.890506027,,27,3,6,age-standardized,rate space
2012,Sub-Saharan Africa,1.330401478,0.981390041,1.718474688,,27,3,6,age-standardized,rate space
2013,"Central Europe, Eastern Europe, and Central Asia",29526.57967,27428.35786,32036.81689,9.499162266,22,1,6,all ages,count space
2013,Global,310833.5119,266305.0997,378337.9612,100,22,1,6,all ages,count space
2013,High-income,98734.32207,85410.39455,120198.5803,31.76437491,22,1,6,all ages,count space
2013,Latin America and Caribbean,24315.47659,21955.03698,27813.20147,7.82266894,22,1,6,all ages,count space
2013,North Africa and Middle East,29093.02807,21791.15048,36482.81447,9.359681937,22,1,6,all ages,count space
2013,South Asia,26999.11008,19840.34216,37721.77361,8.686035786,22,1,6,all ages,count space
2013,"Southeast Asia, East Asia, and Oceania",91521.84546,74678.14411,126710.2362,29.44400844,22,1,6,all ages,count space
2013,Sub-Saharan Africa,10643.14994,7614.508594,14135.44598,3.424067719,22,1,6,all ages,count space
2013,"Central Europe, Eastern Europe, and Central Asia",5.818274626,5.368191409,6.370033724,,27,3,6,age-standardized,rate space
2013,Global,4.35944563,3.734121146,5.320117872,,27,3,6,age-standardized,rate space
2013,High-income,6.828680056,5.804528144,8.478053439,,27,3,6,age-standardized,rate space
2013,Latin America and Caribbean,4.683022422,4.237373842,5.329369302,,27,3,6,age-standardized,rate space
2013,North Africa and Middle East,6.682452106,5.033384619,8.443320721,,27,3,6,age-standardized,rate space
2013,South Asia,1.835476678,1.349628544,2.548524187,,27,3,6,age-standardized,rate space
2013,"Southeast Asia, East Asia, and Oceania",4.250728207,3.463051213,5.915925887,,27,3,6,age-standardized,rate space
2013,Sub-Saharan Africa,1.348106397,0.996208339,1.747015628,,27,3,6,age-standardized,rate space
2014,"Central Europe, Eastern Europe, and Central Asia",29968.77637,27951.72471,32477.74333,9.424757559,22,1,6,all ages,count space
2014,Global,317979.2815,274099.6821,388359.1958,100,22,1,6,all ages,count space
2014,High-income,100461.5975,86631.32085,123555.6949,31.59375575,22,1,6,all ages,count space
2014,Latin America and Caribbean,24856.81854,22450.41484,28301.97369,7.817118909,22,1,6,all ages,count space
2014,North Africa and Middle East,30139.09439,23057.87824,38646.81081,9.478320176,22,1,6,all ages,count space
2014,South Asia,27604.92075,20337.24051,38508.46684,8.681358303,22,1,6,all ages,count space
2014,"Southeast Asia, East Asia, and Oceania",93840.88211,75294.51753,130342.7659,29.51163412,22,1,6,all ages,count space
2014,Sub-Saharan Africa,11107.19178,7962.033243,14783.4659,3.493055186,22,1,6,all ages,count space
2014,"Central Europe, Eastern Europe, and Central Asia",5.846992423,5.410624509,6.396110398,,27,3,6,age-standardized,rate space
2014,Global,4.366751394,3.752950307,5.338902672,,27,3,6,age-standardized,rate space
2014,High-income,6.840419081,5.804436227,8.605362248,,27,3,6,age-standardized,rate space
2014,Latin America and Caribbean,4.68759258,4.241821411,5.32769707,,27,3,6,age-standardized,rate space
2014,North Africa and Middle East,6.756001172,5.265842869,8.607819682,,27,3,6,age-standardized,rate space
2014,South Asia,1.842406602,1.365482208,2.559284898,,27,3,6,age-standardized,rate space
2014,"Southeast Asia, East Asia, and Oceania",4.262734877,3.418334752,5.924456322,,27,3,6,age-standardized,rate space
2014,Sub-Saharan Africa,1.362060234,1.010487411,1.767893871,,27,3,6,age-standardized,rate space
2015,"Central Europe, Eastern Europe, and Central Asia",30726.45493,28723.03984,33100.89746,9.421898994,22,1,6,all ages,count space
2015,Global,326117.4308,279909.294,394455.8538,100,22,1,6,all ages,count space
2015,High-income,102835.5096,88161.77766,125754.8222,31.53327603,22,1,6,all ages,count space
2015,Latin America and Caribbean,25461.83449,22911.87471,29065.7508,7.807566257,22,1,6,all ages,count space
2015,North Africa and Middle East,31051.23053,23407.60404,39831.59269,9.521487538,22,1,6,all ages,count space
2015,South Asia,28530.07809,21101.84162,39373.43152,8.748406369,22,1,6,all ages,count space
2015,"Southeast Asia, East Asia, and Oceania",96048.71028,77583.5583,134255.5963,29.45218538,22,1,6,all ages,count space
2015,Sub-Saharan Africa,11463.61286,8161.617977,15217.41974,3.515179434,22,1,6,all ages,count space
2015,"Central Europe, Eastern Europe, and Central Asia",5.922512872,5.479333743,6.44745552,,27,3,6,age-standardized,rate space
2015,Global,4.384248437,3.753991547,5.306409721,,27,3,6,age-standardized,rate space
2015,High-income,6.87273774,5.81861461,8.571467669,,27,3,6,age-standardized,rate space
2015,Latin America and Caribbean,4.697092646,4.226131156,5.348533471,,27,3,6,age-standardized,rate space
2015,North Africa and Middle East,6.788734198,5.231981719,8.678198004,,27,3,6,age-standardized,rate space
2015,South Asia,1.870378577,1.391346019,2.582181769,,27,3,6,age-standardized,rate space
2015,"Southeast Asia, East Asia, and Oceania",4.265637985,3.415920394,5.987303336,,27,3,6,age-standardized,rate space
2015,Sub-Saharan Africa,1.366340954,1.002862931,1.772386727,,27,3,6,age-standardized,rate space
2016,"Central Europe, Eastern Europe, and Central Asia",31017.7817,28934.50894,33491.65619,9.269150528,22,1,6,all ages,count space
2016,Global,334634.5667,285370.8909,406933.088,100,22,1,6,all ages,count space
2016,High-income,105136.9255,89054.59668,127470.9947,31.41842953,22,1,6,all ages,count space
2016,Latin America and Caribbean,25682.71931,23037.0682,29216.89783,7.674855459,22,1,6,all ages,count space
2016,North Africa and Middle East,32099.12335,24064.22307,41010.45754,9.592291575,22,1,6,all ages,count space
2016,South Asia,29350.49582,21503.37662,40572.85185,8.770909745,22,1,6,all ages,count space
2016,"Southeast Asia, East Asia, and Oceania",99491.56076,80655.09814,139286.3127,29.73140574,22,1,6,all ages,count space
2016,Sub-Saharan Africa,11855.96021,8500.362405,16010.58712,3.542957421,22,1,6,all ages,count space
2016,"Central Europe, Eastern Europe, and Central Asia",5.905244986,5.429972471,6.464807247,,27,3,6,age-standardized,rate space
2016,Global,4.406274886,3.745832749,5.376030919,,27,3,6,age-standardized,rate space
2016,High-income,6.937804524,5.864922457,8.577549545,,27,3,6,age-standardized,rate space
2016,Latin America and Caribbean,4.635484279,4.153790547,5.265908305,,27,3,6,age-standardized,rate space
2016,North Africa and Middle East,6.845826236,5.221511064,8.815710621,,27,3,6,age-standardized,rate space
2016,South Asia,1.886577168,1.391897988,2.594094213,,27,3,6,age-standardized,rate space
2016,"Southeast Asia, East Asia, and Oceania",4.318800166,3.483211023,6.070447192,,27,3,6,age-standardized,rate space
2016,Sub-Saharan Africa,1.373454754,1.003499015,1.800594864,,27,3,6,age-standardized,rate space
2017,"Central Europe, Eastern Europe, and Central Asia",30895.31281,28667.92107,33350.22393,9.035042211,22,1,6,all ages,count space
2017,Global,341949.8447,289006.2382,419440.2158,100,22,1,6,all ages,count space
2017,High-income,106486.8459,89663.81468,126159.5088,31.14107157,22,1,6,all ages,count space
2017,Latin America and Caribbean,26100.19295,23372.08916,29715.73233,7.632754731,22,1,6,all ages,count space
2017,North Africa and Middle East,33007.21841,24658.42837,42355.3153,9.652649041,22,1,6,all ages,count space
2017,South Asia,30433.22377,22417.53619,41598.68761,8.899908637,22,1,6,all ages,count space
2017,"Southeast Asia, East Asia, and Oceania",102733.2487,81676.17331,141672.0989,30.04336756,22,1,6,all ages,count space
2017,Sub-Saharan Africa,12293.80222,8812.378245,16603.89161,3.595206257,22,1,6,all ages,count space
2017,"Central Europe, Eastern Europe, and Central Asia",5.811906382,5.315281658,6.360772454,,27,3,6,age-standardized,rate space
2017,Global,4.408592567,3.710080092,5.429891699,,27,3,6,age-standardized,rate space
2017,High-income,6.91108845,5.801503534,8.413105535,,27,3,6,age-standardized,rate space
2017,Latin America and Caribbean,4.606984673,4.125112139,5.239394597,,27,3,6,age-standardized,rate space
2017,North Africa and Middle East,6.870755422,5.166373557,8.884612935,,27,3,6,age-standardized,rate space
2017,South Asia,1.919530387,1.422142262,2.637255633,,27,3,6,age-standardized,rate space
2017,"Southeast Asia, East Asia, and Oceania",4.366124122,3.442241963,6.062907557,,27,3,6,age-standardized,rate space
2017,Sub-Saharan Africa,1.381595521,1.010477715,1.836336038,,27,3,6,age-standardized,rate space
2018,"Central Europe, Eastern Europe, and Central Asia",31279.07969,29063.36761,33673.24613,8.976708117,22,1,6,all ages,count space
2018,Global,348447.1064,289100.35,432268.2295,100,22,1,6,all ages,count space
2018,High-income,107467.7041,90036.32666,127121.3946,30.84189884,22,1,6,all ages,count space
2018,Latin America and Caribbean,26399.76013,23577.62853,29876.4539,7.576403891,22,1,6,all ages,count space
2018,North Africa and Middle East,33797.53851,25308.51578,43681.97831,9.699474579,22,1,6,all ages,count space
2018,South Asia,31032.81969,22852.81379,42549.78751,8.90603455,22,1,6,all ages,count space
2018,"Southeast Asia, East Asia, and Oceania",105821.9715,83890.71473,143436.9613,30.36959399,22,1,6,all ages,count space
2018,Sub-Saharan Africa,12648.23284,9206.189852,17174.69515,3.62988603,22,1,6,all ages,count space
2018,"Central Europe, Eastern Europe, and Central Asia",5.814656296,5.325821898,6.332399596,,27,3,6,age-standardized,rate space
2018,Global,4.401214983,3.633881612,5.482787638,,27,3,6,age-standardized,rate space
2018,High-income,6.860922234,5.70054465,8.342289203,,27,3,6,age-standardized,rate space
2018,Latin America and Caribbean,4.562625104,4.075265203,5.165070924,,27,3,6,age-standardized,rate space
2018,North Africa and Middle East,6.858335711,5.126785428,8.914794667,,27,3,6,age-standardized,rate space
2018,South Asia,1.921301257,1.421446713,2.651130589,,27,3,6,age-standardized,rate space
2018,"Southeast Asia, East Asia, and Oceania",4.406340235,3.453131482,6.018426926,,27,3,6,age-standardized,rate space
2018,Sub-Saharan Africa,1.385346887,1.012250109,1.824634565,,27,3,6,age-standardized,rate space
2019,"Central Europe, Eastern Europe, and Central Asia",30984.73836,28556.99166,33359.2606,8.733383524,22,1,6,all ages,count space
2019,Global,354785.0415,295555.4677,444199.3072,100,22,1,6,all ages,count space
2019,High-income,109050.0765,91469.11826,128747.6411,30.73694314,22,1,6,all ages,count space
2019,Latin America and Caribbean,26617.15328,23864.52099,30358.53962,7.502332447,22,1,6,all ages,count space
2019,North Africa and Middle East,34852.86559,25782.61957,45188.38534,9.823657008,22,1,6,all ages,count space
2019,South Asia,31959.43164,23647.73099,43924.93294,9.008111363,22,1,6,all ages,count space
2019,"Southeast Asia, East Asia, and Oceania",108298.4122,85366.26312,147339.9072,30.52507843,22,1,6,all ages,count space
2019,Sub-Saharan Africa,13022.36398,9530.480798,17528.53681,3.67049409,22,1,6,all ages,count space
2019,"Central Europe, Eastern Europe, and Central Asia",5.703831652,5.21872285,6.210597204,,27,3,6,age-standardized,rate space
2019,Global,4.390219002,3.639675063,5.50605614,,27,3,6,age-standardized,rate space
2019,High-income,6.846808343,5.705770568,8.222848456,,27,3,6,age-standardized,rate space
2019,Latin America and Caribbean,4.503313587,4.034242314,5.142273102,,27,3,6,age-standardized,rate space
2019,North Africa and Middle East,6.901976013,5.095448344,9.046663291,,27,3,6,age-standardized,rate space
2019,South Asia,1.942375572,1.441830931,2.667608008,,27,3,6,age-standardized,rate space
2019,"Southeast Asia, East Asia, and Oceania",4.41721418,3.482592063,6.099355585,,27,3,6,age-standardized,rate space
2019,Sub-Saharan Africa,1.389005624,1.016556065,1.797675956,,27,3,6,age-standardized,rate space
2020,"Central Europe, Eastern Europe, and Central Asia",31597.15224,29227.27172,34013.74412,8.679712908,22,1,6,all ages,count space
2020,Global,364034.5317,303363.0513,453696.2857,100,22,1,6,all ages,count space
2020,High-income,110873.0877,93001.40984,131628.4661,30.45675013,22,1,6,all ages,count space
2020,Latin America and Caribbean,26858.30031,24067.75379,30667.00876,7.377954003,22,1,6,all ages,count space
2020,North Africa and Middle East,35661.61307,26315.86314,46111.90181,9.796217106,22,1,6,all ages,count space
2020,South Asia,34170.95992,25148.41221,47529.77291,9.386735855,22,1,6,all ages,count space
2020,"Southeast Asia, East Asia, and Oceania",111354.1175,87261.84757,150756.8349,30.58888862,22,1,6,all ages,count space
2020,Sub-Saharan Africa,13519.30104,9786.542321,17957.17047,3.71374138,22,1,6,all ages,count space
2020,"Central Europe, Eastern Europe, and Central Asia",5.775620995,5.29146734,6.294714792,,27,3,6,age-standardized,rate space
2020,Global,4.423582969,3.673698875,5.523416802,,27,3,6,age-standardized,rate space
2020,High-income,6.923934209,5.73609698,8.320953007,,27,3,6,age-standardized,rate space
2020,Latin America and Caribbean,4.464310537,3.995517973,5.10768806,,27,3,6,age-standardized,rate space
2020,North Africa and Middle East,6.829171925,5.03793105,8.955939675,,27,3,6,age-standardized,rate space
2020,South Asia,2.035162081,1.501837687,2.826756621,,27,3,6,age-standardized,rate space
2020,"Southeast Asia, East Asia, and Oceania",4.459619882,3.490140852,6.150824451,,27,3,6,age-standardized,rate space
2020,Sub-Saharan Africa,1.383001506,1.002889831,1.791742658,,27,3,6,age-standardized,rate space
2021,"Central Europe, Eastern Europe, and Central Asia",30554.10954,28343.3385,33016.05698,8.146659555,22,1,6,all ages,count space
2021,Global,375050.7719,314674.179,463738.5262,100,22,1,6,all ages,count space
2021,High-income,112392.4819,94434.67985,134781.3787,29.96727119,22,1,6,all ages,count space
2021,Latin America and Caribbean,27643.89728,24646.58041,31496.46036,7.370708008,22,1,6,all ages,count space
2021,North Africa and Middle East,37140.48375,27367.6432,49579.74929,9.902788244,22,1,6,all ages,count space
2021,South Asia,38059.11647,28223.43687,53810.26659,10.14772381,22,1,6,all ages,count space
2021,"Southeast Asia, East Asia, and Oceania",115132.4638,89680.98726,160657.6763,30.69783412,22,1,6,all ages,count space
2021,Sub-Saharan Africa,14128.2191,10238.94348,18964.72304,3.767015072,22,1,6,all ages,count space
2021,"Central Europe, Eastern Europe, and Central Asia",5.584697128,5.1390828,6.122616191,,27,3,6,age-standardized,rate space
2021,Global,4.480308328,3.738709683,5.549818186,,27,3,6,age-standardized,rate space
2021,High-income,6.957696235,5.780170219,8.445434113,,27,3,6,age-standardized,rate space
2021,Latin America and Caribbean,4.525168503,4.026953158,5.170148112,,27,3,6,age-standardized,rate space
2021,North Africa and Middle East,6.94627046,5.113588743,9.243893591,,27,3,6,age-standardized,rate space
2021,South Asia,2.220540411,1.650374797,3.131246423,,27,3,6,age-standardized,rate space
2021,"Southeast Asia, East Asia, and Oceania",4.521006341,3.5077135,6.38391702,,27,3,6,age-standardized,rate space
2021,Sub-Saharan Africa,1.402334523,1.014487037,1.858208503,,27,3,6,age-standardized,rate space
2022,"Central Europe, Eastern Europe, and Central Asia",29865.28593,27561.88606,32115.04433,7.785701185,22,1,6,all ages,count space
2022,Global,383591.4739,319557.8322,470347.7361,100,22,1,6,all ages,count space
2022,High-income,116412.4652,98523.82979,138615.9757,30.34803251,22,1,6,all ages,count space
2022,Latin America and Caribbean,28942.66774,25857.64292,32974.73583,7.545180148,22,1,6,all ages,count space
2022,North Africa and Middle East,37559.86187,27665.55156,49747.42073,9.791631049,22,1,6,all ages,count space
2022,South Asia,36012.30458,26629.76547,50147.14727,9.388192134,22,1,6,all ages,count space
2022,"Southeast Asia, East Asia, and Oceania",120721.3869,94185.61995,167107.5258,31.47134258,22,1,6,all ages,count space
2022,Sub-Saharan Africa,14077.50171,10261.51572,19249.01624,3.669920389,22,1,6,all ages,count space
2022,"Central Europe, Eastern Europe, and Central Asia",5.432003515,4.953326098,5.91294765,,27,3,6,age-standardized,rate space
2022,Global,4.495981053,3.726117323,5.538479017,,27,3,6,age-standardized,rate space
2022,High-income,7.120964374,5.958646109,8.707799861,,27,3,6,age-standardized,rate space
2022,Latin America and Caribbean,4.664322508,4.151123982,5.337695973,,27,3,6,age-standardized,rate space
2022,North Africa and Middle East,6.933386827,5.130215258,9.258678805,,27,3,6,age-standardized,rate space
2022,South Asia,2.083551655,1.544405349,2.898759389,,27,3,6,age-standardized,rate space
2022,"Southeast Asia, East Asia, and Oceania",4.65267996,3.586017228,6.483869064,,27,3,6,age-standardized,rate space
2022,Sub-Saharan Africa,1.373586331,0.993043646,1.839306742,,27,3,6,age-standardized,rate space
2023,"Central Europe, Eastern Europe, and Central Asia",29973.10645,27562.87452,32500.59929,7.838103125,22,1,6,all ages,count space
2023,Global,382402.553,319029.53,469367.2826,100,22,1,6,all ages,count space
2023,High-income,117795.9809,99361.56012,143198.3595,30.80418264,22,1,6,all ages,count space
2023,Latin America and Caribbean,30492.01743,27256.64504,34767.35732,7.973800696,22,1,6,all ages,count space
2023,North Africa and Middle East,38563.95857,28667.45617,51035.62455,10.08464987,22,1,6,all ages,count space
2023,South Asia,35474.96208,26432.65691,48135.24161,9.276863297,22,1,6,all ages,count space
2023,"Southeast Asia, East Asia, and Oceania",115467.4783,90293.57517,160337.149,30.19526867,22,1,6,all ages,count space
2023,Sub-Saharan Africa,14635.04931,10834.48131,20178.66268,3.827131697,22,1,6,all ages,count space
2023,"Central Europe, Eastern Europe, and Central Asia",5.413944192,4.914027002,5.927203095,,27,3,6,age-standardized,rate space
2023,Global,4.405382109,3.65011452,5.44278779,,27,3,6,age-standardized,rate space
2023,High-income,7.124420086,5.948397027,8.82019036,,27,3,6,age-standardized,rate space
2023,Latin America and Caribbean,4.842018462,4.31023869,5.544233412,,27,3,6,age-standardized,rate space
2023,North Africa and Middle East,6.940001071,5.179283942,9.282547872,,27,3,6,age-standardized,rate space
2023,South Asia,2.015039851,1.499713399,2.733111283,,27,3,6,age-standardized,rate space
2023,"Southeast Asia, East Asia, and Oceania",4.408322471,3.399863303,6.11792325,,27,3,6,age-standardized,rate space
2023,Sub-Saharan Africa,1.390268267,1.010405714,1.857529215,,27,3,6,age-standardized,rate space
2024,"Central Europe, Eastern Europe, and Central Asia",30527.58329,27993.72277,33155.9316,7.77059658,22,1,6,all ages,count space
2024,Global,392860.2261,327498.6815,482021.4939,100,22,1,6,all ages,count space
2024,High-income,120784.6688,101475.6449,147455.2069,30.74494714,22,1,6,all ages,count space
2024,Latin America and Caribbean,31443.42737,28127.46566,35818.39835,8.003718696,22,1,6,all ages,count space
2024,North Africa and Middle East,39991.08166,29863.54262,53046.82698,10.17946817,22,1,6,all ages,count space
2024,South Asia,36627.15952,27349.10056,49653.97416,9.323203798,22,1,6,all ages,count space
2024,"Southeast Asia, East Asia, and Oceania",118508.6435,92697.43323,164396.6247,30.16559977,22,1,6,all ages,count space
2024,Sub-Saharan Africa,15144.69168,11218.86395,20849.4711,3.854982174,22,1,6,all ages,count space
2024,"Central Europe, Eastern Europe, and Central Asia",5.467755718,4.952536495,5.998567081,,27,3,6,age-standardized,rate space
2024,Global,4.436750738,3.674539538,5.482085746,,27,3,6,age-standardized,rate space
2024,High-income,7.200931609,6.007632157,8.942222409,,27,3,6,age-standardized,rate space
2024,Latin America and Caribbean,4.889338543,4.351237917,5.599339597,,27,3,6,age-standardized,rate space
2024,North Africa and Middle East,7.015905764,5.248541931,9.397128365,,27,3,6,age-standardized,rate space
2024,South Asia,2.042829631,1.525865401,2.7666294,,27,3,6,age-standardized,rate space
2024,"Southeast Asia, East Asia, and Oceania",4.445734116,3.430241468,6.179663662,,27,3,6,age-standardized,rate space
2024,Sub-Saharan Africa,1.402403947,1.021821645,1.873471793,,27,3,6,age-standardized,rate space
2025,"Central Europe, Eastern Europe, and Central Asia",31064.27568,28460.85797,33649.07461,7.694991295,22,1,6,all ages,count space
2025,Global,403694.7476,336057.8834,495431.0651,100,22,1,6,all ages,count space
2025,High-income,123819.1653,103523.1836,151797.5008,30.67148286,22,1,6,all ages,count space
2025,Latin America and Caribbean,32439.23343,29042.09334,36945.3492,8.035584716,22,1,6,all ages,count space
2025,North Africa and Middle East,41496.05334,30982.42647,55163.89641,10.27906694,22,1,6,all ages,count space
2025,South Asia,37822.98757,28294.87184,51219.72091,9.369204777,22,1,6,all ages,count space
2025,"Southeast Asia, East Asia, and Oceania",121715.0072,95053.54683,168627.4083,30.15025782,22,1,6,all ages,count space
2025,Sub-Saharan Africa,15680.27897,11606.14328,21585.07306,3.88419197,22,1,6,all ages,count space
2025,"Central Europe, Eastern Europe, and Central Asia",5.51904031,4.990704556,6.051601727,,27,3,6,age-standardized,rate space
2025,Global,4.470188132,3.699806368,5.522674008,,27,3,6,age-standardized,rate space
2025,High-income,7.280341647,6.057981419,9.038843454,,27,3,6,age-standardized,rate space
2025,Latin America and Caribbean,4.940848386,4.390691329,5.683520756,,27,3,6,age-standardized,rate space
2025,North Africa and Middle East,7.096443285,5.310673966,9.520242013,,27,3,6,age-standardized,rate space
2025,South Asia,2.071126335,1.55043021,2.803013857,,27,3,6,age-standardized,rate space
2025,"Southeast Asia, East Asia, and Oceania",4.487880135,3.459961099,6.244117831,,27,3,6,age-standardized,rate space
2025,Sub-Saharan Africa,1.414697289,1.030734363,1.884132765,,27,3,6,age-standardized,rate space
2026,"Central Europe, Eastern Europe, and Central Asia",31615.78584,28887.97823,34312.81033,7.626669181,22,1,6,all ages,count space
2026,Global,414542.5099,344703.5636,508724.929,100,22,1,6,all ages,count space
2026,High-income,126875.5223,105351.5542,155292.0164,30.60615481,22,1,6,all ages,count space
2026,Latin America and Caribbean,33453.02954,29939.63383,38065.73382,8.06986708,22,1,6,all ages,count space
2026,North Africa and Middle East,43041.70213,32198.08855,57218.44268,10.3829405,22,1,6,all ages,count space
2026,South Asia,39025.16588,29201.4087,52796.94272,9.414032323,22,1,6,all ages,count space
2026,"Southeast Asia, East Asia, and Oceania",124844.0672,97394.4576,172804.3278,30.11610733,22,1,6,all ages,count space
2026,Sub-Saharan Africa,16231.98948,12065.27845,22294.77358,3.915639311,22,1,6,all ages,count space
2026,"Central Europe, Eastern Europe, and Central Asia",5.572759945,5.033832461,6.134631841,,27,3,6,age-standardized,rate space
2026,Global,4.502807417,3.722328168,5.565978705,,27,3,6,age-standardized,rate space
2026,High-income,7.361593114,6.094280466,9.122297487,,27,3,6,age-standardized,rate space
2026,Latin America and Caribbean,4.992709423,4.43005593,5.752032272,,27,3,6,age-standardized,rate space
2026,North Africa and Middle East,7.177371958,5.379692125,9.621508226,,27,3,6,age-standardized,rate space
2026,South Asia,2.098203941,1.571922563,2.836892483,,27,3,6,age-standardized,rate space
2026,"Southeast Asia, East Asia, and Oceania",4.528101634,3.491016497,6.29765403,,27,3,6,age-standardized,rate space
2026,Sub-Saharan Africa,1.426925567,1.040640127,1.900005549,,27,3,6,age-standardized,rate space
2027,"Central Europe, Eastern Europe, and Central Asia",32186.19505,29474.69581,34908.02228,7.561540807,22,1,6,all ages,count space
2027,Global,425656.5675,353328.2298,522494.4549,100,22,1,6,all ages,count space
2027,High-income,129990.3593,107780.2085,159474.3474,30.53878858,22,1,6,all ages,count space
2027,Latin America and Caribbean,34492.52125,30843.8302,39334.80758,8.103368744,22,1,6,all ages,count space
2027,North Africa and Middle East,44652.74364,33370.93309,59392.11225,10.49032179,22,1,6,all ages,count space
2027,South Asia,40261.73131,30217.12937,54332.18364,9.458736076,22,1,6,all ages,count space
2027,"Southeast Asia, East Asia, and Oceania",128028.3568,99677.78648,177177.4424,30.07785302,22,1,6,all ages,count space
2027,Sub-Saharan Africa,16810.14354,12516.27837,23052.73674,3.949226871,22,1,6,all ages,count space
2027,"Central Europe, Eastern Europe, and Central Asia",5.627685269,5.075310342,6.180192543,,27,3,6,age-standardized,rate space
2027,Global,4.535587843,3.747940304,5.603828155,,27,3,6,age-standardized,rate space
2027,High-income,7.445515597,6.149829523,9.26568813,,27,3,6,age-standardized,rate space
2027,Latin America and Caribbean,5.045144741,4.481423119,5.811612448,,27,3,6,age-standardized,rate space
2027,North Africa and Middle East,7.259330061,5.440317462,9.730438577,,27,3,6,age-standardized,rate space
2027,South Asia,2.125601275,1.592279492,2.864004281,,27,3,6,age-standardized,rate space
2027,"Southeast Asia, East Asia, and Oceania",4.569427056,3.52199287,6.349721291,,27,3,6,age-standardized,rate space
2027,Sub-Saharan Africa,1.439612152,1.049339676,1.919436016,,27,3,6,age-standardized,rate space
2028,"Central Europe, Eastern Europe, and Central Asia",32765.61764,29961.12789,35577.42873,7.494001165,22,1,6,all ages,count space
2028,Global,437224.6137,362284.9834,536925.2973,100,22,1,6,all ages,count space
2028,High-income,133189.0935,109671.9308,163587.6748,30.46239605,22,1,6,all ages,count space
2028,Latin America and Caribbean,35565.81313,31811.2554,40473.21818,8.13444898,22,1,6,all ages,count space
2028,North Africa and Middle East,46353.61236,34616.79138,61611.46595,10.60178474,22,1,6,all ages,count space
2028,South Asia,41528.78052,31190.67621,55976.6239,9.498271418,22,1,6,all ages,count space
2028,"Southeast Asia, East Asia, and Oceania",131398.1982,102159.2122,181604.6288,30.05279073,22,1,6,all ages,count space
2028,Sub-Saharan Africa,17416.44818,12976.78033,23898.51875,3.983409816,22,1,6,all ages,count space
2028,"Central Europe, Eastern Europe, and Central Asia",5.683729395,5.111009872,6.249240218,,27,3,6,age-standardized,rate space
2028,Global,4.568687319,3.774780829,5.645802422,,27,3,6,age-standardized,rate space
2028,High-income,7.531040577,6.212501575,9.398372157,,27,3,6,age-standardized,rate space
2028,Latin America and Caribbean,5.098337515,4.520935339,5.862181367,,27,3,6,age-standardized,rate space
2028,North Africa and Middle East,7.343298326,5.497400077,9.813964302,,27,3,6,age-standardized,rate space
2028,South Asia,2.152964166,1.615364549,2.9095476,,27,3,6,age-standardized,rate space
2028,"Southeast Asia, East Asia, and Oceania",4.612966468,3.552422095,6.4112764,,27,3,6,age-standardized,rate space
2028,Sub-Saharan Africa,1.452232515,1.0565439,1.935347743,,27,3,6,age-standardized,rate space
2029,"Central Europe, Eastern Europe, and Central Asia",33340.16791,30512.45723,36218.16244,7.422525742,22,1,6,all ages,count space
2029,Global,449175.5107,370915.8018,551477.5715,100,22,1,6,all ages,count space
2029,High-income,136456.5949,111563.6196,168123.7061,30.37934875,22,1,6,all ages,count space
2029,Latin America and Caribbean,36672.21605,32848.81323,41787.26417,8.164340036,22,1,6,all ages,count space
2029,North Africa and Middle East,48148.01255,36027.15082,64125.35814,10.71919804,22,1,6,all ages,count space
2029,South Asia,42818.08969,32204.3786,57731.68654,9.53259665,22,1,6,all ages,count space
2029,"Southeast Asia, East Asia, and Oceania",134921.0701,104706.5312,186189.9595,30.03749467,22,1,6,all ages,count space
2029,Sub-Saharan Africa,18053.3354,13480.46749,24751.18229,4.019216312,22,1,6,all ages,count space
2029,"Central Europe, Eastern Europe, and Central Asia",5.739130858,5.160836544,6.297466741,,27,3,6,age-standardized,rate space
2029,Global,4.602408531,3.799580526,5.698150537,,27,3,6,age-standardized,rate space
2029,High-income,7.618899766,6.222585531,9.508421814,,27,3,6,age-standardized,rate space
2029,Latin America and Caribbean,5.152594805,4.569641294,5.936676602,,27,3,6,age-standardized,rate space
2029,North Africa and Middle East,7.430823528,5.562810171,9.939192736,,27,3,6,age-standardized,rate space
2029,South Asia,2.17986163,1.637781267,2.945111639,,27,3,6,age-standardized,rate space
2029,"Southeast Asia, East Asia, and Oceania",4.658074969,3.585259913,6.470393261,,27,3,6,age-standardized,rate space
2029,Sub-Saharan Africa,1.465422308,1.066110806,1.954330849,,27,3,6,age-standardized,rate space
2030,"Central Europe, Eastern Europe, and Central Asia",33924.07623,31004.21015,36888.06288,7.35169686,22,1,6,all ages,count space
2030,Global,461445.5258,380276.6455,565913.2082,100,22,1,6,all ages,count space
2030,High-income,139764.8458,113592.2542,172731.8091,30.28848216,22,1,6,all ages,count space
2030,Latin America and Caribbean,37815.72359,33826.62086,43049.90741,8.195056941,22,1,6,all ages,count space
2030,North Africa and Middle East,50009.36388,37447.40456,66822.16549,10.83754443,22,1,6,all ages,count space
2030,South Asia,44161.39875,33265.36914,59591.42819,9.570230131,22,1,6,all ages,count space
2030,"Southeast Asia, East Asia, and Oceania",138541.8835,107592.7829,191092.1799,30.02345364,22,1,6,all ages,count space
2030,Sub-Saharan Africa,18717.07263,13998.75196,25694.9255,4.056182493,22,1,6,all ages,count space
2030,"Central Europe, Eastern Europe, and Central Asia",5.795899468,5.190199185,6.36695416,,27,3,6,age-standardized,rate space
2030,Global,4.637291992,3.825403049,5.748619793,,27,3,6,age-standardized,rate space
2030,High-income,7.708605816,6.275866325,9.713095808,,27,3,6,age-standardized,rate space
2030,Latin America and Caribbean,5.208982622,4.628929078,5.999075086,,27,3,6,age-standardized,rate space
2030,North Africa and Middle East,7.519529371,5.638390545,10.06944272,,27,3,6,age-standardized,rate space
2030,South Asia,2.207857909,1.656772618,2.988176523,,27,3,6,age-standardized,rate space
2030,"Southeast Asia, East Asia, and Oceania",4.704849783,3.623270727,6.532096607,,27,3,6,age-standardized,rate space
2030,Sub-Saharan Africa,1.478568643,1.076078366,1.965645717,,27,3,6,age-standardized,rate space
2031,"Central Europe, Eastern Europe, and Central Asia",34495.0444,31533.99255,37605.00635,7.28219856,22,1,6,all ages,count space
2031,Global,473689.973,389456.2177,580336.9677,100,22,1,6,all ages,count space
2031,High-income,143060.9837,116001.6035,177115.3389,30.20139582,22,1,6,all ages,count space
2031,Latin America and Caribbean,38969.13202,34827.44463,44323.7192,8.22671668,22,1,6,all ages,count space
2031,North Africa and Middle East,51919.47038,38948.6755,69789.63674,10.96064374,22,1,6,all ages,count space
2031,South Asia,45517.74054,34357.38204,61365.37177,9.609183881,22,1,6,all ages,count space
2031,"Southeast Asia, East Asia, and Oceania",142096.6448,110545.3542,196045.0157,29.99781564,22,1,6,all ages,count space
2031,Sub-Saharan Africa,19405.43658,14547.65981,26581.35742,4.096653441,22,1,6,all ages,count space
2031,"Central Europe, Eastern Europe, and Central Asia",5.848921488,5.23508173,6.423184159,,27,3,6,age-standardized,rate space
2031,Global,4.671310474,3.849194723,5.799106231,,27,3,6,age-standardized,rate space
2031,High-income,7.799279396,6.314973769,9.849352847,,27,3,6,age-standardized,rate space
2031,Latin America and Caribbean,5.264563795,4.681389809,6.066613409,,27,3,6,age-standardized,rate space
2031,North Africa and Middle East,7.608478063,5.702690865,10.22409815,,27,3,6,age-standardized,rate space
2031,South Asia,2.235221779,1.677474051,3.024586591,,27,3,6,age-standardized,rate space
2031,"Southeast Asia, East Asia, and Oceania",4.750536157,3.666137681,6.600753902,,27,3,6,age-standardized,rate space
2031,Sub-Saharan Africa,1.491963031,1.087335351,1.984601911,,27,3,6,age-standardized,rate space
2032,"Central Europe, Eastern Europe, and Central Asia",35101.31086,32076.95229,38314.31198,7.219386897,22,1,6,all ages,count space
2032,Global,486209.028,399615.63,595402.295,100,22,1,6,all ages,count space
2032,High-income,146381.7513,118264.1096,181911.1402,30.10675304,22,1,6,all ages,count space
2032,Latin America and Caribbean,40140.11061,35846.4811,45784.57971,8.255731238,22,1,6,all ages,count space
2032,North Africa and Middle East,53917.84089,40595.41424,72743.17578,11.08943639,22,1,6,all ages,count space
2032,South Asia,46906.1207,35498.06808,63122.46742,9.647315867,22,1,6,all ages,count space
2032,"Southeast Asia, East Asia, and Oceania",145720.7701,113406.9428,200967.8888,29.97080714,22,1,6,all ages,count space
2032,Sub-Saharan Africa,20120.75011,15114.70135,27573.0858,4.138292165,22,1,6,all ages,count space
2032,"Central Europe, Eastern Europe, and Central Asia",5.907453401,5.265159226,6.479703758,,27,3,6,age-standardized,rate space
2032,Global,4.706385014,3.874490308,5.853732488,,27,3,6,age-standardized,rate space
2032,High-income,7.89204068,6.379159419,9.996420533,,27,3,6,age-standardized,rate space
2032,Latin America and Caribbean,5.320299952,4.740333014,6.137933858,,27,3,6,age-standardized,rate space
2032,North Africa and Middle East,7.701123243,5.774414489,10.37640838,,27,3,6,age-standardized,rate space
2032,South Asia,2.262565346,1.699914785,3.066982207,,27,3,6,age-standardized,rate space
2032,"Southeast Asia, East Asia, and Oceania",4.798913909,3.706787504,6.674516575,,27,3,6,age-standardized,rate space
2032,Sub-Saharan Africa,1.50566945,1.100077566,2.002368445,,27,3,6,age-standardized,rate space
2033,"Central Europe, Eastern Europe, and Central Asia",35682.23344,32572.13715,39017.28781,7.149853219,22,1,6,all ages,count space
2033,Global,499062.4611,409817.4203,610631.7869,100,22,1,6,all ages,count space
2033,High-income,149738.3321,120896.4934,186797.755,30.00392612,22,1,6,all ages,count space
2033,Latin America and Caribbean,41326.83982,36822.38121,47291.84464,8.280895288,22,1,6,all ages,count space
2033,North Africa and Middle East,56012.89739,42244.15144,75643.49076,11.22362465,22,1,6,all ages,count space
2033,South Asia,48342.76574,36630.5766,64916.41719,9.686716495,22,1,6,all ages,count space
2033,"Southeast Asia, East Asia, and Oceania",149500.2461,116206.1999,206190.6282,29.95621947,22,1,6,all ages,count space
2033,Sub-Saharan Africa,20854.81907,15684.93293,28552.0932,4.178799388,22,1,6,all ages,count space
2033,"Central Europe, Eastern Europe, and Central Asia",5.960980657,5.335565044,6.550990349,,27,3,6,age-standardized,rate space
2033,Global,4.741156272,3.8978683,5.899103741,,27,3,6,age-standardized,rate space
2033,High-income,7.985313427,6.462384911,10.17421163,,27,3,6,age-standardized,rate space
2033,Latin America and Caribbean,5.375164615,4.795739204,6.203920045,,27,3,6,age-standardized,rate space
2033,North Africa and Middle East,7.795821193,5.861162392,10.4991003,,27,3,6,age-standardized,rate space
2033,South Asia,2.290599236,1.716937948,3.103336994,,27,3,6,age-standardized,rate space
2033,"Southeast Asia, East Asia, and Oceania",4.848939824,3.749220495,6.744373873,,27,3,6,age-standardized,rate space
2033,Sub-Saharan Africa,1.518917067,1.110828032,2.016577378,,27,3,6,age-standardized,rate space
2034,"Central Europe, Eastern Europe, and Central Asia",36277.10808,33040.08079,39607.75001,7.081748567,22,1,6,all ages,count space
2034,Global,512262.0173,420423.4068,625980.4924,100,22,1,6,all ages,count space
2034,High-income,153131.9822,123699.8116,190717.9408,29.8932923,22,1,6,all ages,count space
2034,Latin America and Caribbean,42563.40818,37890.88995,48725.86921,8.308913552,22,1,6,all ages,count space
2034,North Africa and Middle East,58169.81703,43927.89731,78677.66103,11.35548119,22,1,6,all ages,count space
2034,South Asia,49823.84454,37903.66327,66681.03861,9.726242207,22,1,6,all ages,count space
2034,"Southeast Asia, East Asia, and Oceania",153396.0679,119215.1948,211038.8922,29.94484516,22,1,6,all ages,count space
2034,Sub-Saharan Africa,21623.72292,16282.71372,29560.55462,4.221223162,22,1,6,all ages,count space
2034,"Central Europe, Eastern Europe, and Central Asia",6.01761523,5.396785608,6.608151421,,27,3,6,age-standardized,rate space
2034,Global,4.776713507,3.92518095,5.946723567,,27,3,6,age-standardized,rate space
2034,High-income,8.08041414,6.532402258,10.40164676,,27,3,6,age-standardized,rate space
2034,Latin America and Caribbean,5.433722371,4.8445797,6.26847573,,27,3,6,age-standardized,rate space
2034,North Africa and Middle East,7.888652797,5.931141477,10.6047365,,27,3,6,age-standardized,rate space
2034,South Asia,2.319206562,1.74080009,3.139209958,,27,3,6,age-standardized,rate space
2034,"Southeast Asia, East Asia, and Oceania",4.899607446,3.793178123,6.810008259,,27,3,6,age-standardized,rate space
2034,Sub-Saharan Africa,1.532629941,1.121991416,2.035166786,,27,3,6,age-standardized,rate space
2035,"Central Europe, Eastern Europe, and Central Asia",36875.16648,33507.21645,40363.83549,7.01378951,22,1,6,all ages,count space
2035,Global,525752.3971,430478.5854,642148.2336,100,22,1,6,all ages,count space
2035,High-income,156537.8685,126094.5566,195545.1347,29.77406654,22,1,6,all ages,count space
2035,Latin America and Caribbean,43807.81129,38858.29266,50210.11207,8.332403529,22,1,6,all ages,count space
2035,North Africa and Middle East,60408.56204,45630.87293,81723.12103,11.48992613,22,1,6,all ages,count space
2035,South Asia,51349.53066,39106.343,68640.66776,9.766865723,22,1,6,all ages,count space
2035,"Southeast Asia, East Asia, and Oceania",157415.3103,122174.9199,216306.0648,29.94095911,22,1,6,all ages,count space
2035,Sub-Saharan Africa,22422.51754,16876.98175,30524.1199,4.264843615,22,1,6,all ages,count space
2035,"Central Europe, Eastern Europe, and Central Asia",6.075430945,5.429333851,6.680001023,,27,3,6,age-standardized,rate space
2035,Global,4.813574854,3.951899803,5.998490893,,27,3,6,age-standardized,rate space
2035,High-income,8.177098477,6.578316459,10.53476765,,27,3,6,age-standardized,rate space
2035,Latin America and Caribbean,5.491876087,4.885038265,6.319044437,,27,3,6,age-standardized,rate space
2035,North Africa and Middle East,7.984539974,6.001579339,10.76391009,,27,3,6,age-standardized,rate space
2035,South Asia,2.348409042,1.765455329,3.184072631,,27,3,6,age-standardized,rate space
2035,"Southeast Asia, East Asia, and Oceania",4.953541139,3.838463429,6.883762202,,27,3,6,age-standardized,rate space
2035,Sub-Saharan Africa,1.546642831,1.132074251,2.059221583,,27,3,6,age-standardized,rate space
2036,"Central Europe, Eastern Europe, and Central Asia",37462.38766,33959.21485,41000.12524,6.948011159,22,1,6,all ages,count space
2036,Global,539181.455,440684.2764,657991.1031,100,22,1,6,all ages,count space
2036,High-income,159890.4923,128608.0642,199654.9827,29.65430113,22,1,6,all ages,count space
2036,Latin America and Caribbean,45062.61138,40013.54399,51657.79804,8.357596681,22,1,6,all ages,count space
2036,North Africa and Middle East,62698.3659,47398.76497,85024.24203,11.62843516,22,1,6,all ages,count space
2036,South Asia,52871.2968,40261.78884,70479.6415,9.805844825,22,1,6,all ages,count space
2036,"Southeast Asia, East Asia, and Oceania",161380.8834,125176.1582,221528.4097,29.93071847,22,1,6,all ages,count space
2036,Sub-Saharan Africa,23249.06565,17483.43212,31775.15675,4.311918637,22,1,6,all ages,count space
2036,"Central Europe, Eastern Europe, and Central Asia",6.133307531,5.459028324,6.741102505,,27,3,6,age-standardized,rate space
2036,Global,4.849749151,3.978057537,6.055851096,,27,3,6,age-standardized,rate space
2036,High-income,8.273576327,6.644258794,10.67992366,,27,3,6,age-standardized,rate space
2036,Latin America and Caribbean,5.55009739,4.920397714,6.40207371,,27,3,6,age-standardized,rate space
2036,North Africa and Middle East,8.081876493,6.076984501,10.90048807,,27,3,6,age-standardized,rate space
2036,South Asia,2.376228886,1.787388907,3.224842873,,27,3,6,age-standardized,rate space
2036,"Southeast Asia, East Asia, and Oceania",5.007593124,3.883888707,6.964180046,,27,3,6,age-standardized,rate space
2036,Sub-Saharan Africa,1.560897301,1.143782054,2.079644388,,27,3,6,age-standardized,rate space
2037,"Central Europe, Eastern Europe, and Central Asia",38046.94531,34575.75301,41637.25394,6.881896994,22,1,6,all ages,count space
2037,Global,552855.4895,451894.9029,673626.7202,100,22,1,6,all ages,count space
2037,High-income,163231.6277,131166.6583,204794.0957,29.52518892,22,1,6,all ages,count space
2037,Latin America and Caribbean,46330.92823,41112.64687,53007.77326,8.380296318,22,1,6,all ages,count space
2037,North Africa and Middle East,65070.07147,49298.43863,88336.9575,11.76981557,22,1,6,all ages,count space
2037,South Asia,54452.25285,41387.89588,72510.00021,9.849274157,22,1,6,all ages,count space
2037,"Southeast Asia, East Asia, and Oceania",165443.4031,128406.9008,226858.6781,29.92525284,22,1,6,all ages,count space
2037,Sub-Saharan Africa,24097.85406,18137.54795,32903.33882,4.358798008,22,1,6,all ages,count space
2037,"Central Europe, Eastern Europe, and Central Asia",6.189536209,5.50701451,6.796663693,,27,3,6,age-standardized,rate space
2037,Global,4.886579077,4.002814174,6.099044295,,27,3,6,age-standardized,rate space
2037,High-income,8.370345441,6.717006526,10.88065101,,27,3,6,age-standardized,rate space
2037,Latin America and Caribbean,5.608241197,4.973676623,6.461264031,,27,3,6,age-standardized,rate space
2037,North Africa and Middle East,8.180982602,6.142672073,11.01539256,,27,3,6,age-standardized,rate space
2037,South Asia,2.40552257,1.811087738,3.257284268,,27,3,6,age-standardized,rate space
2037,"Southeast Asia, East Asia, and Oceania",5.064890277,3.931143194,7.044752321,,27,3,6,age-standardized,rate space
2037,Sub-Saharan Africa,1.575038812,1.154673962,2.097809947,,27,3,6,age-standardized,rate space
2038,"Central Europe, Eastern Europe, and Central Asia",38638.68758,35050.1204,42344.31981,6.815787838,22,1,6,all ages,count space
2038,Global,566899.7994,463731.1222,690422.7658,100,22,1,6,all ages,count space
2038,High-income,166611.1748,133532.5068,210101.1021,29.38988071,22,1,6,all ages,count space
2038,Latin America and Caribbean,47623.04573,42303.27702,54671.44931,8.400610793,22,1,6,all ages,count space
2038,North Africa and Middle East,67505.64645,51335.05235,91594.16407,11.90786212,22,1,6,all ages,count space
2038,South Asia,56060.06948,42715.81797,74586.56002,9.888885045,22,1,6,all ages,count space
2038,"Southeast Asia, East Asia, and Oceania",169681.5734,131533.7499,232217.3593,29.93149293,22,1,6,all ages,count space
2038,Sub-Saharan Africa,24983.85439,18787.70255,34106.24772,4.407102351,22,1,6,all ages,count space
2038,"Central Europe, Eastern Europe, and Central Asia",6.246501694,5.548809425,6.845797052,,27,3,6,age-standardized,rate space
2038,Global,4.92365416,4.025325907,6.155786167,,27,3,6,age-standardized,rate space
2038,High-income,8.468579396,6.779532126,11.06721152,,27,3,6,age-standardized,rate space
2038,Latin America and Caribbean,5.667831915,5.014638482,6.545836905,,27,3,6,age-standardized,rate space
2038,North Africa and Middle East,8.277908741,6.222550518,11.11964546,,27,3,6,age-standardized,rate space
2038,South Asia,2.434597728,1.831539499,3.297107455,,27,3,6,age-standardized,rate space
2038,"Southeast Asia, East Asia, and Oceania",5.12380279,3.969578547,7.115858691,,27,3,6,age-standardized,rate space
2038,Sub-Saharan Africa,1.589577086,1.167163389,2.109564545,,27,3,6,age-standardized,rate space
2039,"Central Europe, Eastern Europe, and Central Asia",39219.24995,35567.20237,42921.34991,6.748895955,22,1,6,all ages,count space
2039,Global,581120.9746,474502.7216,707812.9175,100,22,1,6,all ages,count space
2039,High-income,169948.0025,135882.4406,215313.7893,29.24485777,22,1,6,all ages,count space
2039,Latin America and Caribbean,48931.22771,43498.03053,56189.65934,8.420144832,22,1,6,all ages,count space
2039,North Africa and Middle East,70021.01575,53281.41857,95316.47589,12.04930106,22,1,6,all ages,count space
2039,South Asia,57715.18996,43911.0402,76712.19034,9.931699677,22,1,6,all ages,count space
2039,"Southeast Asia, East Asia, and Oceania",173998.9894,134736.2654,237572.9626,29.9419565,22,1,6,all ages,count space
2039,Sub-Saharan Africa,25895.74655,19473.43707,35201.67533,4.456171379,22,1,6,all ages,count space
2039,"Central Europe, Eastern Europe, and Central Asia",6.30290991,5.59593153,6.91359449,,27,3,6,age-standardized,rate space
2039,Global,4.960473432,4.051578644,6.203816646,,27,3,6,age-standardized,rate space
2039,High-income,8.566815695,6.818615894,11.24210782,,27,3,6,age-standardized,rate space
2039,Latin America and Caribbean,5.726648287,5.063978269,6.647453866,,27,3,6,age-standardized,rate space
2039,North Africa and Middle East,8.376355468,6.291606214,11.28209091,,27,3,6,age-standardized,rate space
2039,South Asia,2.464494232,1.857637757,3.344727571,,27,3,6,age-standardized,rate space
2039,"Southeast Asia, East Asia, and Oceania",5.182792929,4.011030251,7.203856204,,27,3,6,age-standardized,rate space
2039,Sub-Saharan Africa,1.603887186,1.176514067,2.128091319,,27,3,6,age-standardized,rate space
2040,"Central Europe, Eastern Europe, and Central Asia",39782.91771,36115.49091,43690.58451,6.681740129,22,1,6,all ages,count space
2040,Global,595397.5602,484860.9554,724695.1618,100,22,1,6,all ages,count space
2040,High-income,173227.8439,137874.3486,220792.6243,29.09448333,22,1,6,all ages,count space
2040,Latin America and Caribbean,50257.49508,44580.597,57734.06375,8.440997821,22,1,6,all ages,count space
2040,North Africa and Middle East,72602.0278,55331.9758,98862.18738,12.19387392,22,1,6,all ages,count space
2040,South Asia,59389.50639,45060.99323,78797.01837,9.974764821,22,1,6,all ages,count space
2040,"Southeast Asia, East Asia, and Oceania",178333.4507,138095.5889,243066.7025,29.95199554,22,1,6,all ages,count space
2040,Sub-Saharan Africa,26842.19731,20159.57186,36516.55003,4.508281374,22,1,6,all ages,count space
2040,"Central Europe, Eastern Europe, and Central Asia",6.358716267,5.645196043,6.986946105,,27,3,6,age-standardized,rate space
2040,Global,4.997641326,4.079192048,6.259177867,,27,3,6,age-standardized,rate space
2040,High-income,8.666438395,6.906023145,11.43963193,,27,3,6,age-standardized,rate space
2040,Latin America and Caribbean,5.787428508,5.108898743,6.705703461,,27,3,6,age-standardized,rate space
2040,North Africa and Middle East,8.47690179,6.36800711,11.40809295,,27,3,6,age-standardized,rate space
2040,South Asia,2.494229602,1.88028683,3.389878809,,27,3,6,age-standardized,rate space
2040,"Southeast Asia, East Asia, and Oceania",5.24317657,4.055413229,7.288312494,,27,3,6,age-standardized,rate space
2040,Sub-Saharan Africa,1.618574223,1.189218945,2.150602989,,27,3,6,age-standardized,rate space
2041,"Central Europe, Eastern Europe, and Central Asia",40358.52094,36549.77961,44281.7914,6.622722151,22,1,6,all ages,count space
2041,Global,609394.7477,494731.8452,741171.8652,100,22,1,6,all ages,count space
2041,High-income,176394.4303,140203.3867,226098.2244,28.94584028,22,1,6,all ages,count space
2041,Latin America and Caribbean,51580.94216,45817.66698,59278.68915,8.46429057,22,1,6,all ages,count space
2041,North Africa and Middle East,75205.11332,57282.2244,102441.5289,12.340952,22,1,6,all ages,count space
2041,South Asia,61091.27983,46226.5676,81006.52897,10.02491079,22,1,6,all ages,count space
2041,"Southeast Asia, East Asia, and Oceania",182460.3275,141326.9624,248031.8658,29.94123731,22,1,6,all ages,count space
2041,Sub-Saharan Africa,27812.44048,20873.55369,37929.60091,4.563944896,22,1,6,all ages,count space
2041,"Central Europe, Eastern Europe, and Central Asia",6.418960665,5.703931808,7.076131762,,27,3,6,age-standardized,rate space
2041,Global,5.033804029,4.101961377,6.308409746,,27,3,6,age-standardized,rate space
2041,High-income,8.766690392,6.964976612,11.60760525,,27,3,6,age-standardized,rate space
2041,Latin America and Caribbean,5.847339362,5.162694709,6.768048935,,27,3,6,age-standardized,rate space
2041,North Africa and Middle East,8.577074219,6.453343142,11.54302802,,27,3,6,age-standardized,rate space
2041,South Asia,2.524320545,1.904569003,3.429166393,,27,3,6,age-standardized,rate space
2041,"Southeast Asia, East Asia, and Oceania",5.30166896,4.097143976,7.364697758,,27,3,6,age-standardized,rate space
2041,Sub-Saharan Africa,1.633122337,1.19970897,2.171686254,,27,3,6,age-standardized,rate space
2042,"Central Europe, Eastern Europe, and Central Asia",40913.72269,37038.48616,44861.48034,6.563887258,22,1,6,all ages,count space
2042,Global,623315.4392,504745.5209,758723.2935,100,22,1,6,all ages,count space
2042,High-income,179452.1357,141790.3685,231458.595,28.78993915,22,1,6,all ages,count space
2042,Latin America and Caribbean,52912.95571,46785.98682,61011.18679,8.488953167,22,1,6,all ages,count space
2042,North Africa and Middle East,77851.1304,59113.26099,105901.4697,12.48984471,22,1,6,all ages,count space
2042,South Asia,62806.62117,47459.33088,83160.55198,10.07621779,22,1,6,all ages,count space
2042,"Southeast Asia, East Asia, and Oceania",186560.5402,144384.2856,253239.7397,29.93035764,22,1,6,all ages,count space
2042,Sub-Saharan Africa,28823.27424,21612.73524,39070.03953,4.624187438,22,1,6,all ages,count space
2042,"Central Europe, Eastern Europe, and Central Asia",6.477495482,5.755977737,7.15099225,,27,3,6,age-standardized,rate space
2042,Global,5.069472242,4.12482304,6.36380439,,27,3,6,age-standardized,rate space
2042,High-income,8.867001065,7.00325346,11.75280688,,27,3,6,age-standardized,rate space
2042,Latin America and Caribbean,5.907797786,5.200272738,6.851083599,,27,3,6,age-standardized,rate space
2042,North Africa and Middle East,8.675775747,6.529416698,11.68279624,,27,3,6,age-standardized,rate space
2042,South Asia,2.554199543,1.923123159,3.466334055,,27,3,6,age-standardized,rate space
2042,"Southeast Asia, East Asia, and Oceania",5.36219414,4.14310655,7.449140035,,27,3,6,age-standardized,rate space
2042,Sub-Saharan Africa,1.64807743,1.211132307,2.191306882,,27,3,6,age-standardized,rate space
2043,"Central Europe, Eastern Europe, and Central Asia",41473.14772,37497.00545,45448.33804,6.506766706,22,1,6,all ages,count space
2043,Global,637384.8885,515149.6588,776108.7819,100,22,1,6,all ages,count space
2043,High-income,182420.5587,143799.7642,236127.1726,28.62015745,22,1,6,all ages,count space
2043,Latin America and Caribbean,54250.70821,47734.06871,62550.36781,8.511451901,22,1,6,all ages,count space
2043,North Africa and Middle East,80581.25733,61075.68501,109876.8703,12.64248004,22,1,6,all ages,count space
2043,South Asia,64582.52512,48837.27693,85636.54413,10.13242176,22,1,6,all ages,count space
2043,"Southeast Asia, East Asia, and Oceania",190734.4449,147547.9865,257968.8662,29.924532,22,1,6,all ages,count space
2043,Sub-Saharan Africa,29861.32815,22395.92824,40313.53149,4.684975859,22,1,6,all ages,count space
2043,"Central Europe, Eastern Europe, and Central Asia",6.536069037,5.792662136,7.207100077,,27,3,6,age-standardized,rate space
2043,Global,5.104649757,4.154544317,6.421329744,,27,3,6,age-standardized,rate space
2043,High-income,8.96747994,7.079491316,11.93156928,,27,3,6,age-standardized,rate space
2043,Latin America and Caribbean,5.967247589,5.225777365,6.937920609,,27,3,6,age-standardized,rate space
2043,North Africa and Middle East,8.77495682,6.600100333,11.84684221,,27,3,6,age-standardized,rate space
2043,South Asia,2.585609206,1.947606548,3.500844995,,27,3,6,age-standardized,rate space
2043,"Southeast Asia, East Asia, and Oceania",5.422694393,4.194137295,7.540418019,,27,3,6,age-standardized,rate space
2043,Sub-Saharan Africa,1.662876807,1.224254938,2.204829398,,27,3,6,age-standardized,rate space
2044,"Central Europe, Eastern Europe, and Central Asia",42030.63598,38047.34977,45962.22329,6.45040501,22,1,6,all ages,count space
2044,Global,651596.8518,525641.5284,794343.3475,100,22,1,6,all ages,count space
2044,High-income,185344.5637,146009.2784,241490.978,28.44466838,22,1,6,all ages,count space
2044,Latin America and Caribbean,55610.86311,48778.66783,64387.62889,8.534550613,22,1,6,all ages,count space
2044,North Africa and Middle East,83372.31312,63221.68803,113832.2953,12.79507611,22,1,6,all ages,count space
2044,South Asia,66387.67828,50134.94788,87994.02391,10.18845903,22,1,6,all ages,count space
2044,"Southeast Asia, East Asia, and Oceania",194958.6776,150670.0291,263291.8124,29.92013806,22,1,6,all ages,count space
2044,Sub-Saharan Africa,30948.3675,23158.54123,41860.81255,4.749618942,22,1,6,all ages,count space
2044,"Central Europe, Eastern Europe, and Central Asia",6.596443137,5.852928645,7.288454543,,27,3,6,age-standardized,rate space
2044,Global,5.140209824,4.179662717,6.473476484,,27,3,6,age-standardized,rate space
2044,High-income,9.068311947,7.165723884,12.12844468,,27,3,6,age-standardized,rate space
2044,Latin America and Caribbean,6.028846548,5.276653249,7.004643346,,27,3,6,age-standardized,rate space
2044,North Africa and Middle East,8.874665159,6.681111538,11.98571013,,27,3,6,age-standardized,rate space
2044,South Asia,2.61714986,1.974493126,3.543393606,,27,3,6,age-standardized,rate space
2044,"Southeast Asia, East Asia, and Oceania",5.483107329,4.242923382,7.633511424,,27,3,6,age-standardized,rate space
2044,Sub-Saharan Africa,1.678152467,1.23611073,2.223876101,,27,3,6,age-standardized,rate space
2045,"Central Europe, Eastern Europe, and Central Asia",42566.77795,38442.85958,46553.83229,6.39348497,22,1,6,all ages,count space
2045,Global,665783.6556,535436.6326,813055.0094,100,22,1,6,all ages,count space
2045,High-income,188219.3057,146983.8494,246693.2446,28.27034039,22,1,6,all ages,count space
2045,Latin America and Caribbean,56977.14795,49923.27736,65989.04964,8.557907283,22,1,6,all ages,count space
2045,North Africa and Middle East,86195.18034,65410.50061,117738.8797,12.94642481,22,1,6,all ages,count space
2045,South Asia,68241.71424,51568.40979,90303.61654,10.24983321,22,1,6,all ages,count space
2045,"Southeast Asia, East Asia, and Oceania",199141.4669,153351.0637,268694.1483,29.91083744,22,1,6,all ages,count space
2045,Sub-Saharan Africa,32058.40974,23977.8303,43216.61083,4.815139193,22,1,6,all ages,count space
2045,"Central Europe, Eastern Europe, and Central Asia",6.655373649,5.891949034,7.368312962,,27,3,6,age-standardized,rate space
2045,Global,5.175810507,4.204097319,6.522381444,,27,3,6,age-standardized,rate space
2045,High-income,9.169255416,7.263024611,12.22450146,,27,3,6,age-standardized,rate space
2045,Latin America and Caribbean,6.090770745,5.318037312,7.071228226,,27,3,6,age-standardized,rate space
2045,North Africa and Middle East,8.974011139,6.753712205,12.13072177,,27,3,6,age-standardized,rate space
2045,South Asia,2.64935331,1.996345922,3.584364375,,27,3,6,age-standardized,rate space
2045,"Southeast Asia, East Asia, and Oceania",5.544709736,4.289657515,7.726418415,,27,3,6,age-standardized,rate space
2045,Sub-Saharan Africa,1.693187055,1.247879673,2.24497557,,27,3,6,age-standardized,rate space
2046,"Central Europe, Eastern Europe, and Central Asia",43077.00042,38763.43223,47270.03293,6.337806403,22,1,6,all ages,count space
2046,Global,679683.1219,545654.9196,830544.4366,100,22,1,6,all ages,count space
2046,High-income,191056.2883,148415.3019,251173.3475,28.10961198,22,1,6,all ages,count space
2046,Latin America and Caribbean,58333.77037,50985.95476,67695.96567,8.582495061,22,1,6,all ages,count space
2046,North Africa and Middle East,89044.50765,67452.41383,121651.1094,13.10088551,22,1,6,all ages,count space
2046,South Asia,70099.34974,53061.80591,92712.16742,10.31353398,22,1,6,all ages,count space
2046,"Southeast Asia, East Asia, and Oceania",203101.9573,156057.1293,273604.9687,29.88185976,22,1,6,all ages,count space
2046,Sub-Saharan Africa,33194.76465,24767.07965,44866.71557,4.883858901,22,1,6,all ages,count space
2046,"Central Europe, Eastern Europe, and Central Asia",6.712782485,5.919999074,7.419373023,,27,3,6,age-standardized,rate space
2046,Global,5.210600804,4.229670166,6.570735489,,27,3,6,age-standardized,rate space
2046,High-income,9.271375584,7.388719175,12.45433926,,27,3,6,age-standardized,rate space
2046,Latin America and Caribbean,6.152088167,5.376622707,7.154012251,,27,3,6,age-standardized,rate space
2046,North Africa and Middle East,9.074129818,6.814607141,12.24147334,,27,3,6,age-standardized,rate space
2046,South Asia,2.680942021,2.02285138,3.632988765,,27,3,6,age-standardized,rate space
2046,"Southeast Asia, East Asia, and Oceania",5.605271792,4.340226884,7.817678944,,27,3,6,age-standardized,rate space
2046,Sub-Saharan Africa,1.707935703,1.260340784,2.260506063,,27,3,6,age-standardized,rate space
2047,"Central Europe, Eastern Europe, and Central Asia",43605.44332,39299.10941,47795.89396,6.287100028,22,1,6,all ages,count space
2047,Global,693570.0581,556154.4171,848436.8585,100,22,1,6,all ages,count space
2047,High-income,193881.13,149513.4811,256840.2837,27.95408016,22,1,6,all ages,count space
2047,Latin America and Caribbean,59708.64652,51990.32168,69378.00639,8.608884686,22,1,6,all ages,count space
2047,North Africa and Middle East,91941.47361,69312.24222,125608.3064,13.25626338,22,1,6,all ages,count space
2047,South Asia,71989.68778,54518.8704,95344.64508,10.37958414,22,1,6,all ages,count space
2047,"Southeast Asia, East Asia, and Oceania",206942.1708,158674.983,277846.7617,29.83724115,22,1,6,all ages,count space
2047,Sub-Saharan Africa,34378.4342,25644.80469,46468.0523,4.956735631,22,1,6,all ages,count space
2047,"Central Europe, Eastern Europe, and Central Asia",6.773410542,5.992159995,7.494517223,,27,3,6,age-standardized,rate space
2047,Global,5.245710318,4.25158233,6.6302952,,27,3,6,age-standardized,rate space
2047,High-income,9.374953934,7.475057017,12.57552317,,27,3,6,age-standardized,rate space
2047,Latin America and Caribbean,6.214996498,5.402853317,7.251711981,,27,3,6,age-standardized,rate space
2047,North Africa and Middle East,9.175052423,6.892521016,12.41685535,,27,3,6,age-standardized,rate space
2047,South Asia,2.713030793,2.038919172,3.672584793,,27,3,6,age-standardized,rate space
2047,"Southeast Asia, East Asia, and Oceania",5.666410857,4.384185014,7.891448731,,27,3,6,age-standardized,rate space
2047,Sub-Saharan Africa,1.723290964,1.270687132,2.280663355,,27,3,6,age-standardized,rate space
2048,"Central Europe, Eastern Europe, and Central Asia",44112.26911,39823.50252,48500.98281,6.235035923,22,1,6,all ages,count space
2048,Global,707490.2158,566163.6438,865286.547,100,22,1,6,all ages,count space
2048,High-income,196659.988,151268.2432,263033.3914,27.79684914,22,1,6,all ages,count space
2048,Latin America and Caribbean,61090.08875,53049.33104,71153.43384,8.634760932,22,1,6,all ages,count space
2048,North Africa and Middle East,94922.75094,71302.98805,129779.4698,13.41682879,22,1,6,all ages,count space
2048,South Asia,73902.02596,55848.08388,97908.3152,10.44566049,22,1,6,all ages,count space
2048,"Southeast Asia, East Asia, and Oceania",210765.7414,161243.9618,282820.4746,29.79062278,22,1,6,all ages,count space
2048,Sub-Saharan Africa,35603.53805,26514.5757,48184.57049,5.032371792,22,1,6,all ages,count space
2048,"Central Europe, Eastern Europe, and Central Asia",6.83046847,6.051605411,7.571863834,,27,3,6,age-standardized,rate space
2048,Global,5.280045807,4.276445257,6.678729004,,27,3,6,age-standardized,rate space
2048,High-income,9.478020381,7.545766574,12.83927369,,27,3,6,age-standardized,rate space
2048,Latin America and Caribbean,6.277593023,5.463797919,7.334368602,,27,3,6,age-standardized,rate space
2048,North Africa and Middle East,9.277673011,6.96819105,12.52942615,,27,3,6,age-standardized,rate space
2048,South Asia,2.744951961,2.071359692,3.725673841,,27,3,6,age-standardized,rate space
2048,"Southeast Asia, East Asia, and Oceania",5.726636429,4.427023159,7.98828866,,27,3,6,age-standardized,rate space
2048,Sub-Saharan Africa,1.738558892,1.282415203,2.290719101,,27,3,6,age-standardized,rate space
2049,"Central Europe, Eastern Europe, and Central Asia",44598.01326,40226.53636,49182.11041,6.182061498,22,1,6,all ages,count space
2049,Global,721410.055,576641.1311,883867.6972,100,22,1,6,all ages,count space
2049,High-income,199402.3408,153026.5716,268268.8111,27.64063786,22,1,6,all ages,count space
2049,Latin America and Caribbean,62482.609,54125.57033,72926.88932,8.661178004,22,1,6,all ages,count space
2049,North Africa and Middle East,97964.2714,73282.49608,133815.6995,13.57955447,22,1,6,all ages,count space
2049,South Asia,75852.74051,57246.90647,100566.9819,10.51451113,22,1,6,all ages,count space
2049,"Southeast Asia, East Asia, and Oceania",214537.5378,164080.1549,287722.2712,29.73863981,22,1,6,all ages,count space
2049,Sub-Saharan Africa,36863.11197,27433.17921,49839.34855,5.109869444,22,1,6,all ages,count space
2049,"Central Europe, Eastern Europe, and Central Asia",6.885834158,6.0958586,7.615142169,,27,3,6,age-standardized,rate space
2049,Global,5.314209979,4.302471906,6.730862889,,27,3,6,age-standardized,rate space
2049,High-income,9.581349321,7.591308157,12.94763018,,27,3,6,age-standardized,rate space
2049,Latin America and Caribbean,6.340979691,5.496359864,7.432406617,,27,3,6,age-standardized,rate space
2049,North Africa and Middle East,9.382895699,7.056166491,12.63587035,,27,3,6,age-standardized,rate space
2049,South Asia,2.77750151,2.095880923,3.762820028,,27,3,6,age-standardized,rate space
2049,"Southeast Asia, East Asia, and Oceania",5.785884901,4.472613405,8.078119946,,27,3,6,age-standardized,rate space
2049,Sub-Saharan Africa,1.753623656,1.293997477,2.31423342,,27,3,6,age-standardized,rate space
2050,"Central Europe, Eastern Europe, and Central Asia",45098.27216,40582.44829,49874.87968,6.133793664,22,1,6,all ages,count space
2050,Global,735242.7328,586232.5244,900700.5924,100,22,1,6,all ages,count space
2050,High-income,202126.5332,154027.0504,272984.0364,27.49112969,22,1,6,all ages,count space
2050,Latin America and Caribbean,63885.4248,55124.30651,74807.71144,8.689024992,22,1,6,all ages,count space
2050,North Africa and Middle East,101037.9127,75409.52983,137330.8529,13.74211647,22,1,6,all ages,count space
2050,South Asia,77805.58363,58550.76469,102994.1252,10.5822989,22,1,6,all ages,count space
2050,"Southeast Asia, East Asia, and Oceania",218179.9493,166912.1966,291787.5826,29.67454686,22,1,6,all ages,count space
2050,Sub-Saharan Africa,38162.22692,28339.88915,51474.68818,5.190425585,22,1,6,all ages,count space
2050,"Central Europe, Eastern Europe, and Central Asia",6.947022269,6.14889513,7.703456996,,27,3,6,age-standardized,rate space
2050,Global,5.348636287,4.329587565,6.776115193,,27,3,6,age-standardized,rate space
2050,High-income,9.687269973,7.678142442,13.15695537,,27,3,6,age-standardized,rate space
2050,Latin America and Caribbean,6.406443551,5.540090115,7.522281986,,27,3,6,age-standardized,rate space
2050,North Africa and Middle East,9.488777093,7.132880357,12.80161149,,27,3,6,age-standardized,rate space
2050,South Asia,2.809592467,2.115392637,3.801753855,,27,3,6,age-standardized,rate space
2050,"Southeast Asia, East Asia, and Oceania",5.846088801,4.515425133,8.144652503,,27,3,6,age-standardized,rate space
2050,Sub-Saharan Africa,1.768887141,1.304282333,2.335811413,,27,3,6,age-standardized,rate space
1990,"Central Europe, Eastern Europe, and Central Asia",16996.5296,15733.96437,18572.85571,11.83857524,22,1,1,all ages,count space
1990,Global,143569.0466,122716.9741,163115.3423,100,22,1,1,all ages,count space
1990,High-income,41486.90223,39413.34887,44046.72256,28.89682923,22,1,1,all ages,count space
1990,Latin America and Caribbean,8138.579078,7492.825427,8915.164783,5.668756092,22,1,1,all ages,count space
1990,North Africa and Middle East,10856.45144,8023.822901,14749.90292,7.561832927,22,1,1,all ages,count space
1990,South Asia,13263.53477,9618.56622,17046.68755,9.238436199,22,1,1,all ages,count space
1990,"Southeast Asia, East Asia, and Oceania",48476.43469,35090.99898,59557.07149,33.76524106,22,1,1,all ages,count space
1990,Sub-Saharan Africa,4350.614822,3174.123283,5556.297426,3.030329255,22,1,1,all ages,count space
1990,"Central Europe, Eastern Europe, and Central Asia",3.731351565,3.450990681,4.081687213,,27,3,3,age-standardized,rate space
1990,Global,3.168144858,2.724864707,3.601124108,,27,3,3,age-standardized,rate space
1990,High-income,3.796953694,3.602406275,4.03890715,,27,3,3,age-standardized,rate space
1990,Latin America and Caribbean,2.816199067,2.598258163,3.086751182,,27,3,3,age-standardized,rate space
1990,North Africa and Middle East,4.795144936,3.487138251,6.923290653,,27,3,3,age-standardized,rate space
1990,South Asia,1.530903575,1.087871471,1.973926191,,27,3,3,age-standardized,rate space
1990,"Southeast Asia, East Asia, and Oceania",3.514511586,2.593804101,4.35667162,,27,3,3,age-standardized,rate space
1990,Sub-Saharan Africa,1.043419948,0.742652444,1.339093153,,27,3,3,age-standardized,rate space
1991,"Central Europe, Eastern Europe, and Central Asia",17296.32948,15988.60727,18855.64009,11.78131589,22,1,1,all ages,count space
1991,Global,146811.5246,125896.8924,167429.9721,100,22,1,1,all ages,count space
1991,High-income,42627.39497,40379.82086,45094.77914,29.03545555,22,1,1,all ages,count space
1991,Latin America and Caribbean,8324.337955,7723.018498,9093.948737,5.670084809,22,1,1,all ages,count space
1991,North Africa and Middle East,11156.30585,8248.23644,15136.58669,7.599066815,22,1,1,all ages,count space
1991,South Asia,13593.54306,9860.128173,17408.31238,9.259179822,22,1,1,all ages,count space
1991,"Southeast Asia, East Asia, and Oceania",49339.63406,36003.51522,60955.55888,33.60746658,22,1,1,all ages,count space
1991,Sub-Saharan Africa,4473.979229,3259.994342,5829.281973,3.047430535,22,1,1,all ages,count space
1991,"Central Europe, Eastern Europe, and Central Asia",3.769701825,3.484432032,4.112145223,,27,3,3,age-standardized,rate space
1991,Global,3.182606368,2.745347477,3.636402133,,27,3,3,age-standardized,rate space
1991,High-income,3.845700496,3.641038205,4.068235269,,27,3,3,age-standardized,rate space
1991,Latin America and Caribbean,2.816644463,2.600269044,3.085593608,,27,3,3,age-standardized,rate space
1991,North Africa and Middle East,4.8183077,3.462824891,6.971661556,,27,3,3,age-standardized,rate space
1991,South Asia,1.543934126,1.101737778,1.981824141,,27,3,3,age-standardized,rate space
1991,"Southeast Asia, East Asia, and Oceania",3.506996611,2.595582335,4.360802061,,27,3,3,age-standardized,rate space
1991,Sub-Saharan Africa,1.046650639,0.741183431,1.345715457,,27,3,3,age-standardized,rate space
1992,"Central Europe, Eastern Europe, and Central Asia",17684.40153,16367.99096,19282.47604,11.81388243,22,1,1,all ages,count space
1992,Global,149691.7007,128458.4103,170115.9716,100,22,1,1,all ages,count space
1992,High-income,43403.30455,40913.27901,45883.60533,28.9951309,22,1,1,all ages,count space
1992,Latin America and Caribbean,8559.274806,7955.995099,9326.026642,5.717935441,22,1,1,all ages,count space
1992,North Africa and Middle East,11467.37741,8413.758209,15616.852,7.660663455,22,1,1,all ages,count space
1992,South Asia,13835.38784,10216.67127,17741.34747,9.242588454,22,1,1,all ages,count space
1992,"Southeast Asia, East Asia, and Oceania",50134.22321,36139.47038,61919.9315,33.49165183,22,1,1,all ages,count space
1992,Sub-Saharan Africa,4607.731336,3354.601294,5985.984162,3.078147496,22,1,1,all ages,count space
1992,"Central Europe, Eastern Europe, and Central Asia",3.825340566,3.536143097,4.173635959,,27,3,3,age-standardized,rate space
1992,Global,3.187754955,2.749737787,3.62893633,,27,3,3,age-standardized,rate space
1992,High-income,3.857120738,3.631613933,4.083559013,,27,3,3,age-standardized,rate space
1992,Latin America and Caribbean,2.825131759,2.609440672,3.081065387,,27,3,3,age-standardized,rate space
1992,North Africa and Middle East,4.84036383,3.571836813,7.00825127,,27,3,3,age-standardized,rate space
1992,South Asia,1.542959939,1.12395911,1.957469948,,27,3,3,age-standardized,rate space
1992,"Southeast Asia, East Asia, and Oceania",3.499339538,2.566441328,4.370068853,,27,3,3,age-standardized,rate space
1992,Sub-Saharan Africa,1.05245026,0.747569419,1.359539674,,27,3,3,age-standardized,rate space
1993,"Central Europe, Eastern Europe, and Central Asia",18410.40174,17036.72802,19964.80609,12.04796776,22,1,1,all ages,count space
1993,Global,152809.1882,130394.9735,174855.1716,100,22,1,1,all ages,count space
1993,High-income,44004.05192,41331.28329,46455.92307,28.79673168,22,1,1,all ages,count space
1993,Latin America and Caribbean,8856.90739,8219.022831,9698.910274,5.796056828,22,1,1,all ages,count space
1993,North Africa and Middle East,11815.0637,8663.070784,16173.69583,7.731906592,22,1,1,all ages,count space
1993,South Asia,14063.86044,10312.6221,18010.53249,9.203543715,22,1,1,all ages,count space
1993,"Southeast Asia, East Asia, and Oceania",50920.63013,36756.45022,62810.88476,33.32301592,22,1,1,all ages,count space
1993,Sub-Saharan Africa,4738.272938,3439.78491,6146.719321,3.100777507,22,1,1,all ages,count space
1993,"Central Europe, Eastern Europe, and Central Asia",3.950186929,3.650838871,4.284868341,,27,3,3,age-standardized,rate space
1993,Global,3.198826523,2.742978752,3.654564962,,27,3,3,age-standardized,rate space
1993,High-income,3.847450892,3.609154653,4.064981032,,27,3,3,age-standardized,rate space
1993,Latin America and Caribbean,2.855456512,2.647576702,3.121888812,,27,3,3,age-standardized,rate space
1993,North Africa and Middle East,4.865419432,3.5915982,7.031935694,,27,3,3,age-standardized,rate space
1993,South Asia,1.538869347,1.123555968,1.963402561,,27,3,3,age-standardized,rate space
1993,"Southeast Asia, East Asia, and Oceania",3.494657768,2.56992246,4.35411341,,27,3,3,age-standardized,rate space
1993,Sub-Saharan Africa,1.057581489,0.75177429,1.381691033,,27,3,3,age-standardized,rate space
1994,"Central Europe, Eastern Europe, and Central Asia",18905.27446,17497.39062,20548.19624,12.09432463,22,1,1,all ages,count space
1994,Global,156315.2557,132236.5505,178230.7273,100,22,1,1,all ages,count space
1994,High-income,44957.01243,42222.17642,47498.08883,28.76047653,22,1,1,all ages,count space
1994,Latin America and Caribbean,9116.568643,8479.467773,9952.624119,5.832168206,22,1,1,all ages,count space
1994,North Africa and Middle East,12148.06629,8923.836836,16780.26961,7.771516757,22,1,1,all ages,count space
1994,South Asia,14380.74327,10359.70387,18367.0746,9.199833505,22,1,1,all ages,count space
1994,"Southeast Asia, East Asia, and Oceania",51937.30218,37684.04026,64328.75966,33.22599701,22,1,1,all ages,count space
1994,Sub-Saharan Africa,4870.288413,3469.899922,6325.29821,3.115683362,22,1,1,all ages,count space
1994,"Central Europe, Eastern Europe, and Central Asia",4.037756005,3.733492782,4.390768381,,27,3,3,age-standardized,rate space
1994,Global,3.216643817,2.730223484,3.67398885,,27,3,3,age-standardized,rate space
1994,High-income,3.872593798,3.637966221,4.09712365,,27,3,3,age-standardized,rate space
1994,Latin America and Caribbean,2.864727045,2.660284846,3.126789032,,27,3,3,age-standardized,rate space
1994,North Africa and Middle East,4.878718858,3.560071772,7.09003042,,27,3,3,age-standardized,rate space
1994,South Asia,1.543234727,1.11531443,1.977283029,,27,3,3,age-standardized,rate space
1994,"Southeast Asia, East Asia, and Oceania",3.505471335,2.553213018,4.394993372,,27,3,3,age-standardized,rate space
1994,Sub-Saharan Africa,1.065931857,0.764391549,1.391748037,,27,3,3,age-standardized,rate space
1995,"Central Europe, Eastern Europe, and Central Asia",19226.00143,17811.00275,20765.21574,12.05093099,22,1,1,all ages,count space
1995,Global,159539.553,133904.2533,182585.9481,100,22,1,1,all ages,count space
1995,High-income,45771.3964,43058.73567,48306.96707,28.68968574,22,1,1,all ages,count space
1995,Latin America and Caribbean,9473.481263,8827.324707,10320.10194,5.938014168,22,1,1,all ages,count space
1995,North Africa and Middle East,12414.92297,9107.13917,17158.15283,7.781721045,22,1,1,all ages,count space
1995,South Asia,14789.73008,10510.4326,18969.05272,9.270259194,22,1,1,all ages,count space
1995,"Southeast Asia, East Asia, and Oceania",52909.93537,38267.07899,64648.76506,33.16414918,22,1,1,all ages,count space
1995,Sub-Saharan Africa,4954.085525,3533.529091,6431.860205,3.105239692,22,1,1,all ages,count space
1995,"Central Europe, Eastern Europe, and Central Asia",4.092933161,3.789805895,4.430786009,,27,3,3,age-standardized,rate space
1995,Global,3.228951823,2.717442066,3.707890081,,27,3,3,age-standardized,rate space
1995,High-income,3.879775792,3.654205659,4.102120471,,27,3,3,age-standardized,rate space
1995,Latin America and Caribbean,2.907235748,2.706092853,3.165878114,,27,3,3,age-standardized,rate space
1995,North Africa and Middle East,4.873928391,3.512088372,7.07572732,,27,3,3,age-standardized,rate space
1995,South Asia,1.557562682,1.109993619,1.999655888,,27,3,3,age-standardized,rate space
1995,"Southeast Asia, East Asia, and Oceania",3.514447012,2.574866006,4.37745275,,27,3,3,age-standardized,rate space
1995,Sub-Saharan Africa,1.063103339,0.735236289,1.399265991,,27,3,3,age-standardized,rate space
1996,"Central Europe, Eastern Europe, and Central Asia",19351.11524,18021.29284,20808.58407,11.89804487,22,1,1,all ages,count space
1996,Global,162641.1351,136108.0278,186480.9752,100,22,1,1,all ages,count space
1996,High-income,46643.65014,43846.07958,49068.55454,28.67887642,22,1,1,all ages,count space
1996,Latin America and Caribbean,9956.41381,9269.473464,10836.20571,6.121707035,22,1,1,all ages,count space
1996,North Africa and Middle East,12655.1304,9341.5882,17466.98339,7.781014559,22,1,1,all ages,count space
1996,South Asia,15225.51628,10821.91696,19509.46775,9.361417867,22,1,1,all ages,count space
1996,"Southeast Asia, East Asia, and Oceania",53748.37975,38920.9755,65556.92786,33.0472237,22,1,1,all ages,count space
1996,Sub-Saharan Africa,5060.929493,3601.098738,6621.403293,3.111715551,22,1,1,all ages,count space
1996,"Central Europe, Eastern Europe, and Central Asia",4.103228572,3.811084237,4.423664232,,27,3,3,age-standardized,rate space
1996,Global,3.237306996,2.722898104,3.719523612,,27,3,3,age-standardized,rate space
1996,High-income,3.894844737,3.668795011,4.101706344,,27,3,3,age-standardized,rate space
1996,Latin America and Caribbean,2.98106965,2.779363777,3.233235312,,27,3,3,age-standardized,rate space
1996,North Africa and Middle East,4.858647971,3.526611643,7.046337513,,27,3,3,age-standardized,rate space
1996,South Asia,1.573802411,1.108516197,2.013223788,,27,3,3,age-standardized,rate space
1996,"Southeast Asia, East Asia, and Oceania",3.513572313,2.569596756,4.354389593,,27,3,3,age-standardized,rate space
1996,Sub-Saharan Africa,1.067693793,0.723333872,1.397363347,,27,3,3,age-standardized,rate space
1997,"Central Europe, Eastern Europe, and Central Asia",19312.38953,18046.3543,20771.81776,11.67803248,22,1,1,all ages,count space
1997,Global,165373.6583,139163.5294,189340.2078,100,22,1,1,all ages,count space
1997,High-income,47072.86407,44260.7909,49305.72603,28.46454783,22,1,1,all ages,count space
1997,Latin America and Caribbean,10841.457,10099.1299,11687.15333,6.55573391,22,1,1,all ages,count space
1997,North Africa and Middle East,12916.8634,9542.822905,17897.6125,7.810713951,22,1,1,all ages,count space
1997,South Asia,15629.02341,10921.84114,20072.41891,9.450733311,22,1,1,all ages,count space
1997,"Southeast Asia, East Asia, and Oceania",54416.42065,39513.86319,65074.95406,32.90513206,22,1,1,all ages,count space
1997,Sub-Saharan Africa,5184.640241,3643.559795,6712.274951,3.135106458,22,1,1,all ages,count space
1997,"Central Europe, Eastern Europe, and Central Asia",4.077479448,3.803440256,4.391520239,,27,3,3,age-standardized,rate space
1997,Global,3.236669334,2.734835403,3.711925322,,27,3,3,age-standardized,rate space
1997,High-income,3.8659376,3.64017653,4.064367506,,27,3,3,age-standardized,rate space
1997,Latin America and Caribbean,3.174259982,2.954515837,3.416105609,,27,3,3,age-standardized,rate space
1997,North Africa and Middle East,4.851687939,3.589770684,7.035068244,,27,3,3,age-standardized,rate space
1997,South Asia,1.58850536,1.103720679,2.045725208,,27,3,3,age-standardized,rate space
1997,"Southeast Asia, East Asia, and Oceania",3.503706293,2.567178956,4.23823418,,27,3,3,age-standardized,rate space
1997,Sub-Saharan Africa,1.071987223,0.71939788,1.390737666,,27,3,3,age-standardized,rate space
1998,"Central Europe, Eastern Europe, and Central Asia",18968.97992,17736.38925,20337.16302,11.28680469,22,1,1,all ages,count space
1998,Global,168063.3309,142486.941,192074.4041,100,22,1,1,all ages,count space
1998,High-income,47822.96228,45140.14209,49983.0851,28.45532219,22,1,1,all ages,count space
1998,Latin America and Caribbean,11458.54992,10679.86559,12340.06874,6.81799525,22,1,1,all ages,count space
1998,North Africa and Middle East,13190.43914,9863.062758,18222.86982,7.848493224,22,1,1,all ages,count space
1998,South Asia,15960.87456,11317.30074,20521.25045,9.496940516,22,1,1,all ages,count space
1998,"Southeast Asia, East Asia, and Oceania",55363.32774,40367.92568,66254.2117,32.94194364,22,1,1,all ages,count space
1998,Sub-Saharan Africa,5298.197331,3719.66316,6753.46401,3.152500491,22,1,1,all ages,count space
1998,"Central Europe, Eastern Europe, and Central Asia",3.996022441,3.734614831,4.2913766,,27,3,3,age-standardized,rate space
1998,Global,3.233316081,2.749809843,3.699934832,,27,3,3,age-standardized,rate space
1998,High-income,3.858980322,3.640370424,4.038212619,,27,3,3,age-standardized,rate space
1998,Latin America and Caribbean,3.276557654,3.046158261,3.520531367,,27,3,3,age-standardized,rate space
1998,North Africa and Middle East,4.84888588,3.582889846,7.005691608,,27,3,3,age-standardized,rate space
1998,South Asia,1.590943115,1.120435198,2.054356933,,27,3,3,age-standardized,rate space
1998,"Southeast Asia, East Asia, and Oceania",3.509477655,2.576939359,4.237513368,,27,3,3,age-standardized,rate space
1998,Sub-Saharan Africa,1.071526683,0.708407253,1.384365455,,27,3,3,age-standardized,rate space
1999,"Central Europe, Eastern Europe, and Central Asia",19086.18777,17947.15512,20476.12614,11.15503258,22,1,1,all ages,count space
1999,Global,171099.3458,146382.8698,195978.4702,100,22,1,1,all ages,count space
1999,High-income,48476.78048,45977.73351,50563.01697,28.3325341,22,1,1,all ages,count space
1999,Latin America and Caribbean,12044.12557,11229.36794,12894.07083,7.039258693,22,1,1,all ages,count space
1999,North Africa and Middle East,13500.29379,10172.79338,18553.80885,7.89032461,22,1,1,all ages,count space
1999,South Asia,16067.25281,11616.21859,20718.22893,9.390598622,22,1,1,all ages,count space
1999,"Southeast Asia, East Asia, and Oceania",56556.78937,41102.87471,67810.6086,33.05494192,22,1,1,all ages,count space
1999,Sub-Saharan Africa,5367.915994,3794.898085,6941.375806,3.137309479,22,1,1,all ages,count space
1999,"Central Europe, Eastern Europe, and Central Asia",4.00621488,3.754271435,4.304681288,,27,3,3,age-standardized,rate space
1999,Global,3.232879725,2.775209879,3.709226094,,27,3,3,age-standardized,rate space
1999,High-income,3.846979404,3.64364715,4.022245855,,27,3,3,age-standardized,rate space
1999,Latin America and Caribbean,3.355881963,3.123522777,3.5923526,,27,3,3,age-standardized,rate space
1999,North Africa and Middle East,4.846633317,3.634157593,6.917124942,,27,3,3,age-standardized,rate space
1999,South Asia,1.564044141,1.122752647,2.014639122,,27,3,3,age-standardized,rate space
1999,"Southeast Asia, East Asia, and Oceania",3.524305723,2.595417933,4.260789922,,27,3,3,age-standardized,rate space
1999,Sub-Saharan Africa,1.059891898,0.704600051,1.365687873,,27,3,3,age-standardized,rate space
2000,"Central Europe, Eastern Europe, and Central Asia",19883.72431,18675.50864,21219.49947,11.35088285,22,1,1,all ages,count space
2000,Global,175173.3725,150852.1814,200094.5532,100,22,1,1,all ages,count space
2000,High-income,49324.02157,46809.40741,51574.82913,28.15725978,22,1,1,all ages,count space
2000,Latin America and Caribbean,12668.45429,11817.16509,13580.50982,7.231952042,22,1,1,all ages,count space
2000,North Africa and Middle East,13762.6473,10495.83611,18669.01936,7.856586366,22,1,1,all ages,count space
2000,South Asia,16147.29382,11913.84105,20913.17754,9.217892871,22,1,1,all ages,count space
2000,"Southeast Asia, East Asia, and Oceania",57919.57625,42697.01948,70686.65564,33.06414407,22,1,1,all ages,count space
2000,Sub-Saharan Africa,5467.654978,3844.376288,7097.625003,3.121282019,22,1,1,all ages,count space
2000,"Central Europe, Eastern Europe, and Central Asia",4.149944676,3.884527982,4.432675072,,27,3,3,age-standardized,rate space
2000,Global,3.251767613,2.807976152,3.717710068,,27,3,3,age-standardized,rate space
2000,High-income,3.857682914,3.667175888,4.040339107,,27,3,3,age-standardized,rate space
2000,Latin America and Caribbean,3.4477395,3.209614151,3.682985628,,27,3,3,age-standardized,rate space
2000,North Africa and Middle East,4.829891569,3.671090359,6.839863673,,27,3,3,age-standardized,rate space
2000,South Asia,1.540514739,1.134886685,1.971879909,,27,3,3,age-standardized,rate space
2000,"Southeast Asia, East Asia, and Oceania",3.55063002,2.648949213,4.353942567,,27,3,3,age-standardized,rate space
2000,Sub-Saharan Africa,1.056044319,0.697468937,1.379620726,,27,3,3,age-standardized,rate space
2001,"Central Europe, Eastern Europe, and Central Asia",20300.50405,19091.52008,21570.56984,11.39199103,22,1,1,all ages,count space
2001,Global,178199.7895,154724.479,204890.584,100,22,1,1,all ages,count space
2001,High-income,49810.37164,47369.57509,52118.13785,27.95198118,22,1,1,all ages,count space
2001,Latin America and Caribbean,13215.47281,12357.03618,14071.56854,7.416099,22,1,1,all ages,count space
2001,North Africa and Middle East,14180.11278,10910.28636,18932.08587,7.957423977,22,1,1,all ages,count space
2001,South Asia,16474.26146,12367.83276,21184.61973,9.244826555,22,1,1,all ages,count space
2001,"Southeast Asia, East Asia, and Oceania",58681.45488,43746.93785,71937.74948,32.93014825,22,1,1,all ages,count space
2001,Sub-Saharan Africa,5537.61192,3886.384895,7296.458371,3.10753,22,1,1,all ages,count space
2001,"Central Europe, Eastern Europe, and Central Asia",4.221148393,3.952960103,4.497835436,,27,3,3,age-standardized,rate space
2001,Global,3.247117842,2.829191867,3.731706156,,27,3,3,age-standardized,rate space
2001,High-income,3.837542158,3.657243487,4.009036272,,27,3,3,age-standardized,rate space
2001,Latin America and Caribbean,3.504453215,3.262479687,3.71647245,,27,3,3,age-standardized,rate space
2001,North Africa and Middle East,4.871401108,3.76288013,6.802126107,,27,3,3,age-standardized,rate space
2001,South Asia,1.540787554,1.149686371,1.97101052,,27,3,3,age-standardized,rate space
2001,"Southeast Asia, East Asia, and Oceania",3.534312021,2.658705985,4.365692786,,27,3,3,age-standardized,rate space
2001,Sub-Saharan Africa,1.046838772,0.690671737,1.370561818,,27,3,3,age-standardized,rate space
2002,"Central Europe, Eastern Europe, and Central Asia",20894.34076,19732.6614,22198.19467,11.49439218,22,1,1,all ages,count space
2002,Global,181778.5615,158408.7811,209221.0946,100,22,1,1,all ages,count space
2002,High-income,50637.49803,48109.54534,53214.88507,27.85669422,22,1,1,all ages,count space
2002,Latin America and Caribbean,13683.70523,12801.73993,14556.71328,7.527678245,22,1,1,all ages,count space
2002,North Africa and Middle East,14609.91981,11338.13141,19290.00577,8.037207295,22,1,1,all ages,count space
2002,South Asia,16778.42704,12511.71341,21549.24377,9.230146227,22,1,1,all ages,count space
2002,"Southeast Asia, East Asia, and Oceania",59516.54667,45232.11057,73757.2267,32.74123537,22,1,1,all ages,count space
2002,Sub-Saharan Africa,5658.123961,3977.1659,7631.017909,3.112646461,22,1,1,all ages,count space
2002,"Central Europe, Eastern Europe, and Central Asia",4.306273672,4.048554827,4.579879218,,27,3,3,age-standardized,rate space
2002,Global,3.249110834,2.835591777,3.743781681,,27,3,3,age-standardized,rate space
2002,High-income,3.832745864,3.652230086,4.013214901,,27,3,3,age-standardized,rate space
2002,Latin America and Caribbean,3.542136484,3.297964797,3.763836251,,27,3,3,age-standardized,rate space
2002,North Africa and Middle East,4.913116141,3.83552626,6.779851529,,27,3,3,age-standardized,rate space
2002,South Asia,1.540544233,1.144724344,1.987374674,,27,3,3,age-standardized,rate space
2002,"Southeast Asia, East Asia, and Oceania",3.514668071,2.664034163,4.388631806,,27,3,3,age-standardized,rate space
2002,Sub-Saharan Africa,1.046770383,0.692742715,1.398656319,,27,3,3,age-standardized,rate space
2003,"Central Europe, Eastern Europe, and Central Asia",21379.8845,20157.05942,22700.3695,11.55819855,22,1,1,all ages,count space
2003,Global,184975.9235,160519.1819,215047.5354,100,22,1,1,all ages,count space
2003,High-income,51143.63338,48455.03794,53535.38056,27.64880554,22,1,1,all ages,count space
2003,Latin America and Caribbean,14230.03899,13306.25104,15136.62751,7.692914148,22,1,1,all ages,count space
2003,North Africa and Middle East,15165.08556,11809.41093,19840.41993,8.198410512,22,1,1,all ages,count space
2003,South Asia,16955.76643,12536.42749,21923.69659,9.166472104,22,1,1,all ages,count space
2003,"Southeast Asia, East Asia, and Oceania",60391.85026,46677.3886,75671.06707,32.64849236,22,1,1,all ages,count space
2003,Sub-Saharan Africa,5709.664387,4001.31158,7595.602831,3.086706788,22,1,1,all ages,count space
2003,"Central Europe, Eastern Europe, and Central Asia",4.37766777,4.107399805,4.663066558,,27,3,3,age-standardized,rate space
2003,Global,3.242561387,2.815655993,3.771832426,,27,3,3,age-standardized,rate space
2003,High-income,3.801034577,3.607566616,3.9964016,,27,3,3,age-standardized,rate space
2003,Latin America and Caribbean,3.592277744,3.354103198,3.818441116,,27,3,3,age-standardized,rate space
2003,North Africa and Middle East,4.974935869,3.874806448,6.777620365,,27,3,3,age-standardized,rate space
2003,South Asia,1.52517299,1.125990829,1.980365605,,27,3,3,age-standardized,rate space
2003,"Southeast Asia, East Asia, and Oceania",3.496679086,2.698140052,4.385299593,,27,3,3,age-standardized,rate space
2003,Sub-Saharan Africa,1.036281991,0.694151501,1.376922803,,27,3,3,age-standardized,rate space
2004,"Central Europe, Eastern Europe, and Central Asia",21821.23379,20508.10198,23234.16834,11.61426498,22,1,1,all ages,count space
2004,Global,187883.0372,162865.7646,218839.1529,100,22,1,1,all ages,count space
2004,High-income,51178.20972,48544.99044,53519.67574,27.23939876,22,1,1,all ages,count space
2004,Latin America and Caribbean,14806.22469,13863.19505,15671.79041,7.880554255,22,1,1,all ages,count space
2004,North Africa and Middle East,15580.36547,12013.63495,20288.87895,8.292587609,22,1,1,all ages,count space
2004,South Asia,17133.84384,12511.21132,22146.68862,9.119420299,22,1,1,all ages,count space
2004,"Southeast Asia, East Asia, and Oceania",61544.59071,47630.82545,78538.49298,32.75686385,22,1,1,all ages,count space
2004,Sub-Saharan Africa,5818.56903,4083.03543,7476.814577,3.096910246,22,1,1,all ages,count space
2004,"Central Europe, Eastern Europe, and Central Asia",4.449092493,4.170871765,4.744342181,,27,3,3,age-standardized,rate space
2004,Global,3.228434813,2.798028375,3.763604284,,27,3,3,age-standardized,rate space
2004,High-income,3.742154893,3.566584334,3.923865096,,27,3,3,age-standardized,rate space
2004,Latin America and Caribbean,3.647896247,3.408590726,3.862717492,,27,3,3,age-standardized,rate space
2004,North Africa and Middle East,4.978314779,3.825151279,6.728378237,,27,3,3,age-standardized,rate space
2004,South Asia,1.502900406,1.100595227,1.938975167,,27,3,3,age-standardized,rate space
2004,"Southeast Asia, East Asia, and Oceania",3.488307924,2.697435417,4.445125154,,27,3,3,age-standardized,rate space
2004,Sub-Saharan Africa,1.02975167,0.691717321,1.330014424,,27,3,3,age-standardized,rate space
2005,"Central Europe, Eastern Europe, and Central Asia",22589.5877,21147.483,24060.46031,11.79988741,22,1,1,all ages,count space
2005,Global,191439.0105,165557.2852,222741.2049,100,22,1,1,all ages,count space
2005,High-income,52144.7853,49479.41249,54422.3061,27.23832784,22,1,1,all ages,count space
2005,Latin America and Caribbean,15161.00948,14176.29756,16026.84579,7.919498453,22,1,1,all ages,count space
2005,North Africa and Middle East,16076.18466,12361.47832,20806.25262,8.397548974,22,1,1,all ages,count space
2005,South Asia,17549.92921,12559.25177,22434.76034,9.167373549,22,1,1,all ages,count space
2005,"Southeast Asia, East Asia, and Oceania",61960.10624,48583.14351,78758.70231,32.36545471,22,1,1,all ages,count space
2005,Sub-Saharan Africa,5957.407932,4174.906981,7869.950169,3.11190907,22,1,1,all ages,count space
2005,"Central Europe, Eastern Europe, and Central Asia",4.574990221,4.272783621,4.886876361,,27,3,3,age-standardized,rate space
2005,Global,3.222353628,2.798606395,3.744335674,,27,3,3,age-standardized,rate space
2005,High-income,3.74034784,3.561284809,3.91729206,,27,3,3,age-standardized,rate space
2005,Latin America and Caribbean,3.647274619,3.411648979,3.856027974,,27,3,3,age-standardized,rate space
2005,North Africa and Middle East,5.006568609,3.836894537,6.730838743,,27,3,3,age-standardized,rate space
2005,South Asia,1.503696923,1.08404009,1.918780861,,27,3,3,age-standardized,rate space
2005,"Southeast Asia, East Asia, and Oceania",3.43642325,2.692087505,4.373615683,,27,3,3,age-standardized,rate space
2005,Sub-Saharan Africa,1.029634625,0.712896325,1.331499286,,27,3,3,age-standardized,rate space
2006,"Central Europe, Eastern Europe, and Central Asia",22685.96893,21211.66554,24046.68358,11.7459806,22,1,1,all ages,count space
2006,Global,193138.144,168023.1687,224569.3543,100,22,1,1,all ages,count space
2006,High-income,52593.36698,49956.87076,55132.24477,27.23095805,22,1,1,all ages,count space
2006,Latin America and Caribbean,15449.86798,14488.30923,16289.16256,7.999387204,22,1,1,all ages,count space
2006,North Africa and Middle East,16584.07056,12565.19823,21376.52369,8.586636599,22,1,1,all ages,count space
2006,South Asia,18058.33173,12746.73314,23337.903,9.349956126,22,1,1,all ages,count space
2006,"Southeast Asia, East Asia, and Oceania",61634.86933,49040.58081,77879.1348,31.9123235,22,1,1,all ages,count space
2006,Sub-Saharan Africa,6131.668519,4306.815257,8101.632271,3.174757917,22,1,1,all ages,count space
2006,"Central Europe, Eastern Europe, and Central Asia",4.573941386,4.267213669,4.879708872,,27,3,3,age-standardized,rate space
2006,Global,3.182811593,2.786458246,3.701669737,,27,3,3,age-standardized,rate space
2006,High-income,3.714081967,3.540146209,3.90469745,,27,3,3,age-standardized,rate space
2006,Latin America and Caribbean,3.627068467,3.402748767,3.828649883,,27,3,3,age-standardized,rate space
2006,North Africa and Middle East,5.039273972,3.833096337,6.74066875,,27,3,3,age-standardized,rate space
2006,South Asia,1.512215226,1.065201722,1.948267565,,27,3,3,age-standardized,rate space
2006,"Southeast Asia, East Asia, and Oceania",3.334365318,2.664485042,4.205501153,,27,3,3,age-standardized,rate space
2006,Sub-Saharan Africa,1.037056277,0.723310871,1.36159976,,27,3,3,age-standardized,rate space
2007,"Central Europe, Eastern Europe, and Central Asia",22782.02162,21275.43559,24103.259,11.61617882,22,1,1,all ages,count space
2007,Global,196123.2001,170703.7402,229005.3078,100,22,1,1,all ages,count space
2007,High-income,53369.14223,50671.57173,56125.45699,27.21204947,22,1,1,all ages,count space
2007,Latin America and Caribbean,15857.14653,14892.418,16664.97095,8.085298692,22,1,1,all ages,count space
2007,North Africa and Middle East,17015.95003,12983.67075,21982.19383,8.676153573,22,1,1,all ages,count space
2007,South Asia,18630.00579,13263.40907,24550.28069,9.499134105,22,1,1,all ages,count space
2007,"Southeast Asia, East Asia, and Oceania",62154.65808,48934.67872,79558.07388,31.69163977,22,1,1,all ages,count space
2007,Sub-Saharan Africa,6314.275796,4427.882983,8383.361654,3.219545568,22,1,1,all ages,count space
2007,"Central Europe, Eastern Europe, and Central Asia",4.558516366,4.240834274,4.850224916,,27,3,3,age-standardized,rate space
2007,Global,3.162264207,2.769237714,3.6882562,,27,3,3,age-standardized,rate space
2007,High-income,3.697094753,3.520570578,3.887158371,,27,3,3,age-standardized,rate space
2007,Latin America and Caribbean,3.626832376,3.408870161,3.8123008,,27,3,3,age-standardized,rate space
2007,North Africa and Middle East,5.037910741,3.799221098,6.755943839,,27,3,3,age-standardized,rate space
2007,South Asia,1.526260347,1.091005304,2.014178876,,27,3,3,age-standardized,rate space
2007,"Southeast Asia, East Asia, and Oceania",3.282329527,2.580446927,4.191341752,,27,3,3,age-standardized,rate space
2007,Sub-Saharan Africa,1.041884714,0.719622597,1.367178662,,27,3,3,age-standardized,rate space
2008,"Central Europe, Eastern Europe, and Central Asia",23334.13255,21843.88345,24737.33806,11.63181589,22,1,1,all ages,count space
2008,Global,200606.1029,175253.803,236014.5972,100,22,1,1,all ages,count space
2008,High-income,54890.70127,51937.87379,57751.73759,27.3624284,22,1,1,all ages,count space
2008,Latin America and Caribbean,16229.97436,15238.86603,17078.46167,8.090468899,22,1,1,all ages,count space
2008,North Africa and Middle East,17517.06253,13443.28714,22789.98932,8.732068603,22,1,1,all ages,count space
2008,South Asia,19159.95688,13602.71241,25624.87882,9.551033894,22,1,1,all ages,count space
2008,"Southeast Asia, East Asia, and Oceania",63023.54079,49660.21207,82981.44572,31.41656205,22,1,1,all ages,count space
2008,Sub-Saharan Africa,6450.73452,4509.6627,8557.400356,3.21562227,22,1,1,all ages,count space
2008,"Central Europe, Eastern Europe, and Central Asia",4.628970534,4.324807327,4.932882953,,27,3,3,age-standardized,rate space
2008,Global,3.164682676,2.780618734,3.717508401,,27,3,3,age-standardized,rate space
2008,High-income,3.732154402,3.557717166,3.926912209,,27,3,3,age-standardized,rate space
2008,Latin America and Caribbean,3.615265163,3.391992246,3.80773175,,27,3,3,age-standardized,rate space
2008,North Africa and Middle East,5.047747395,3.849235125,6.786452884,,27,3,3,age-standardized,rate space
2008,South Asia,1.533721387,1.092962196,2.045986381,,27,3,3,age-standardized,rate space
2008,"Southeast Asia, East Asia, and Oceania",3.258078897,2.559398908,4.273404909,,27,3,3,age-standardized,rate space
2008,Sub-Saharan Africa,1.040059778,0.721171423,1.360013838,,27,3,3,age-standardized,rate space
2009,"Central Europe, Eastern Europe, and Central Asia",23712.50039,22202.50062,25070.24052,11.61281119,22,1,1,all ages,count space
2009,Global,204192.5938,178592.7689,240776.1581,100,22,1,1,all ages,count space
2009,High-income,55967.33361,52899.81955,58699.6573,27.40909088,22,1,1,all ages,count space
2009,Latin America and Caribbean,16630.95183,15650.32586,17487.31362,8.144738022,22,1,1,all ages,count space
2009,North Africa and Middle East,18076.50331,13755.74627,23662.80565,8.85267334,22,1,1,all ages,count space
2009,South Asia,19436.42091,13981.42104,26276.57571,9.518670853,22,1,1,all ages,count space
2009,"Southeast Asia, East Asia, and Oceania",63765.72166,50633.23515,84892.92152,31.22822453,22,1,1,all ages,count space
2009,Sub-Saharan Africa,6603.162092,4669.093098,8574.190897,3.233791182,22,1,1,all ages,count space
2009,"Central Europe, Eastern Europe, and Central Asia",4.667485611,4.369682209,4.958882329,,27,3,3,age-standardized,rate space
2009,Global,3.15062393,2.769938083,3.709301122,,27,3,3,age-standardized,rate space
2009,High-income,3.739366933,3.561689226,3.914228182,,27,3,3,age-standardized,rate space
2009,Latin America and Caribbean,3.615571599,3.400666406,3.803084085,,27,3,3,age-standardized,rate space
2009,North Africa and Middle East,5.056633584,3.848138175,6.72124269,,27,3,3,age-standardized,rate space
2009,South Asia,1.517308761,1.095716239,2.045546132,,27,3,3,age-standardized,rate space
2009,"Southeast Asia, East Asia, and Oceania",3.224790327,2.551866213,4.298983681,,27,3,3,age-standardized,rate space
2009,Sub-Saharan Africa,1.04092998,0.718164284,1.337729925,,27,3,3,age-standardized,rate space
2010,"Central Europe, Eastern Europe, and Central Asia",24276.77803,22832.36768,25600.43038,11.67142319,22,1,1,all ages,count space
2010,Global,208001.866,181932.1307,246107.4941,100,22,1,1,all ages,count space
2010,High-income,57030.11381,53753.54907,59833.83472,27.41807797,22,1,1,all ages,count space
2010,Latin America and Caribbean,17224.41322,16257.768,18069.69679,8.280893604,22,1,1,all ages,count space
2010,North Africa and Middle East,18607.28549,14174.07676,24202.08186,8.945730079,22,1,1,all ages,count space
2010,South Asia,19865.20126,14345.68553,26741.39855,9.55049185,22,1,1,all ages,count space
2010,"Southeast Asia, East Asia, and Oceania",64204.2634,51392.24935,86436.91737,30.86715741,22,1,1,all ages,count space
2010,Sub-Saharan Africa,6793.810804,4810.915313,8822.480456,3.266225892,22,1,1,all ages,count space
2010,"Central Europe, Eastern Europe, and Central Asia",4.727831616,4.42943167,5.010567676,,27,3,3,age-standardized,rate space
2010,Global,3.138093844,2.757878188,3.707599585,,27,3,3,age-standardized,rate space
2010,High-income,3.741244442,3.544716596,3.918549396,,27,3,3,age-standardized,rate space
2010,Latin America and Caribbean,3.650974093,3.439202462,3.835083176,,27,3,3,age-standardized,rate space
2010,North Africa and Middle East,5.052958467,3.870982117,6.676518732,,27,3,3,age-standardized,rate space
2010,South Asia,1.516770972,1.09973317,2.034960112,,27,3,3,age-standardized,rate space
2010,"Southeast Asia, East Asia, and Oceania",3.170862411,2.53069325,4.260368659,,27,3,3,age-standardized,rate space
2010,Sub-Saharan Africa,1.04403046,0.728409853,1.321577834,,27,3,3,age-standardized,rate space
2011,"Central Europe, Eastern Europe, and Central Asia",24481.6728,23045.56975,25870.28226,11.61435879,22,1,1,all ages,count space
2011,Global,210787.9844,184480.0411,251454.8278,100,22,1,1,all ages,count space
2011,High-income,58081.70252,54592.17528,60965.03781,27.55456042,22,1,1,all ages,count space
2011,Latin America and Caribbean,17560.4514,16606.75058,18368.0355,8.330859772,22,1,1,all ages,count space
2011,North Africa and Middle East,19298.99287,14632.46598,24977.03806,9.15564183,22,1,1,all ages,count space
2011,South Asia,20070.81646,14683.21126,27247.46323,9.521802924,22,1,1,all ages,count space
2011,"Southeast Asia, East Asia, and Oceania",64278.3188,51343.68738,87776.13736,30.49429927,22,1,1,all ages,count space
2011,Sub-Saharan Africa,7016.029567,5125.880223,9017.619926,3.328476994,22,1,1,all ages,count space
2011,"Central Europe, Eastern Europe, and Central Asia",4.717742022,4.424436675,5.003161556,,27,3,3,age-standardized,rate space
2011,Global,3.108990613,2.732557865,3.700334075,,27,3,3,age-standardized,rate space
2011,High-income,3.747921795,3.552398301,3.925625661,,27,3,3,age-standardized,rate space
2011,Latin America and Caribbean,3.633040042,3.429324962,3.80581472,,27,3,3,age-standardized,rate space
2011,North Africa and Middle East,5.096053725,3.911089956,6.712977816,,27,3,3,age-standardized,rate space
2011,South Asia,1.496659442,1.096844362,2.027557632,,27,3,3,age-standardized,rate space
2011,"Southeast Asia, East Asia, and Oceania",3.095949664,2.463230398,4.219434639,,27,3,3,age-standardized,rate space
2011,Sub-Saharan Africa,1.048504766,0.734975292,1.325228436,,27,3,3,age-standardized,rate space
2012,"Central Europe, Eastern Europe, and Central Asia",25051.79851,23695.16028,26440.97085,11.64390937,22,1,1,all ages,count space
2012,Global,215149.3773,189205.6975,256998.0153,100,22,1,1,all ages,count space
2012,High-income,59804.04239,55928.44175,62790.47534,27.79652125,22,1,1,all ages,count space
2012,Latin America and Caribbean,18074.20143,17203.01389,18878.74513,8.400768644,22,1,1,all ages,count space
2012,North Africa and Middle East,19907.45634,15342.14826,25644.44802,9.252853339,22,1,1,all ages,count space
2012,South Asia,20261.03095,15077.62352,27842.99251,9.417192466,22,1,1,all ages,count space
2012,"Southeast Asia, East Asia, and Oceania",64763.94148,52164.40605,88517.97662,30.10184937,22,1,1,all ages,count space
2012,Sub-Saharan Africa,7286.906233,5364.922894,9331.190062,3.386905564,22,1,1,all ages,count space
2012,"Central Europe, Eastern Europe, and Central Asia",4.769709319,4.504962481,5.059906255,,27,3,3,age-standardized,rate space
2012,Global,3.101272181,2.736027437,3.695370776,,27,3,3,age-standardized,rate space
2012,High-income,3.785687861,3.570858514,3.965496383,,27,3,3,age-standardized,rate space
2012,Latin America and Caribbean,3.647489099,3.47274699,3.815526356,,27,3,3,age-standardized,rate space
2012,North Africa and Middle East,5.118834443,3.949810641,6.710612032,,27,3,3,age-standardized,rate space
2012,South Asia,1.47645759,1.094987461,2.027199099,,27,3,3,age-standardized,rate space
2012,"Southeast Asia, East Asia, and Oceania",3.039450039,2.435062445,4.134829461,,27,3,3,age-standardized,rate space
2012,Sub-Saharan Africa,1.056520716,0.747559209,1.346153155,,27,3,3,age-standardized,rate space
2013,"Central Europe, Eastern Europe, and Central Asia",25286.68673,23980.66348,26615.26662,11.62766769,22,1,1,all ages,count space
2013,Global,217469.9812,192372.6844,260297.4554,100,22,1,1,all ages,count space
2013,High-income,60482.17621,56550.89582,63592.12444,27.81173561,22,1,1,all ages,count space
2013,Latin America and Caribbean,18468.05525,17666.86669,19266.52586,8.492231963,22,1,1,all ages,count space
2013,North Africa and Middle East,20523.45454,15822.80579,26306.00211,9.437373574,22,1,1,all ages,count space
2013,South Asia,20587.28016,15484.33904,28906.33255,9.46672274,22,1,1,all ages,count space
2013,"Southeast Asia, East Asia, and Oceania",64517.9981,51482.07176,88886.69216,29.66754204,22,1,1,all ages,count space
2013,Sub-Saharan Africa,7604.3302,5616.073568,9757.028583,3.496726379,22,1,1,all ages,count space
2013,"Central Europe, Eastern Europe, and Central Asia",4.755049508,4.501292026,5.024223656,,27,3,3,age-standardized,rate space
2013,Global,3.063067492,2.717534521,3.659741499,,27,3,3,age-standardized,rate space
2013,High-income,3.764132091,3.541344266,3.962174815,,27,3,3,age-standardized,rate space
2013,Latin America and Caribbean,3.631792574,3.472782395,3.792635737,,27,3,3,age-standardized,rate space
2013,North Africa and Middle East,5.127089844,3.985006572,6.6936616,,27,3,3,age-standardized,rate space
2013,South Asia,1.467540829,1.101029491,2.061082057,,27,3,3,age-standardized,rate space
2013,"Southeast Asia, East Asia, and Oceania",2.951026483,2.337561875,4.067367785,,27,3,3,age-standardized,rate space
2013,Sub-Saharan Africa,1.068302557,0.77684348,1.38132625,,27,3,3,age-standardized,rate space
2014,"Central Europe, Eastern Europe, and Central Asia",25721.98187,24392.19532,27053.1812,11.55685106,22,1,1,all ages,count space
2014,Global,222569.1214,197418.1704,266132.4433,100,22,1,1,all ages,count space
2014,High-income,61685.84068,57526.73627,64878.82539,27.71536334,22,1,1,all ages,count space
2014,Latin America and Caribbean,18973.21747,18251.54179,19745.39444,8.524640502,22,1,1,all ages,count space
2014,North Africa and Middle East,21285.15868,16382.49355,27185.26018,9.563392508,22,1,1,all ages,count space
2014,South Asia,21029.89832,15930.10933,29334.2556,9.448704379,22,1,1,all ages,count space
2014,"Southeast Asia, East Asia, and Oceania",65958.50517,52371.3845,90413.003,29.63506562,22,1,1,all ages,count space
2014,Sub-Saharan Africa,7914.519191,5842.996889,10178.18809,3.555982583,22,1,1,all ages,count space
2014,"Central Europe, Eastern Europe, and Central Asia",4.780111863,4.520006442,5.045108222,,27,3,3,age-standardized,rate space
2014,Global,3.062944596,2.723117647,3.661312574,,27,3,3,age-standardized,rate space
2014,High-income,3.774340422,3.543716072,3.980949542,,27,3,3,age-standardized,rate space
2014,Latin America and Caribbean,3.640668491,3.490620487,3.791880651,,27,3,3,age-standardized,rate space
2014,North Africa and Middle East,5.179029396,4.021954657,6.774568955,,27,3,3,age-standardized,rate space
2014,South Asia,1.470314838,1.114325216,2.053835139,,27,3,3,age-standardized,rate space
2014,"Southeast Asia, East Asia, and Oceania",2.935586242,2.333979729,4.027853952,,27,3,3,age-standardized,rate space
2014,Sub-Saharan Africa,1.076903699,0.798564237,1.389923513,,27,3,3,age-standardized,rate space
2015,"Central Europe, Eastern Europe, and Central Asia",26478.59273,25120.95685,27781.88713,11.58265082,22,1,1,all ages,count space
2015,Global,228605.6374,202940.1663,273069.5915,100,22,1,1,all ages,count space
2015,High-income,63238.60427,58802.2278,66619.83444,27.66274926,22,1,1,all ages,count space
2015,Latin America and Caribbean,19497.34364,18722.51313,20261.75494,8.528811389,22,1,1,all ages,count space
2015,North Africa and Middle East,21921.69535,16907.67155,27821.28986,9.589306545,22,1,1,all ages,count space
2015,South Asia,21755.60873,16712.97708,29975.25258,9.516654519,22,1,1,all ages,count space
2015,"Southeast Asia, East Asia, and Oceania",67558.71392,53243.68895,92592.19198,29.5525144,22,1,1,all ages,count space
2015,Sub-Saharan Africa,8155.078799,6030.865466,10524.49415,3.567313077,22,1,1,all ages,count space
2015,"Central Europe, Eastern Europe, and Central Asia",4.854279999,4.594190032,5.111575952,,27,3,3,age-standardized,rate space
2015,Global,3.07326636,2.733430372,3.668685763,,27,3,3,age-standardized,rate space
2015,High-income,3.796001399,3.557063068,4.001170829,,27,3,3,age-standardized,rate space
2015,Latin America and Caribbean,3.647133848,3.490541149,3.792249539,,27,3,3,age-standardized,rate space
2015,North Africa and Middle East,5.189746447,4.030806724,6.754661566,,27,3,3,age-standardized,rate space
2015,South Asia,1.490763167,1.141887667,2.058235976,,27,3,3,age-standardized,rate space
2015,"Southeast Asia, East Asia, and Oceania",2.926546065,2.31607314,4.011952554,,27,3,3,age-standardized,rate space
2015,Sub-Saharan Africa,1.078673342,0.791904829,1.377669022,,27,3,3,age-standardized,rate space
2016,"Central Europe, Eastern Europe, and Central Asia",26830.95819,25406.9717,28071.26675,11.44296356,22,1,1,all ages,count space
2016,Global,234475.6065,208339.0651,279988.1306,100,22,1,1,all ages,count space
2016,High-income,64581.93903,60152.40709,68187.36323,27.54313764,22,1,1,all ages,count space
2016,Latin America and Caribbean,19704.20739,18811.01244,20424.66082,8.403521237,22,1,1,all ages,count space
2016,North Africa and Middle East,22603.71572,17622.16385,28645.28447,9.640113979,22,1,1,all ages,count space
2016,South Asia,22385.70291,17113.62439,30734.00537,9.547135094,22,1,1,all ages,count space
2016,"Southeast Asia, East Asia, and Oceania",69952.55282,55646.57322,95931.75131,29.83361633,22,1,1,all ages,count space
2016,Sub-Saharan Africa,8416.530412,6222.643631,10842.95063,3.589512163,22,1,1,all ages,count space
2016,"Central Europe, Eastern Europe, and Central Asia",4.851611088,4.582481182,5.083294424,,27,3,3,age-standardized,rate space
2016,Global,3.080771527,2.740786474,3.678040513,,27,3,3,age-standardized,rate space
2016,High-income,3.82383099,3.581922212,4.024581083,,27,3,3,age-standardized,rate space
2016,Latin America and Caribbean,3.593572869,3.421879187,3.7272361,,27,3,3,age-standardized,rate space
2016,North Africa and Middle East,5.206416998,4.054221736,6.773177667,,27,3,3,age-standardized,rate space
2016,South Asia,1.500030207,1.150352441,2.062281174,,27,3,3,age-standardized,rate space
2016,"Southeast Asia, East Asia, and Oceania",2.949054846,2.338813424,4.031731843,,27,3,3,age-standardized,rate space
2016,Sub-Saharan Africa,1.081913756,0.797257937,1.394680297,,27,3,3,age-standardized,rate space
2017,"Central Europe, Eastern Europe, and Central Asia",26792.62897,25536.4551,27953.26681,11.19616771,22,1,1,all ages,count space
2017,Global,239301.7831,213304.6016,285734.2903,100,22,1,1,all ages,count space
2017,High-income,65419.91647,61055.05315,69228.93033,27.33783076,22,1,1,all ages,count space
2017,Latin America and Caribbean,20028.86368,19054.01566,20741.13769,8.369709335,22,1,1,all ages,count space
2017,North Africa and Middle East,23167.79239,18023.90895,29254.03876,9.681412351,22,1,1,all ages,count space
2017,South Asia,23254.66884,17960.43547,32141.7352,9.717716491,22,1,1,all ages,count space
2017,"Southeast Asia, East Asia, and Oceania",71935.11725,57208.69608,97874.86117,30.06041841,22,1,1,all ages,count space
2017,Sub-Saharan Africa,8702.795497,6453.508894,11188.76019,3.636744944,22,1,1,all ages,count space
2017,"Central Europe, Eastern Europe, and Central Asia",4.774529573,4.537760589,4.990187517,,27,3,3,age-standardized,rate space
2017,Global,3.071710425,2.738680468,3.667732597,,27,3,3,age-standardized,rate space
2017,High-income,3.804880796,3.559317021,4.01156046,,27,3,3,age-standardized,rate space
2017,Latin America and Caribbean,3.557895441,3.377408627,3.687219804,,27,3,3,age-standardized,rate space
2017,North Africa and Middle East,5.193242087,4.045722281,6.734361119,,27,3,3,age-standardized,rate space
2017,South Asia,1.525158098,1.179450409,2.115437674,,27,3,3,age-standardized,rate space
2017,"Southeast Asia, East Asia, and Oceania",2.955626032,2.350382043,4.007687959,,27,3,3,age-standardized,rate space
2017,Sub-Saharan Africa,1.085011604,0.801247578,1.393557288,,27,3,3,age-standardized,rate space
2018,"Central Europe, Eastern Europe, and Central Asia",27184.64854,25754.70262,28402.89881,11.14985613,22,1,1,all ages,count space
2018,Global,243811.6531,217690.5495,291549.5549,100,22,1,1,all ages,count space
2018,High-income,66067.22365,61648.16358,70153.75106,27.09764805,22,1,1,all ages,count space
2018,Latin America and Caribbean,20341.74627,19255.4559,21148.66158,8.343221507,22,1,1,all ages,count space
2018,North Africa and Middle East,23656.59431,18393.22113,29982.6743,9.702815275,22,1,1,all ages,count space
2018,South Asia,23731.89779,18379.95469,32450.1963,9.733701195,22,1,1,all ages,count space
2018,"Southeast Asia, East Asia, and Oceania",73889.58805,59532.29332,99965.95637,30.30601168,22,1,1,all ages,count space
2018,Sub-Saharan Africa,8939.954433,6717.300796,11345.65413,3.666746163,22,1,1,all ages,count space
2018,"Central Europe, Eastern Europe, and Central Asia",4.780520738,4.540422257,4.996789491,,27,3,3,age-standardized,rate space
2018,Global,3.059087056,2.731082031,3.659067696,,27,3,3,age-standardized,rate space
2018,High-income,3.7768276,3.541236843,3.987218075,,27,3,3,age-standardized,rate space
2018,Latin America and Caribbean,3.526306892,3.330225923,3.668196821,,27,3,3,age-standardized,rate space
2018,North Africa and Middle East,5.151732242,4.015138198,6.702631486,,27,3,3,age-standardized,rate space
2018,South Asia,1.523685836,1.180847848,2.086636961,,27,3,3,age-standardized,rate space
2018,"Southeast Asia, East Asia, and Oceania",2.96022386,2.380091577,4.005683178,,27,3,3,age-standardized,rate space
2018,Sub-Saharan Africa,1.085902428,0.804413764,1.387876776,,27,3,3,age-standardized,rate space
2019,"Central Europe, Eastern Europe, and Central Asia",26976.55512,25491.26623,28264.0763,10.88120516,22,1,1,all ages,count space
2019,Global,247918.817,221543.839,296473.1427,100,22,1,1,all ages,count space
2019,High-income,67019.16304,62471.97786,71179.35626,27.03270524,22,1,1,all ages,count space
2019,Latin America and Caribbean,20591.5335,19370.91442,21521.53302,8.305756597,22,1,1,all ages,count space
2019,North Africa and Middle East,24325.91725,18855.55296,30963.72123,9.81204958,22,1,1,all ages,count space
2019,South Asia,24405.96899,18616.13321,33514.04732,9.84433908,22,1,1,all ages,count space
2019,"Southeast Asia, East Asia, and Oceania",75415.25348,61217.0454,102434.4296,30.41933419,22,1,1,all ages,count space
2019,Sub-Saharan Africa,9184.425671,6882.754712,11779.92602,3.704610154,22,1,1,all ages,count space
2019,"Central Europe, Eastern Europe, and Central Asia",4.689040605,4.430389668,4.904704006,,27,3,3,age-standardized,rate space
2019,Global,3.039854607,2.716898174,3.638294375,,27,3,3,age-standardized,rate space
2019,High-income,3.764245572,3.529803067,3.981737867,,27,3,3,age-standardized,rate space
2019,Latin America and Caribbean,3.481175088,3.268946111,3.640371496,,27,3,3,age-standardized,rate space
2019,North Africa and Middle East,5.15207377,3.999300556,6.726168501,,27,3,3,age-standardized,rate space
2019,South Asia,1.534409995,1.169388734,2.113315033,,27,3,3,age-standardized,rate space
2019,"Southeast Asia, East Asia, and Oceania",2.942879784,2.386452079,3.9945092,,27,3,3,age-standardized,rate space
2019,Sub-Saharan Africa,1.085773241,0.80135749,1.399285751,,27,3,3,age-standardized,rate space
2020,"Central Europe, Eastern Europe, and Central Asia",27513.44054,25979.91164,28872.12542,10.8644771,22,1,1,all ages,count space
2020,Global,253242.1975,226428.0132,302316.1659,100,22,1,1,all ages,count space
2020,High-income,67756.6985,63293.98776,71801.232,26.75569047,22,1,1,all ages,count space
2020,Latin America and Caribbean,20718.9547,19511.63882,21674.12416,8.181478008,22,1,1,all ages,count space
2020,North Africa and Middle East,24452.8571,18887.56619,31099.26684,9.655917275,22,1,1,all ages,count space
2020,South Asia,25902.94883,19362.37751,35741.98976,10.2285279,22,1,1,all ages,count space
2020,"Southeast Asia, East Asia, and Oceania",77434.88133,62451.35541,105122.0066,30.57740065,22,1,1,all ages,count space
2020,Sub-Saharan Africa,9462.416492,7014.144316,12372.44297,3.736508601,22,1,1,all ages,count space
2020,"Central Europe, Eastern Europe, and Central Asia",4.737344639,4.472895921,4.967607564,,27,3,3,age-standardized,rate space
2020,Global,3.041174578,2.716104156,3.634440738,,27,3,3,age-standardized,rate space
2020,High-income,3.773463331,3.550646759,3.998523518,,27,3,3,age-standardized,rate space
2020,Latin America and Caribbean,3.429495071,3.225563025,3.588491093,,27,3,3,age-standardized,rate space
2020,North Africa and Middle East,5.001893371,3.859822056,6.515523846,,27,3,3,age-standardized,rate space
2020,South Asia,1.591637813,1.190453645,2.200577681,,27,3,3,age-standardized,rate space
2020,"Southeast Asia, East Asia, and Oceania",2.949460786,2.375719695,3.996865031,,27,3,3,age-standardized,rate space
2020,Sub-Saharan Africa,1.071451085,0.779625975,1.409629075,,27,3,3,age-standardized,rate space
2021,"Central Europe, Eastern Europe, and Central Asia",26541.22383,25066.94016,27860.14229,10.19888534,22,1,1,all ages,count space
2021,Global,260236.5155,231397.5937,311726.9334,100,22,1,1,all ages,count space
2021,High-income,68399.32385,63970.80261,72367.87981,26.28352279,22,1,1,all ages,count space
2021,Latin America and Caribbean,21299.65756,20139.36121,22277.31082,8.184730541,22,1,1,all ages,count space
2021,North Africa and Middle East,25280.116,19599.07778,32350.67532,9.714284698,22,1,1,all ages,count space
2021,South Asia,28710.25607,21429.39621,39854.01348,11.03237031,22,1,1,all ages,count space
2021,"Southeast Asia, East Asia, and Oceania",80165.90869,64058.5776,108968.2224,30.80501925,22,1,1,all ages,count space
2021,Sub-Saharan Africa,9840.029473,7267.774955,12879.76886,3.781187069,22,1,1,all ages,count space
2021,"Central Europe, Eastern Europe, and Central Asia",4.55944076,4.303881509,4.79126397,,27,3,3,age-standardized,rate space
2021,Global,3.064888007,2.721377786,3.675647434,,27,3,3,age-standardized,rate space
2021,High-income,3.766716936,3.546178512,3.986104953,,27,3,3,age-standardized,rate space
2021,Latin America and Caribbean,3.460740587,3.26874942,3.620812383,,27,3,3,age-standardized,rate space
2021,North Africa and Middle East,5.035089515,3.902939207,6.589414156,,27,3,3,age-standardized,rate space
2021,South Asia,1.721369807,1.285260588,2.387768376,,27,3,3,age-standardized,rate space
2021,"Southeast Asia, East Asia, and Oceania",2.978703655,2.376989388,4.05356928,,27,3,3,age-standardized,rate space
2021,Sub-Saharan Africa,1.080226911,0.78549177,1.419718812,,27,3,3,age-standardized,rate space
2022,"Central Europe, Eastern Europe, and Central Asia",25998.64097,24419.30188,27362.47381,9.776229047,22,1,1,all ages,count space
2022,Global,265937.3143,232609.94,321055.4652,100,22,1,1,all ages,count space
2022,High-income,70683.13235,66177.24994,74709.77991,26.57886974,22,1,1,all ages,count space
2022,Latin America and Caribbean,22285.11816,20914.14569,23322.02088,8.379838767,22,1,1,all ages,count space
2022,North Africa and Middle East,25679.08062,20091.64908,33591.70998,9.656065259,22,1,1,all ages,count space
2022,South Asia,27315.00265,20875.93398,38547.96406,10.27121851,22,1,1,all ages,count space
2022,"Southeast Asia, East Asia, and Oceania",84164.87135,66248.23443,115455.2299,31.64838735,22,1,1,all ages,count space
2022,Sub-Saharan Africa,9811.468215,7222.562726,13174.74704,3.689391329,22,1,1,all ages,count space
2022,"Central Europe, Eastern Europe, and Central Asia",4.436605751,4.168270547,4.701341589,,27,3,3,age-standardized,rate space
2022,Global,3.065669527,2.685062759,3.704603014,,27,3,3,age-standardized,rate space
2022,High-income,3.84330122,3.622828093,4.053842489,,27,3,3,age-standardized,rate space
2022,Latin America and Caribbean,3.550784911,3.33070112,3.716956222,,27,3,3,age-standardized,rate space
2022,North Africa and Middle East,5.032470296,3.93658418,6.663467729,,27,3,3,age-standardized,rate space
2022,South Asia,1.624649241,1.244190196,2.292541833,,27,3,3,age-standardized,rate space
2022,"Southeast Asia, East Asia, and Oceania",3.051669138,2.428821655,4.191551305,,27,3,3,age-standardized,rate space
2022,Sub-Saharan Africa,1.057560982,0.772585967,1.421752704,,27,3,3,age-standardized,rate space
2023,"Central Europe, Eastern Europe, and Central Asia",26139.51755,24540.33486,27794.55796,9.90633073,22,1,1,all ages,count space
2023,Global,263866.7966,230360.1008,312930.1951,100,22,1,1,all ages,count space
2023,High-income,70951.05867,65976.09256,74751.44637,26.88896807,22,1,1,all ages,count space
2023,Latin America and Caribbean,23377.90837,21865.02115,24471.76916,8.859738579,22,1,1,all ages,count space
2023,North Africa and Middle East,26329.41929,20624.60054,34267.37252,9.978299518,22,1,1,all ages,count space
2023,South Asia,26875.24108,20818.07963,36798.96091,10.18515457,22,1,1,all ages,count space
2023,"Southeast Asia, East Asia, and Oceania",80027.13676,63800.04004,106676.3616,30.32861194,22,1,1,all ages,count space
2023,Sub-Saharan Africa,10166.51483,7450.900626,13342.32139,3.852896599,22,1,1,all ages,count space
2023,"Central Europe, Eastern Europe, and Central Asia",4.419754682,4.140553946,4.705224837,,27,3,3,age-standardized,rate space
2023,Global,2.980988611,2.60524583,3.534632901,,27,3,3,age-standardized,rate space
2023,High-income,3.812222977,3.572906864,4.008422062,,27,3,3,age-standardized,rate space
2023,Latin America and Caribbean,3.654105074,3.415799399,3.829557662,,27,3,3,age-standardized,rate space
2023,North Africa and Middle East,5.007184831,3.961890992,6.611919314,,27,3,3,age-standardized,rate space
2023,South Asia,1.565109858,1.218194446,2.149747439,,27,3,3,age-standardized,rate space
2023,"Southeast Asia, East Asia, and Oceania",2.852463101,2.286324689,3.775823262,,27,3,3,age-standardized,rate space
2023,Sub-Saharan Africa,1.065703283,0.763097049,1.401859444,,27,3,3,age-standardized,rate space
2024,"Central Europe, Eastern Europe, and Central Asia",26694.64573,24981.4349,28398.0912,9.822817605,22,1,1,all ages,count space
2024,Global,271761.5943,237518.1154,322647.0057,100,22,1,1,all ages,count space
2024,High-income,72824.70795,67741.92015,76708.21481,26.79727727,22,1,1,all ages,count space
2024,Latin America and Caribbean,24203.99545,22674.39455,25309.70266,8.906334066,22,1,1,all ages,count space
2024,North Africa and Middle East,27376.22022,21453.2743,35613.63983,10.07361628,22,1,1,all ages,count space
2024,South Asia,27784.44166,21582.13088,38013.77877,10.22382936,22,1,1,all ages,count space
2024,"Southeast Asia, East Asia, and Oceania",82385.75496,65674.44624,109494.136,30.31545173,22,1,1,all ages,count space
2024,Sub-Saharan Africa,10534.58517,7715.579708,13752.19589,3.876406889,22,1,1,all ages,count space
2024,"Central Europe, Eastern Europe, and Central Asia",4.467685831,4.17449699,4.765187752,,27,3,3,age-standardized,rate space
2024,Global,3.002655555,2.625383341,3.560757848,,27,3,3,age-standardized,rate space
2024,High-income,3.850117212,3.612318278,4.048574163,,27,3,3,age-standardized,rate space
2024,Latin America and Caribbean,3.693271096,3.452889318,3.871467183,,27,3,3,age-standardized,rate space
2024,North Africa and Middle East,5.051744065,3.998495829,6.670813465,,27,3,3,age-standardized,rate space
2024,South Asia,1.585310121,1.235390045,2.174583942,,27,3,3,age-standardized,rate space
2024,"Southeast Asia, East Asia, and Oceania",2.869377656,2.299695447,3.80033834,,27,3,3,age-standardized,rate space
2024,Sub-Saharan Africa,1.075601756,0.770647468,1.416413743,,27,3,3,age-standardized,rate space
2025,"Central Europe, Eastern Europe, and Central Asia",27235.00964,25534.05303,28841.40753,9.731634318,22,1,1,all ages,count space
2025,Global,279860.5943,244907.3291,332352.1519,100,22,1,1,all ages,count space
2025,High-income,74726.97215,69434.51584,78793.64393,26.70149841,22,1,1,all ages,count space
2025,Latin America and Caribbean,25033.01804,23462.0835,26171.65234,8.944817008,22,1,1,all ages,count space
2025,North Africa and Middle East,28482.15596,22273.48802,37003.25437,10.17726559,22,1,1,all ages,count space
2025,South Asia,28724.35044,22319.35683,39230.30717,10.2638067,22,1,1,all ages,count space
2025,"Southeast Asia, East Asia, and Oceania",84827.77284,67592.21794,112413.4223,30.31072418,22,1,1,all ages,count space
2025,Sub-Saharan Africa,10921.2962,7996.951285,14298.51526,3.90240585,22,1,1,all ages,count space
2025,"Central Europe, Eastern Europe, and Central Asia",4.513056428,4.218570841,4.801971409,,27,3,3,age-standardized,rate space
2025,Global,3.024715539,2.644670871,3.585205628,,27,3,3,age-standardized,rate space
2025,High-income,3.889490029,3.645789448,4.091328714,,27,3,3,age-standardized,rate space
2025,Latin America and Caribbean,3.729997785,3.489683573,3.915192369,,27,3,3,age-standardized,rate space
2025,North Africa and Middle East,5.099631094,4.03143305,6.718122429,,27,3,3,age-standardized,rate space
2025,South Asia,1.605530613,1.249856545,2.194489548,,27,3,3,age-standardized,rate space
2025,"Southeast Asia, East Asia, and Oceania",2.88774169,2.315422986,3.818857867,,27,3,3,age-standardized,rate space
2025,Sub-Saharan Africa,1.085597495,0.776377834,1.429904784,,27,3,3,age-standardized,rate space
2026,"Central Europe, Eastern Europe, and Central Asia",27790.142,26037.28487,29482.34305,9.646577881,22,1,1,all ages,count space
2026,Global,288082.9072,252426.0761,342330.4519,100,22,1,1,all ages,count space
2026,High-income,76633.91401,71091.40966,80891.7181,26.60134014,22,1,1,all ages,count space
2026,Latin America and Caribbean,25876.82454,24231.36233,27071.83357,8.982422731,22,1,1,all ages,count space
2026,North Africa and Middle East,29625.2837,23157.04818,38521.41313,10.28359648,22,1,1,all ages,count space
2026,South Asia,29681.02641,23126.67015,40430.54354,10.30294602,22,1,1,all ages,count space
2026,"Southeast Asia, East Asia, and Oceania",87294.59968,69538.57467,115525.6998,30.30190181,22,1,1,all ages,count space
2026,Sub-Saharan Africa,11322.34924,8317.366541,14770.37338,3.930239857,22,1,1,all ages,count space
2026,"Central Europe, Eastern Europe, and Central Asia",4.560611821,4.254362848,4.858333618,,27,3,3,age-standardized,rate space
2026,Global,3.047293934,2.665121428,3.616486311,,27,3,3,age-standardized,rate space
2026,High-income,3.929583371,3.691545032,4.133183362,,27,3,3,age-standardized,rate space
2026,Latin America and Caribbean,3.766732278,3.525948042,3.955433585,,27,3,3,age-standardized,rate space
2026,North Africa and Middle East,5.148874938,4.066277978,6.790486301,,27,3,3,age-standardized,rate space
2026,South Asia,1.62530063,1.26277091,2.223085149,,27,3,3,age-standardized,rate space
2026,"Southeast Asia, East Asia, and Oceania",2.907668672,2.332050611,3.849221145,,27,3,3,age-standardized,rate space
2026,Sub-Saharan Africa,1.095665052,0.783662251,1.43937395,,27,3,3,age-standardized,rate space
2027,"Central Europe, Eastern Europe, and Central Asia",28369.74246,26586.47505,30122.90404,9.565547576,22,1,1,all ages,count space
2027,Global,296582.5243,259959.3403,352425.7384,100,22,1,1,all ages,count space
2027,High-income,78574.39446,72756.95185,82979.02014,26.49326512,22,1,1,all ages,count space
2027,Latin America and Caribbean,26742.85312,25041.56773,27995.45839,9.017002328,22,1,1,all ages,count space
2027,North Africa and Middle East,30824.37028,24026.77929,40091.49588,10.39318495,22,1,1,all ages,count space
2027,South Asia,30672.86856,23921.37279,41748.617,10.34210247,22,1,1,all ages,count space
2027,"Southeast Asia, East Asia, and Oceania",89849.69391,71536.22305,118843.2323,30.29500613,22,1,1,all ages,count space
2027,Sub-Saharan Africa,11743.6442,8636.433946,15296.56863,3.959654814,22,1,1,all ages,count space
2027,"Central Europe, Eastern Europe, and Central Asia",4.609824538,4.299393521,4.917939202,,27,3,3,age-standardized,rate space
2027,Global,3.07067373,2.686533466,3.643307722,,27,3,3,age-standardized,rate space
2027,High-income,3.971206153,3.72664707,4.180062542,,27,3,3,age-standardized,rate space
2027,Latin America and Caribbean,3.803508973,3.564046506,3.987760406,,27,3,3,age-standardized,rate space
2027,North Africa and Middle East,5.199080144,4.102390562,6.852855055,,27,3,3,age-standardized,rate space
2027,South Asia,1.645549094,1.274607039,2.245200149,,27,3,3,age-standardized,rate space
2027,"Southeast Asia, East Asia, and Oceania",2.929383573,2.34825307,3.870645628,,27,3,3,age-standardized,rate space
2027,Sub-Saharan Africa,1.106111288,0.792703606,1.454207782,,27,3,3,age-standardized,rate space
2028,"Central Europe, Eastern Europe, and Central Asia",28965.13435,27180.53632,30783.75568,9.48149331,22,1,1,all ages,count space
2028,Global,305491.2703,267999.6323,363544.0298,100,22,1,1,all ages,count space
2028,High-income,80569.78901,74462.28981,85144.26065,26.37384333,22,1,1,all ages,count space
2028,Latin America and Caribbean,27640.56135,25892.76431,28959.89583,9.047905467,22,1,1,all ages,count space
2028,North Africa and Middle East,32098.67409,25023.63105,41860.14578,10.50723121,22,1,1,all ages,count space
2028,South Asia,31697.4845,24741.18809,43112.94493,10.37590517,22,1,1,all ages,count space
2028,"Southeast Asia, East Asia, and Oceania",92581.45318,73667.67791,122375.878,30.30576065,22,1,1,all ages,count space
2028,Sub-Saharan Africa,12186.98849,8974.294669,15842.50371,3.989308264,22,1,1,all ages,count space
2028,"Central Europe, Eastern Europe, and Central Asia",4.660062296,4.357033262,4.98264284,,27,3,3,age-standardized,rate space
2028,Global,3.094825567,2.708524512,3.675268843,,27,3,3,age-standardized,rate space
2028,High-income,4.014105608,3.768614805,4.227426166,,27,3,3,age-standardized,rate space
2028,Latin America and Caribbean,3.840616881,3.589541051,4.02479746,,27,3,3,age-standardized,rate space
2028,North Africa and Middle East,5.250372467,4.148185296,6.904979833,,27,3,3,age-standardized,rate space
2028,South Asia,1.665954332,1.288806083,2.276170013,,27,3,3,age-standardized,rate space
2028,"Southeast Asia, East Asia, and Oceania",2.953184618,2.369310387,3.899005619,,27,3,3,age-standardized,rate space
2028,Sub-Saharan Africa,1.116481478,0.799190856,1.467247978,,27,3,3,age-standardized,rate space
2029,"Central Europe, Eastern Europe, and Central Asia",29560.25511,27712.45851,31397.8505,9.392634567,22,1,1,all ages,count space
2029,Global,314717.398,276174.2735,374860.934,100,22,1,1,all ages,count space
2029,High-income,82600.71289,76218.6122,87350.86756,26.24599511,22,1,1,all ages,count space
2029,Latin America and Caribbean,28567.40945,26792.09212,29929.28803,9.077162442,22,1,1,all ages,count space
2029,North Africa and Middle East,33450.5742,26065.93966,43707.62107,10.62876549,22,1,1,all ages,count space
2029,South Asia,32746.40422,25648.77261,44463.20803,10.40501873,22,1,1,all ages,count space
2029,"Southeast Asia, East Asia, and Oceania",95444.79224,75975.03279,126125.8325,30.32714202,22,1,1,all ages,count space
2029,Sub-Saharan Africa,12654.05957,9317.261986,16473.54769,4.020769,22,1,1,all ages,count space
2029,"Central Europe, Eastern Europe, and Central Asia",4.709718217,4.396196747,5.042842424,,27,3,3,age-standardized,rate space
2029,Global,3.119564666,2.730398301,3.70653037,,27,3,3,age-standardized,rate space
2029,High-income,4.058214069,3.804533757,4.277546369,,27,3,3,age-standardized,rate space
2029,Latin America and Caribbean,3.878206509,3.620377238,4.067008669,,27,3,3,age-standardized,rate space
2029,North Africa and Middle East,5.304443394,4.209806352,6.9914127,,27,3,3,age-standardized,rate space
2029,South Asia,1.686050916,1.307369389,2.307925753,,27,3,3,age-standardized,rate space
2029,"Southeast Asia, East Asia, and Oceania",2.978394236,2.389287273,3.925967004,,27,3,3,age-standardized,rate space
2029,Sub-Saharan Africa,1.127362151,0.806758533,1.474789228,,27,3,3,age-standardized,rate space
2030,"Central Europe, Eastern Europe, and Central Asia",30162.24662,28212.07288,32079.71554,9.305296529,22,1,1,all ages,count space
2030,Global,324140.6282,284546.1379,386436.3393,100,22,1,1,all ages,count space
2030,High-income,84659.75321,78021.5825,89522.18882,26.11821717,22,1,1,all ages,count space
2030,Latin America and Caribbean,29516.57679,27692.91845,30921.52596,9.106102175,22,1,1,all ages,count space
2030,North Africa and Middle East,34851.10655,27204.81369,45550.46492,10.75184766,22,1,1,all ages,count space
2030,South Asia,33833.24761,26457.17675,45799.35891,10.43782996,22,1,1,all ages,count space
2030,"Southeast Asia, East Asia, and Oceania",98347.15499,78350.15022,129777.105,30.3408911,22,1,1,all ages,count space
2030,Sub-Saharan Africa,13141.38478,9677.761335,17117.37619,4.054223272,22,1,1,all ages,count space
2030,"Central Europe, Eastern Europe, and Central Asia",4.76004881,4.452154359,5.089544472,,27,3,3,age-standardized,rate space
2030,Global,3.144490966,2.751752301,3.734778866,,27,3,3,age-standardized,rate space
2030,High-income,4.10353151,3.8441387,4.330051977,,27,3,3,age-standardized,rate space
2030,Latin America and Caribbean,3.915825319,3.649730666,4.11026556,,27,3,3,age-standardized,rate space
2030,North Africa and Middle East,5.358617736,4.259375688,7.062301637,,27,3,3,age-standardized,rate space
2030,South Asia,1.706498886,1.321803361,2.33620242,,27,3,3,age-standardized,rate space
2030,"Southeast Asia, East Asia, and Oceania",3.003471221,2.407867398,3.952830193,,27,3,3,age-standardized,rate space
2030,Sub-Saharan Africa,1.138146369,0.814885415,1.48908193,,27,3,3,age-standardized,rate space
2031,"Central Europe, Eastern Europe, and Central Asia",30752.24337,28791.44478,32759.01085,9.216999281,22,1,1,all ages,count space
2031,Global,333647.0193,292845.2548,397863.8288,100,22,1,1,all ages,count space
2031,High-income,86711.37145,79822.3228,91776.19208,25.98895432,22,1,1,all ages,count space
2031,Latin America and Caribbean,30485.6504,28619.40074,31903.34249,9.137096583,22,1,1,all ages,count space
2031,North Africa and Middle East,36297.46819,28413.25019,47289.93959,10.87900268,22,1,1,all ages,count space
2031,South Asia,34941.54107,27354.37663,47123.67097,10.47260699,22,1,1,all ages,count space
2031,"Southeast Asia, East Asia, and Oceania",101253.0562,80702.13516,133077.7624,30.34735823,22,1,1,all ages,count space
2031,Sub-Saharan Africa,13648.92789,10055.85649,17724.55652,4.09082866,22,1,1,all ages,count space
2031,"Central Europe, Eastern Europe, and Central Asia",4.807263792,4.489673227,5.144284207,,27,3,3,age-standardized,rate space
2031,Global,3.169642934,2.774492025,3.762098863,,27,3,3,age-standardized,rate space
2031,High-income,4.149561154,3.884933747,4.37965315,,27,3,3,age-standardized,rate space
2031,Latin America and Caribbean,3.954161679,3.689117784,4.150443397,,27,3,3,age-standardized,rate space
2031,North Africa and Middle East,5.414326641,4.308982924,7.119098488,,27,3,3,age-standardized,rate space
2031,South Asia,1.726777476,1.340121023,2.361049046,,27,3,3,age-standardized,rate space
2031,"Southeast Asia, East Asia, and Oceania",3.029736708,2.430077992,3.979765842,,27,3,3,age-standardized,rate space
2031,Sub-Saharan Africa,1.14919089,0.824181954,1.506247386,,27,3,3,age-standardized,rate space
2032,"Central Europe, Eastern Europe, and Central Asia",31371.70773,29361.08885,33449.58428,9.135545496,22,1,1,all ages,count space
2032,Global,343402.6763,301169.2019,409589.916,100,22,1,1,all ages,count space
2032,High-income,88779.48016,81684.03535,94084.22546,25.85287952,22,1,1,all ages,count space
2032,Latin America and Caribbean,31472.34206,29482.49625,32939.87394,9.164850547,22,1,1,all ages,count space
2032,North Africa and Middle East,37809.52688,29615.14497,49355.52983,11.01025982,22,1,1,all ages,count space
2032,South Asia,36082.46963,28319.72059,48639.54792,10.50733501,22,1,1,all ages,count space
2032,"Southeast Asia, East Asia, and Oceania",104229.0985,83039.58092,136605.6714,30.35185969,22,1,1,all ages,count space
2032,Sub-Saharan Africa,14178.01943,10448.87349,18357.63479,4.128686353,22,1,1,all ages,count space
2032,"Central Europe, Eastern Europe, and Central Asia",4.858465446,4.543948127,5.204794953,,27,3,3,age-standardized,rate space
2032,Global,3.195695179,2.795847096,3.796592081,,27,3,3,age-standardized,rate space
2032,High-income,4.196576822,3.928823327,4.430552345,,27,3,3,age-standardized,rate space
2032,Latin America and Caribbean,3.992531619,3.723361983,4.19348898,,27,3,3,age-standardized,rate space
2032,North Africa and Middle East,5.471953501,4.352516543,7.182305568,,27,3,3,age-standardized,rate space
2032,South Asia,1.747201664,1.35858642,2.385481627,,27,3,3,age-standardized,rate space
2032,"Southeast Asia, East Asia, and Oceania",3.057969365,2.453322847,4.018024288,,27,3,3,age-standardized,rate space
2032,Sub-Saharan Africa,1.160528782,0.832864459,1.522564175,,27,3,3,age-standardized,rate space
2033,"Central Europe, Eastern Europe, and Central Asia",31973.02037,29902.99304,34077.39099,9.045492664,22,1,1,all ages,count space
2033,Global,353469.0875,309371.5094,421431.1353,100,22,1,1,all ages,count space
2033,High-income,90874.81435,83603.56968,96382.68676,25.70940927,22,1,1,all ages,count space
2033,Latin America and Caribbean,32478.67534,30438.38087,34016.0482,9.188547596,22,1,1,all ages,count space
2033,North Africa and Middle East,39407.2048,30801.11446,51481.31065,11.14869905,22,1,1,all ages,count space
2033,South Asia,37268.62255,29177.23072,50190.36722,10.54367238,22,1,1,all ages,count space
2033,"Southeast Asia, East Asia, and Oceania",107342.3853,85538.08387,140093.1757,30.36825258,22,1,1,all ages,count space
2033,Sub-Saharan Africa,14724.16368,10846.85818,19035.53026,4.165615665,22,1,1,all ages,count space
2033,"Central Europe, Eastern Europe, and Central Asia",4.905628703,4.577001927,5.257059299,,27,3,3,age-standardized,rate space
2033,Global,3.22186888,2.815857105,3.826929272,,27,3,3,age-standardized,rate space
2033,High-income,4.24447469,3.978194239,4.483745988,,27,3,3,age-standardized,rate space
2033,Latin America and Caribbean,4.03034007,3.753117074,4.235743284,,27,3,3,age-standardized,rate space
2033,North Africa and Middle East,5.531455948,4.401624328,7.252723259,,27,3,3,age-standardized,rate space
2033,South Asia,1.768192652,1.375643243,2.415495347,,27,3,3,age-standardized,rate space
2033,"Southeast Asia, East Asia, and Oceania",3.087568019,2.47971943,4.045321471,,27,3,3,age-standardized,rate space
2033,Sub-Saharan Africa,1.171573932,0.840587621,1.533801952,,27,3,3,age-standardized,rate space
2034,"Central Europe, Eastern Europe, and Central Asia",32590.11358,30452.87063,34791.35115,8.957703384,22,1,1,all ages,count space
2034,Global,363822.2006,317977.4745,434234.5152,100,22,1,1,all ages,count space
2034,High-income,92994.40769,85470.71319,98707.68386,25.56039943,22,1,1,all ages,count space
2034,Latin America and Caribbean,33528.60437,31439.36044,35102.97684,9.215656525,22,1,1,all ages,count space
2034,North Africa and Middle East,41057.1974,32122.14217,53567.26391,11.28496208,22,1,1,all ages,count space
2034,South Asia,38499.35723,30035.31534,51621.89843,10.58191533,22,1,1,all ages,count space
2034,"Southeast Asia, East Asia, and Oceania",110538.6331,88104.09527,144000.6887,30.38259703,22,1,1,all ages,count space
2034,Sub-Saharan Africa,15297.26312,11304.22115,19790.25062,4.204598591,22,1,1,all ages,count space
2034,"Central Europe, Eastern Europe, and Central Asia",4.955592437,4.603186922,5.304367617,,27,3,3,age-standardized,rate space
2034,Global,3.248753419,2.83694433,3.861489159,,27,3,3,age-standardized,rate space
2034,High-income,4.293793109,4.020178642,4.540806607,,27,3,3,age-standardized,rate space
2034,Latin America and Caribbean,4.070882974,3.792533759,4.279952926,,27,3,3,age-standardized,rate space
2034,North Africa and Middle East,5.589346241,4.448989786,7.338936284,,27,3,3,age-standardized,rate space
2034,South Asia,1.78979835,1.384885596,2.448279436,,27,3,3,age-standardized,rate space
2034,"Southeast Asia, East Asia, and Oceania",3.11756042,2.505525001,4.08181642,,27,3,3,age-standardized,rate space
2034,Sub-Saharan Africa,1.182965985,0.850240842,1.547222133,,27,3,3,age-standardized,rate space
2035,"Central Europe, Eastern Europe, and Central Asia",33206.48724,31028.25885,35481.12071,8.87103642,22,1,1,all ages,count space
2035,Global,374324.7764,326664.6418,446905.8028,100,22,1,1,all ages,count space
2035,High-income,95122.45295,87262.31711,100925.4465,25.41174375,22,1,1,all ages,count space
2035,Latin America and Caribbean,34579.6868,32409.50888,36207.63671,9.237883514,22,1,1,all ages,count space
2035,North Africa and Middle East,42772.12501,33476.49765,56002.70152,11.42647447,22,1,1,all ages,count space
2035,South Asia,39764.71348,31060.08,53216.73327,10.62305142,22,1,1,all ages,count space
2035,"Southeast Asia, East Asia, and Oceania",113760.4617,90685.01367,147925.4467,30.39084475,22,1,1,all ages,count space
2035,Sub-Saharan Africa,15894.59815,11775.48286,20638.51582,4.246205207,22,1,1,all ages,count space
2035,"Central Europe, Eastern Europe, and Central Asia",5.006344077,4.646627327,5.359175258,,27,3,3,age-standardized,rate space
2035,Global,3.275824399,2.859866839,3.892233077,,27,3,3,age-standardized,rate space
2035,High-income,4.344427865,4.061952412,4.600147879,,27,3,3,age-standardized,rate space
2035,Latin America and Caribbean,4.109964682,3.82690761,4.321846999,,27,3,3,age-standardized,rate space
2035,North Africa and Middle East,5.649399729,4.497600029,7.435052567,,27,3,3,age-standardized,rate space
2035,South Asia,1.811479858,1.399840006,2.480656056,,27,3,3,age-standardized,rate space
2035,"Southeast Asia, East Asia, and Oceania",3.147682061,2.53133215,4.117870043,,27,3,3,age-standardized,rate space
2035,Sub-Saharan Africa,1.194605411,0.858931252,1.559795181,,27,3,3,age-standardized,rate space
2036,"Central Europe, Eastern Europe, and Central Asia",33810.68542,31604.28451,36107.55388,8.784968939,22,1,1,all ages,count space
2036,Global,384869.7207,335543.9544,459654.8797,100,22,1,1,all ages,count space
2036,High-income,97217.84726,89085.76348,103250.4049,25.25993655,22,1,1,all ages,count space
2036,Latin America and Caribbean,35649.33987,33334.44809,37327.05967,9.262703182,22,1,1,all ages,count space
2036,North Africa and Middle East,44538.82255,34913.50596,58153.88097,11.57244131,22,1,1,all ages,count space
2036,South Asia,41042.36925,32014.75797,54738.41769,10.6639642,22,1,1,all ages,count space
2036,"Southeast Asia, East Asia, and Oceania",116973.5983,93187.64142,151718.6862,30.39303744,22,1,1,all ages,count space
2036,Sub-Saharan Africa,16514.83794,12223.2332,21441.50969,4.291020325,22,1,1,all ages,count space
2036,"Central Europe, Eastern Europe, and Central Asia",5.057064358,4.694880366,5.413117505,,27,3,3,age-standardized,rate space
2036,Global,3.303104763,2.88268216,3.925619391,,27,3,3,age-standardized,rate space
2036,High-income,4.395240004,4.11412834,4.658679302,,27,3,3,age-standardized,rate space
2036,Latin America and Caribbean,4.150160642,3.862724971,4.369382765,,27,3,3,age-standardized,rate space
2036,North Africa and Middle East,5.712125915,4.544651055,7.511111689,,27,3,3,age-standardized,rate space
2036,South Asia,1.832551425,1.416974831,2.505889489,,27,3,3,age-standardized,rate space
2036,"Southeast Asia, East Asia, and Oceania",3.178948682,2.55773431,4.153694569,,27,3,3,age-standardized,rate space
2036,Sub-Saharan Africa,1.206448913,0.867529553,1.573201807,,27,3,3,age-standardized,rate space
2037,"Central Europe, Eastern Europe, and Central Asia",34411.22261,32089.49091,36794.77462,8.697978638,22,1,1,all ages,count space
2037,Global,395623.2137,344227.0692,472322.5477,100,22,1,1,all ages,count space
2037,High-income,99308.07485,90941.27773,105665.9055,25.10168044,22,1,1,all ages,count space
2037,Latin America and Caribbean,36733.67788,34295.53713,38470.95162,9.285015795,22,1,1,all ages,count space
2037,North Africa and Middle East,46381.25521,36468.533,60334.34301,11.72359296,22,1,1,all ages,count space
2037,South Asia,42376.59833,33011.35539,56467.42597,10.71135284,22,1,1,all ages,count space
2037,"Southeast Asia, East Asia, and Oceania",120243.079,95652.58218,155563.2107,30.39333256,22,1,1,all ages,count space
2037,Sub-Saharan Africa,17155.08866,12701.173,22234.05624,4.336218924,22,1,1,all ages,count space
2037,"Central Europe, Eastern Europe, and Central Asia",5.106680818,4.743563122,5.460114263,,27,3,3,age-standardized,rate space
2037,Global,3.331014389,2.905100307,3.957271861,,27,3,3,age-standardized,rate space
2037,High-income,4.446710443,4.159178884,4.717707354,,27,3,3,age-standardized,rate space
2037,Latin America and Caribbean,4.190337479,3.894001114,4.41751139,,27,3,3,age-standardized,rate space
2037,North Africa and Middle East,5.776697306,4.602184207,7.595447754,,27,3,3,age-standardized,rate space
2037,South Asia,1.85486995,1.433100192,2.535821716,,27,3,3,age-standardized,rate space
2037,"Southeast Asia, East Asia, and Oceania",3.211731891,2.586041793,4.20044742,,27,3,3,age-standardized,rate space
2037,Sub-Saharan Africa,1.218265049,0.875438053,1.591096479,,27,3,3,age-standardized,rate space
2038,"Central Europe, Eastern Europe, and Central Asia",35019.73071,32598.53348,37463.81882,8.611081078,22,1,1,all ages,count space
2038,Global,406682.1622,353520.6508,485223.7585,100,22,1,1,all ages,count space
2038,High-income,101416.676,92722.65682,107869.7236,24.93757667,22,1,1,all ages,count space
2038,Latin America and Caribbean,37838.52132,35363.77176,39634.17067,9.304199897,22,1,1,all ages,count space
2038,North Africa and Middle East,48284.00516,38089.3888,62656.59254,11.87266363,22,1,1,all ages,count space
2038,South Asia,43740.15765,34072.58849,58113.91357,10.75536665,22,1,1,all ages,count space
2038,"Southeast Asia, East Asia, and Oceania",123652.6901,98248.54021,159387.1844,30.40524066,22,1,1,all ages,count space
2038,Sub-Saharan Africa,17825.00234,13195.13765,22984.63754,4.383030287,22,1,1,all ages,count space
2038,"Central Europe, Eastern Europe, and Central Asia",5.156880101,4.772224603,5.53347397,,27,3,3,age-standardized,rate space
2038,Global,3.35920698,2.928684917,3.988877143,,27,3,3,age-standardized,rate space
2038,High-income,4.499385734,4.202482332,4.77463795,,27,3,3,age-standardized,rate space
2038,Latin America and Caribbean,4.231137117,3.928750554,4.46232927,,27,3,3,age-standardized,rate space
2038,North Africa and Middle East,5.839337321,4.656172631,7.638375462,,27,3,3,age-standardized,rate space
2038,South Asia,1.876971207,1.447510048,2.562817931,,27,3,3,age-standardized,rate space
2038,"Southeast Asia, East Asia, and Oceania",3.245700558,2.616991033,4.238947685,,27,3,3,age-standardized,rate space
2038,Sub-Saharan Africa,1.230387429,0.883452667,1.609583761,,27,3,3,age-standardized,rate space
2039,"Central Europe, Eastern Europe, and Central Asia",35620.1007,33169.4377,38200.48841,8.522680705,22,1,1,all ages,count space
2039,Global,417944.7985,363133.5541,498765.8302,100,22,1,1,all ages,count space
2039,High-income,103514.2014,94604.10052,110131.7841,24.76743384,22,1,1,all ages,count space
2039,Latin America and Caribbean,38967.45851,36439.18827,40827.02013,9.323589779,22,1,1,all ages,count space
2039,North Africa and Middle East,50261.31797,39748.75475,65012.89273,12.02582689,22,1,1,all ages,count space
2039,South Asia,45150.8324,35216.68002,59979.34753,10.80306121,22,1,1,all ages,count space
2039,"Southeast Asia, East Asia, and Oceania",127121.8201,100824.1537,163587.7999,30.41593543,22,1,1,all ages,count space
2039,Sub-Saharan Africa,18519.37114,13686.98705,23717.57444,4.431056735,22,1,1,all ages,count space
2039,"Central Europe, Eastern Europe, and Central Asia",5.206787399,4.827646695,5.57842386,,27,3,3,age-standardized,rate space
2039,Global,3.387554214,2.95174292,4.025125872,,27,3,3,age-standardized,rate space
2039,High-income,4.552521145,4.251880611,4.836146613,,27,3,3,age-standardized,rate space
2039,Latin America and Caribbean,4.27221462,3.967268583,4.507979593,,27,3,3,age-standardized,rate space
2039,North Africa and Middle East,5.903748185,4.711021887,7.746154385,,27,3,3,age-standardized,rate space
2039,South Asia,1.899792021,1.461973205,2.596205867,,27,3,3,age-standardized,rate space
2039,"Southeast Asia, East Asia, and Oceania",3.279815141,2.644903218,4.286362372,,27,3,3,age-standardized,rate space
2039,Sub-Saharan Africa,1.242429689,0.890471692,1.621970372,,27,3,3,age-standardized,rate space
2040,"Central Europe, Eastern Europe, and Central Asia",36205.24173,33696.16477,38866.11539,8.434691846,22,1,1,all ages,count space
2040,Global,429242.0208,372714.8676,512380.7796,100,22,1,1,all ages,count space
2040,High-income,105597.9589,96400.5595,112491.7212,24.60103014,22,1,1,all ages,count space
2040,Latin America and Caribbean,40103.40902,37396.21109,42012.77411,9.342843217,22,1,1,all ages,count space
2040,North Africa and Middle East,52297.87826,41564.79226,67805.41667,12.18377412,22,1,1,all ages,count space
2040,South Asia,46581.4475,36387.66774,61804.74541,10.85202409,22,1,1,all ages,count space
2040,"Southeast Asia, East Asia, and Oceania",130557.4689,103296.5123,167462.8707,30.41581733,22,1,1,all ages,count space
2040,Sub-Saharan Africa,19237.71205,14225.30762,24674.78849,4.481786757,22,1,1,all ages,count space
2040,"Central Europe, Eastern Europe, and Central Asia",5.256288632,4.867098438,5.636245089,,27,3,3,age-standardized,rate space
2040,Global,3.415598977,2.973382688,4.058529224,,27,3,3,age-standardized,rate space
2040,High-income,4.606668874,4.298002964,4.89872571,,27,3,3,age-standardized,rate space
2040,Latin America and Caribbean,4.313423266,4.002090111,4.551986045,,27,3,3,age-standardized,rate space
2040,North Africa and Middle East,5.969715317,4.765886484,7.799167136,,27,3,3,age-standardized,rate space
2040,South Asia,1.922329697,1.474213978,2.625124768,,27,3,3,age-standardized,rate space
2040,"Southeast Asia, East Asia, and Oceania",3.313448121,2.673708907,4.32937743,,27,3,3,age-standardized,rate space
2040,Sub-Saharan Africa,1.254571116,0.899093911,1.642578593,,27,3,3,age-standardized,rate space
2041,"Central Europe, Eastern Europe, and Central Asia",36804.99859,34206.0078,39495.70809,8.354667464,22,1,1,all ages,count space
2041,Global,440532.1785,382296.4686,525894.038,100,22,1,1,all ages,count space
2041,High-income,107655.0513,98245.96104,114717.7788,24.43750005,22,1,1,all ages,count space
2041,Latin America and Caribbean,41250.05279,38494.3391,43215.66731,9.363686649,22,1,1,all ages,count space
2041,North Africa and Middle East,54370.61535,43205.67173,70785.61324,12.34203039,22,1,1,all ages,count space
2041,South Asia,48049.59759,37499.43396,63844.23123,10.9071709,22,1,1,all ages,count space
2041,"Southeast Asia, East Asia, and Oceania",133903.0387,105885.1733,171527.2299,30.39574524,22,1,1,all ages,count space
2041,Sub-Saharan Africa,19978.5915,14767.14441,25598.35441,4.535103785,22,1,1,all ages,count space
2041,"Central Europe, Eastern Europe, and Central Asia",5.310528941,4.908489444,5.704715374,,27,3,3,age-standardized,rate space
2041,Global,3.444094632,2.996003769,4.093573321,,27,3,3,age-standardized,rate space
2041,High-income,4.661821771,4.350853391,4.96008706,,27,3,3,age-standardized,rate space
2041,Latin America and Caribbean,4.355297873,4.031819139,4.599626959,,27,3,3,age-standardized,rate space
2041,North Africa and Middle East,6.036834072,4.812388288,7.867887171,,27,3,3,age-standardized,rate space
2041,South Asia,1.945473114,1.490264107,2.664083482,,27,3,3,age-standardized,rate space
2041,"Southeast Asia, East Asia, and Oceania",3.347975778,2.700523883,4.373020602,,27,3,3,age-standardized,rate space
2041,Sub-Saharan Africa,1.266712762,0.907588136,1.654115419,,27,3,3,age-standardized,rate space
2042,"Central Europe, Eastern Europe, and Central Asia",37390.09435,34679.5274,40197.89438,8.27453506,22,1,1,all ages,count space
2042,Global,451869.4293,392217.8692,539094.4884,100,22,1,1,all ages,count space
2042,High-income,109698.1827,100012.711,116941.1576,24.27652228,22,1,1,all ages,count space
2042,Latin America and Caribbean,42407.87849,39513.3022,44418.69022,9.384985075,22,1,1,all ages,count space
2042,North Africa and Middle East,56503.93679,44955.73323,73519.27572,12.50448318,22,1,1,all ages,count space
2042,South Asia,49535.15263,38743.15207,65693.32076,10.96227127,22,1,1,all ages,count space
2042,"Southeast Asia, East Asia, and Oceania",137217.2426,108560.9007,175563.9258,30.36656913,22,1,1,all ages,count space
2042,Sub-Saharan Africa,20752.03205,15323.60929,26645.61783,4.59248418,22,1,1,all ages,count space
2042,"Central Europe, Eastern Europe, and Central Asia",5.363840447,4.952137724,5.770296752,,27,3,3,age-standardized,rate space
2042,Global,3.472511623,3.018987224,4.121247785,,27,3,3,age-standardized,rate space
2042,High-income,4.718155714,4.397735266,5.029058075,,27,3,3,age-standardized,rate space
2042,Latin America and Caribbean,4.397625564,4.069894585,4.6528553,,27,3,3,age-standardized,rate space
2042,North Africa and Middle East,6.104839867,4.871118414,7.956421081,,27,3,3,age-standardized,rate space
2042,South Asia,1.968352612,1.506172653,2.695598385,,27,3,3,age-standardized,rate space
2042,"Southeast Asia, East Asia, and Oceania",3.383517558,2.730539782,4.413870146,,27,3,3,age-standardized,rate space
2042,Sub-Saharan Africa,1.279149317,0.91600531,1.669353136,,27,3,3,age-standardized,rate space
2043,"Central Europe, Eastern Europe, and Central Asia",37983.86913,35193.04481,40874.0725,8.196041356,22,1,1,all ages,count space
2043,Global,463441.6479,401697.1686,552533.3564,100,22,1,1,all ages,count space
2043,High-income,111727.1965,101797.0197,119225.6953,24.10814759,22,1,1,all ages,count space
2043,Latin America and Caribbean,43578.03626,40552.44248,45670.70198,9.403133372,22,1,1,all ages,count space
2043,North Africa and Middle East,58725.53273,46605.90612,76501.24138,12.67161313,22,1,1,all ages,count space
2043,South Asia,51081.8131,39858.9799,67685.45283,11.02227504,22,1,1,all ages,count space
2043,"Southeast Asia, East Asia, and Oceania",140591.3512,111226.8548,179394.2973,30.33636528,22,1,1,all ages,count space
2043,Sub-Saharan Africa,21551.13037,15902.16131,27587.01413,4.650236005,22,1,1,all ages,count space
2043,"Central Europe, Eastern Europe, and Central Asia",5.417928774,4.992495138,5.833198541,,27,3,3,age-standardized,rate space
2043,Global,3.501037663,3.041505363,4.152640946,,27,3,3,age-standardized,rate space
2043,High-income,4.775055125,4.444354941,5.098966443,,27,3,3,age-standardized,rate space
2043,Latin America and Caribbean,4.439462703,4.095176569,4.696536523,,27,3,3,age-standardized,rate space
2043,North Africa and Middle East,6.173732238,4.926063698,8.050750249,,27,3,3,age-standardized,rate space
2043,South Asia,1.992530188,1.520415444,2.726246186,,27,3,3,age-standardized,rate space
2043,"Southeast Asia, East Asia, and Oceania",3.419529709,2.760565136,4.463392064,,27,3,3,age-standardized,rate space
2043,Sub-Saharan Africa,1.291523304,0.924624162,1.685534481,,27,3,3,age-standardized,rate space
2044,"Central Europe, Eastern Europe, and Central Asia",38580.72058,35842.16588,41558.48317,8.118504127,22,1,1,all ages,count space
2044,Global,475219.5722,411482.3534,567495.5213,100,22,1,1,all ages,count space
2044,High-income,113741.7228,103629.5586,121555.699,23.93456192,22,1,1,all ages,count space
2044,Latin America and Caribbean,44768.02609,41653.63458,46909.39387,9.420492907,22,1,1,all ages,count space
2044,North Africa and Middle East,61016.97502,48336.60656,79184.98154,12.83974369,22,1,1,all ages,count space
2044,South Asia,52667.72733,41036.05929,69814.45986,11.08281948,22,1,1,all ages,count space
2044,"Southeast Asia, East Asia, and Oceania",144024.7939,113757.7169,183382.2312,30.30699962,22,1,1,all ages,count space
2044,Sub-Saharan Africa,22386.83718,16514.12833,28683.81024,4.710840733,22,1,1,all ages,count space
2044,"Central Europe, Eastern Europe, and Central Asia",5.473807348,5.039150968,5.893071436,,27,3,3,age-standardized,rate space
2044,Global,3.530142166,3.065190547,4.190323439,,27,3,3,age-standardized,rate space
2044,High-income,4.832621047,4.491814998,5.173215978,,27,3,3,age-standardized,rate space
2044,Latin America and Caribbean,4.482611917,4.135203982,4.745763661,,27,3,3,age-standardized,rate space
2044,North Africa and Middle East,6.243691439,4.973705029,8.160785181,,27,3,3,age-standardized,rate space
2044,South Asia,2.017049927,1.538645567,2.755872145,,27,3,3,age-standardized,rate space
2044,"Southeast Asia, East Asia, and Oceania",3.456251992,2.789561321,4.515105357,,27,3,3,age-standardized,rate space
2044,Sub-Saharan Africa,1.304120807,0.933939523,1.703917744,,27,3,3,age-standardized,rate space
2045,"Central Europe, Eastern Europe, and Central Asia",39157.70958,36305.11419,42240.4594,8.040562578,22,1,1,all ages,count space
2045,Global,487002.1121,421143.5034,582216.9042,100,22,1,1,all ages,count space
2045,High-income,115739.8978,105380.8218,123814.3493,23.76578969,22,1,1,all ages,count space
2045,Latin America and Caribbean,45962.6766,42703.22204,48142.55014,9.437880342,22,1,1,all ages,count space
2045,North Africa and Middle East,63342.04778,50167.13819,81771.32826,13.00652424,22,1,1,all ages,count space
2045,South Asia,54293.98532,42189.65226,71814.52478,11.14861393,22,1,1,all ages,count space
2045,"Southeast Asia, East Asia, and Oceania",147408.0164,116422.2309,187277.9629,30.26845526,22,1,1,all ages,count space
2045,Sub-Saharan Africa,23245.34245,17138.15778,29800.5634,4.773150232,22,1,1,all ages,count space
2045,"Central Europe, Eastern Europe, and Central Asia",5.528747908,5.087187258,5.974377776,,27,3,3,age-standardized,rate space
2045,Global,3.558943955,3.089269556,4.222043435,,27,3,3,age-standardized,rate space
2045,High-income,4.890820766,4.54444713,5.23924276,,27,3,3,age-standardized,rate space
2045,Latin America and Caribbean,4.525673578,4.163743377,4.798915233,,27,3,3,age-standardized,rate space
2045,North Africa and Middle East,6.313151204,5.027509624,8.254209688,,27,3,3,age-standardized,rate space
2045,South Asia,2.041831022,1.555263114,2.783376184,,27,3,3,age-standardized,rate space
2045,"Southeast Asia, East Asia, and Oceania",3.492696932,2.819543754,4.562762752,,27,3,3,age-standardized,rate space
2045,Sub-Saharan Africa,1.316645109,0.943562673,1.722937778,,27,3,3,age-standardized,rate space
2046,"Central Europe, Eastern Europe, and Central Asia",39718.10307,36714.74768,42826.04843,7.962662581,22,1,1,all ages,count space
2046,Global,498804.2965,430813.8404,596415.2942,100,22,1,1,all ages,count space
2046,High-income,117712.8507,107060.7234,126127.2675,23.59900496,22,1,1,all ages,count space
2046,Latin America and Caribbean,47162.10494,43753.00963,49423.47136,9.455031817,22,1,1,all ages,count space
2046,North Africa and Middle East,65732.7224,51948.34649,84755.2727,13.17805858,22,1,1,all ages,count space
2046,South Asia,55942.3244,43277.34291,74020.30676,11.21528519,22,1,1,all ages,count space
2046,"Southeast Asia, East Asia, and Oceania",150750.8487,119350.3803,191426.1343,30.22244391,22,1,1,all ages,count space
2046,Sub-Saharan Africa,24126.91377,17784.28193,30935.47587,4.836949869,22,1,1,all ages,count space
2046,"Central Europe, Eastern Europe, and Central Asia",5.582891813,5.123380634,6.038298511,,27,3,3,age-standardized,rate space
2046,Global,3.588399631,3.113229379,4.258547639,,27,3,3,age-standardized,rate space
2046,High-income,4.950156304,4.594138695,5.310051623,,27,3,3,age-standardized,rate space
2046,Latin America and Caribbean,4.569385255,4.199040375,4.854813607,,27,3,3,age-standardized,rate space
2046,North Africa and Middle East,6.386680585,5.08093575,8.372917859,,27,3,3,age-standardized,rate space
2046,South Asia,2.066565184,1.574638829,2.817501237,,27,3,3,age-standardized,rate space
2046,"Southeast Asia, East Asia, and Oceania",3.531132024,2.851971271,4.608813953,,27,3,3,age-standardized,rate space
2046,Sub-Saharan Africa,1.328983049,0.953366636,1.741687162,,27,3,3,age-standardized,rate space
2047,"Central Europe, Eastern Europe, and Central Asia",40304.70902,37214.20334,43450.06042,7.890919961,22,1,1,all ages,count space
2047,Global,510773.2585,441506.9561,610801.6208,100,22,1,1,all ages,count space
2047,High-income,119692.9952,108718.8489,128162.996,23.43368475,22,1,1,all ages,count space
2047,Latin America and Caribbean,48382.40774,44813.85986,50695.40117,9.472384651,22,1,1,all ages,count space
2047,North Africa and Middle East,68193.93137,53761.73426,87958.37477,13.35111622,22,1,1,all ages,count space
2047,South Asia,57628.27731,44453.07172,76160.84611,11.28255568,22,1,1,all ages,count space
2047,"Southeast Asia, East Asia, and Oceania",154073.2318,122341.3924,195760.4581,30.16470209,22,1,1,all ages,count space
2047,Sub-Saharan Africa,25047.76997,18445.54656,32104.59503,4.903892196,22,1,1,all ages,count space
2047,"Central Europe, Eastern Europe, and Central Asia",5.640717281,5.179188788,6.090828895,,27,3,3,age-standardized,rate space
2047,Global,3.618696855,3.138855228,4.294358634,,27,3,3,age-standardized,rate space
2047,High-income,5.011265467,4.650728867,5.384960116,,27,3,3,age-standardized,rate space
2047,Latin America and Caribbean,4.614485471,4.239117779,4.907075676,,27,3,3,age-standardized,rate space
2047,North Africa and Middle East,6.462194128,5.137701299,8.523072973,,27,3,3,age-standardized,rate space
2047,South Asia,2.091727894,1.592648857,2.847922765,,27,3,3,age-standardized,rate space
2047,"Southeast Asia, East Asia, and Oceania",3.570316661,2.88408941,4.657978769,,27,3,3,age-standardized,rate space
2047,Sub-Saharan Africa,1.341808109,0.962659101,1.75474104,,27,3,3,age-standardized,rate space
2048,"Central Europe, Eastern Europe, and Central Asia",40880.35977,37761.9043,44147.07574,7.817241841,22,1,1,all ages,count space
2048,Global,522951.1969,452030.0574,625988.1624,100,22,1,1,all ages,count space
2048,High-income,121651.548,110367.2601,130259.5649,23.26250495,22,1,1,all ages,count space
2048,Latin America and Caribbean,49615.19493,45932.38274,52050.98168,9.487538269,22,1,1,all ages,count space
2048,North Africa and Middle East,70752.82645,55700.34462,91066.1429,13.52952759,22,1,1,all ages,count space
2048,South Asia,59347.61729,45593.54372,78589.04584,11.34859575,22,1,1,all ages,count space
2048,"Southeast Asia, East Asia, and Oceania",157469.7875,125086.266,200346.2973,30.11175583,22,1,1,all ages,count space
2048,Sub-Saharan Africa,26002.31607,19161.74967,33442.43524,4.972226132,22,1,1,all ages,count space
2048,"Central Europe, Eastern Europe, and Central Asia",5.696382539,5.224998931,6.162079378,,27,3,3,age-standardized,rate space
2048,Global,3.649057173,3.163418897,4.327948234,,27,3,3,age-standardized,rate space
2048,High-income,5.072227752,4.697244752,5.465370565,,27,3,3,age-standardized,rate space
2048,Latin America and Caribbean,4.659702371,4.276058978,4.958948874,,27,3,3,age-standardized,rate space
2048,North Africa and Middle East,6.539414782,5.188801607,8.619022228,,27,3,3,age-standardized,rate space
2048,South Asia,2.116909936,1.608425025,2.878827911,,27,3,3,age-standardized,rate space
2048,"Southeast Asia, East Asia, and Oceania",3.610259509,2.919043592,4.716821039,,27,3,3,age-standardized,rate space
2048,Sub-Saharan Africa,1.354500853,0.971736295,1.769244553,,27,3,3,age-standardized,rate space
2049,"Central Europe, Eastern Europe, and Central Asia",41445.27052,38288.91629,44855.82316,7.743263787,22,1,1,all ages,count space
2049,Global,535242.9113,462719.2244,641114.9678,100,22,1,1,all ages,count space
2049,High-income,123609.3501,112091.5701,132487.5015,23.09406579,22,1,1,all ages,count space
2049,Latin America and Caribbean,50866.02944,47107.22933,53419.41144,9.503354153,22,1,1,all ages,count space
2049,North Africa and Middle East,73364.71917,57597.30192,94376.95121,13.70680818,22,1,1,all ages,count space
2049,South Asia,61104.74696,46779.84537,80824.21097,11.41626459,22,1,1,all ages,count space
2049,"Southeast Asia, East Asia, and Oceania",160862.5728,127827.499,205362.493,30.05412484,22,1,1,all ages,count space
2049,Sub-Saharan Africa,26988.20827,19854.22149,34778.74206,5.042235534,22,1,1,all ages,count space
2049,"Central Europe, Eastern Europe, and Central Asia",5.751051458,5.27665078,6.236137965,,27,3,3,age-standardized,rate space
2049,Global,3.679668228,3.187902431,4.36498365,,27,3,3,age-standardized,rate space
2049,High-income,5.134355142,4.748771342,5.535392466,,27,3,3,age-standardized,rate space
2049,Latin America and Caribbean,4.705863558,4.317229254,5.014552986,,27,3,3,age-standardized,rate space
2049,North Africa and Middle East,6.617050325,5.248567274,8.70778481,,27,3,3,age-standardized,rate space
2049,South Asia,2.142397452,1.630886247,2.90726263,,27,3,3,age-standardized,rate space
2049,"Southeast Asia, East Asia, and Oceania",3.650658439,2.952468701,4.76938682,,27,3,3,age-standardized,rate space
2049,Sub-Saharan Africa,1.367085386,0.979580261,1.784679602,,27,3,3,age-standardized,rate space
2050,"Central Europe, Eastern Europe, and Central Asia",42026.25645,38770.46323,45477.51615,7.676322541,22,1,1,all ages,count space
2050,Global,547479.0335,472999.657,655082.3129,100,22,1,1,all ages,count space
2050,High-income,125573.3014,113631.8936,134605.5964,22.93664118,22,1,1,all ages,count space
2050,Latin America and Caribbean,52117.46692,48136.49698,54806.49895,9.519536591,22,1,1,all ages,count space
2050,North Africa and Middle East,76034.5162,59646.77083,98089.91208,13.88811471,22,1,1,all ages,count space
2050,South Asia,62871.60142,48073.07299,83162.92253,11.48383729,22,1,1,all ages,count space
2050,"Southeast Asia, East Asia, and Oceania",164097.6322,130485.4046,210412.4607,29.97331809,22,1,1,all ages,count space
2050,Sub-Saharan Africa,28010.03645,20619.4188,36065.2352,5.116184318,22,1,1,all ages,count space
2050,"Central Europe, Eastern Europe, and Central Asia",5.810938735,5.326216666,6.311920321,,27,3,3,age-standardized,rate space
2050,Global,3.710146924,3.214480253,4.40178321,,27,3,3,age-standardized,rate space
2050,High-income,5.19825194,4.807580641,5.606810037,,27,3,3,age-standardized,rate space
2050,Latin America and Caribbean,4.752349497,4.354557844,5.072378181,,27,3,3,age-standardized,rate space
2050,North Africa and Middle East,6.696661125,5.318999266,8.809091907,,27,3,3,age-standardized,rate space
2050,South Asia,2.167521901,1.643951012,2.933119942,,27,3,3,age-standardized,rate space
2050,"Southeast Asia, East Asia, and Oceania",3.690620809,2.986659469,4.82582704,,27,3,3,age-standardized,rate space
2050,Sub-Saharan Africa,1.379930814,0.989108873,1.800166674,,27,3,3,age-standardized,rate space
